0x00000000 GWRITE
0x00000000 G_ACT0
0x08000000 G_ACT1
0x10000000 G_ACT2
0x18000000 G_ACT3
0x00000000 COMP
0x00000040 COMP
0x00000080 COMP
0x000000c0 COMP
0x00000100 COMP
0x00000140 COMP
0x00000180 COMP
0x000001c0 COMP
0x00000200 COMP
0x00000240 COMP
0x00000280 COMP
0x000002c0 COMP
0x00000300 COMP
0x00000340 COMP
0x00000380 COMP
0x000003c0 COMP
READRES
0x00000800 G_ACT0
0x08000800 G_ACT1
0x10000800 G_ACT2
0x18000800 G_ACT3
0x00000800 COMP
0x00000840 COMP
0x00000880 COMP
0x000008c0 COMP
0x00000900 COMP
0x00000940 COMP
0x00000980 COMP
0x000009c0 COMP
0x00000a00 COMP
0x00000a40 COMP
0x00000a80 COMP
0x00000ac0 COMP
0x00000b00 COMP
0x00000b40 COMP
0x00000b80 COMP
0x00000bc0 COMP
READRES
0x00001000 G_ACT0
0x08001000 G_ACT1
0x10001000 G_ACT2
0x18001000 G_ACT3
0x00001000 COMP
0x00001040 COMP
0x00001080 COMP
0x000010c0 COMP
0x00001100 COMP
0x00001140 COMP
0x00001180 COMP
0x000011c0 COMP
0x00001200 COMP
0x00001240 COMP
0x00001280 COMP
0x000012c0 COMP
0x00001300 COMP
0x00001340 COMP
0x00001380 COMP
0x000013c0 COMP
READRES
0x00001800 G_ACT0
0x08001800 G_ACT1
0x10001800 G_ACT2
0x18001800 G_ACT3
0x00001800 COMP
0x00001840 COMP
0x00001880 COMP
0x000018c0 COMP
0x00001900 COMP
0x00001940 COMP
0x00001980 COMP
0x000019c0 COMP
0x00001a00 COMP
0x00001a40 COMP
0x00001a80 COMP
0x00001ac0 COMP
0x00001b00 COMP
0x00001b40 COMP
0x00001b80 COMP
0x00001bc0 COMP
READRES
0x00002000 G_ACT0
0x08002000 G_ACT1
0x10002000 G_ACT2
0x18002000 G_ACT3
0x00002000 COMP
0x00002040 COMP
0x00002080 COMP
0x000020c0 COMP
0x00002100 COMP
0x00002140 COMP
0x00002180 COMP
0x000021c0 COMP
0x00002200 COMP
0x00002240 COMP
0x00002280 COMP
0x000022c0 COMP
0x00002300 COMP
0x00002340 COMP
0x00002380 COMP
0x000023c0 COMP
READRES
0x00002800 G_ACT0
0x08002800 G_ACT1
0x10002800 G_ACT2
0x18002800 G_ACT3
0x00002800 COMP
0x00002840 COMP
0x00002880 COMP
0x000028c0 COMP
0x00002900 COMP
0x00002940 COMP
0x00002980 COMP
0x000029c0 COMP
0x00002a00 COMP
0x00002a40 COMP
0x00002a80 COMP
0x00002ac0 COMP
0x00002b00 COMP
0x00002b40 COMP
0x00002b80 COMP
0x00002bc0 COMP
READRES
0x00003000 G_ACT0
0x08003000 G_ACT1
0x10003000 G_ACT2
0x18003000 G_ACT3
0x00003000 COMP
0x00003040 COMP
0x00003080 COMP
0x000030c0 COMP
0x00003100 COMP
0x00003140 COMP
0x00003180 COMP
0x000031c0 COMP
0x00003200 COMP
0x00003240 COMP
0x00003280 COMP
0x000032c0 COMP
0x00003300 COMP
0x00003340 COMP
0x00003380 COMP
0x000033c0 COMP
READRES
0x00003800 G_ACT0
0x08003800 G_ACT1
0x10003800 G_ACT2
0x18003800 G_ACT3
0x00003800 COMP
0x00003840 COMP
0x00003880 COMP
0x000038c0 COMP
0x00003900 COMP
0x00003940 COMP
0x00003980 COMP
0x000039c0 COMP
0x00003a00 COMP
0x00003a40 COMP
0x00003a80 COMP
0x00003ac0 COMP
0x00003b00 COMP
0x00003b40 COMP
0x00003b80 COMP
0x00003bc0 COMP
READRES
0x00004000 G_ACT0
0x08004000 G_ACT1
0x10004000 G_ACT2
0x18004000 G_ACT3
0x00004000 COMP
0x00004040 COMP
0x00004080 COMP
0x000040c0 COMP
0x00004100 COMP
0x00004140 COMP
0x00004180 COMP
0x000041c0 COMP
0x00004200 COMP
0x00004240 COMP
0x00004280 COMP
0x000042c0 COMP
0x00004300 COMP
0x00004340 COMP
0x00004380 COMP
0x000043c0 COMP
READRES
0x00004800 G_ACT0
0x08004800 G_ACT1
0x10004800 G_ACT2
0x18004800 G_ACT3
0x00004800 COMP
0x00004840 COMP
0x00004880 COMP
0x000048c0 COMP
0x00004900 COMP
0x00004940 COMP
0x00004980 COMP
0x000049c0 COMP
0x00004a00 COMP
0x00004a40 COMP
0x00004a80 COMP
0x00004ac0 COMP
0x00004b00 COMP
0x00004b40 COMP
0x00004b80 COMP
0x00004bc0 COMP
READRES
0x00005000 G_ACT0
0x08005000 G_ACT1
0x10005000 G_ACT2
0x18005000 G_ACT3
0x00005000 COMP
0x00005040 COMP
0x00005080 COMP
0x000050c0 COMP
0x00005100 COMP
0x00005140 COMP
0x00005180 COMP
0x000051c0 COMP
0x00005200 COMP
0x00005240 COMP
0x00005280 COMP
0x000052c0 COMP
0x00005300 COMP
0x00005340 COMP
0x00005380 COMP
0x000053c0 COMP
READRES
0x00005800 G_ACT0
0x08005800 G_ACT1
0x10005800 G_ACT2
0x18005800 G_ACT3
0x00005800 COMP
0x00005840 COMP
0x00005880 COMP
0x000058c0 COMP
0x00005900 COMP
0x00005940 COMP
0x00005980 COMP
0x000059c0 COMP
0x00005a00 COMP
0x00005a40 COMP
0x00005a80 COMP
0x00005ac0 COMP
0x00005b00 COMP
0x00005b40 COMP
0x00005b80 COMP
0x00005bc0 COMP
READRES
0x00006000 G_ACT0
0x08006000 G_ACT1
0x10006000 G_ACT2
0x18006000 G_ACT3
0x00006000 COMP
0x00006040 COMP
0x00006080 COMP
0x000060c0 COMP
0x00006100 COMP
0x00006140 COMP
0x00006180 COMP
0x000061c0 COMP
0x00006200 COMP
0x00006240 COMP
0x00006280 COMP
0x000062c0 COMP
0x00006300 COMP
0x00006340 COMP
0x00006380 COMP
0x000063c0 COMP
READRES
0x00006800 G_ACT0
0x08006800 G_ACT1
0x10006800 G_ACT2
0x18006800 G_ACT3
0x00006800 COMP
0x00006840 COMP
0x00006880 COMP
0x000068c0 COMP
0x00006900 COMP
0x00006940 COMP
0x00006980 COMP
0x000069c0 COMP
0x00006a00 COMP
0x00006a40 COMP
0x00006a80 COMP
0x00006ac0 COMP
0x00006b00 COMP
0x00006b40 COMP
0x00006b80 COMP
0x00006bc0 COMP
READRES
0x00007000 G_ACT0
0x08007000 G_ACT1
0x10007000 G_ACT2
0x18007000 G_ACT3
0x00007000 COMP
0x00007040 COMP
0x00007080 COMP
0x000070c0 COMP
0x00007100 COMP
0x00007140 COMP
0x00007180 COMP
0x000071c0 COMP
0x00007200 COMP
0x00007240 COMP
0x00007280 COMP
0x000072c0 COMP
0x00007300 COMP
0x00007340 COMP
0x00007380 COMP
0x000073c0 COMP
READRES
0x00007800 G_ACT0
0x08007800 G_ACT1
0x10007800 G_ACT2
0x18007800 G_ACT3
0x00007800 COMP
0x00007840 COMP
0x00007880 COMP
0x000078c0 COMP
0x00007900 COMP
0x00007940 COMP
0x00007980 COMP
0x000079c0 COMP
0x00007a00 COMP
0x00007a40 COMP
0x00007a80 COMP
0x00007ac0 COMP
0x00007b00 COMP
0x00007b40 COMP
0x00007b80 COMP
0x00007bc0 COMP
READRES
0x00008000 G_ACT0
0x08008000 G_ACT1
0x10008000 G_ACT2
0x18008000 G_ACT3
0x00008000 COMP
0x00008040 COMP
0x00008080 COMP
0x000080c0 COMP
0x00008100 COMP
0x00008140 COMP
0x00008180 COMP
0x000081c0 COMP
0x00008200 COMP
0x00008240 COMP
0x00008280 COMP
0x000082c0 COMP
0x00008300 COMP
0x00008340 COMP
0x00008380 COMP
0x000083c0 COMP
READRES
0x00008800 G_ACT0
0x08008800 G_ACT1
0x10008800 G_ACT2
0x18008800 G_ACT3
0x00008800 COMP
0x00008840 COMP
0x00008880 COMP
0x000088c0 COMP
0x00008900 COMP
0x00008940 COMP
0x00008980 COMP
0x000089c0 COMP
0x00008a00 COMP
0x00008a40 COMP
0x00008a80 COMP
0x00008ac0 COMP
0x00008b00 COMP
0x00008b40 COMP
0x00008b80 COMP
0x00008bc0 COMP
READRES
0x00009000 G_ACT0
0x08009000 G_ACT1
0x10009000 G_ACT2
0x18009000 G_ACT3
0x00009000 COMP
0x00009040 COMP
0x00009080 COMP
0x000090c0 COMP
0x00009100 COMP
0x00009140 COMP
0x00009180 COMP
0x000091c0 COMP
0x00009200 COMP
0x00009240 COMP
0x00009280 COMP
0x000092c0 COMP
0x00009300 COMP
0x00009340 COMP
0x00009380 COMP
0x000093c0 COMP
READRES
0x00009800 G_ACT0
0x08009800 G_ACT1
0x10009800 G_ACT2
0x18009800 G_ACT3
0x00009800 COMP
0x00009840 COMP
0x00009880 COMP
0x000098c0 COMP
0x00009900 COMP
0x00009940 COMP
0x00009980 COMP
0x000099c0 COMP
0x00009a00 COMP
0x00009a40 COMP
0x00009a80 COMP
0x00009ac0 COMP
0x00009b00 COMP
0x00009b40 COMP
0x00009b80 COMP
0x00009bc0 COMP
READRES
0x0000a000 G_ACT0
0x0800a000 G_ACT1
0x1000a000 G_ACT2
0x1800a000 G_ACT3
0x0000a000 COMP
0x0000a040 COMP
0x0000a080 COMP
0x0000a0c0 COMP
0x0000a100 COMP
0x0000a140 COMP
0x0000a180 COMP
0x0000a1c0 COMP
0x0000a200 COMP
0x0000a240 COMP
0x0000a280 COMP
0x0000a2c0 COMP
0x0000a300 COMP
0x0000a340 COMP
0x0000a380 COMP
0x0000a3c0 COMP
READRES
0x0000a800 G_ACT0
0x0800a800 G_ACT1
0x1000a800 G_ACT2
0x1800a800 G_ACT3
0x0000a800 COMP
0x0000a840 COMP
0x0000a880 COMP
0x0000a8c0 COMP
0x0000a900 COMP
0x0000a940 COMP
0x0000a980 COMP
0x0000a9c0 COMP
0x0000aa00 COMP
0x0000aa40 COMP
0x0000aa80 COMP
0x0000aac0 COMP
0x0000ab00 COMP
0x0000ab40 COMP
0x0000ab80 COMP
0x0000abc0 COMP
READRES
0x0000b000 G_ACT0
0x0800b000 G_ACT1
0x1000b000 G_ACT2
0x1800b000 G_ACT3
0x0000b000 COMP
0x0000b040 COMP
0x0000b080 COMP
0x0000b0c0 COMP
0x0000b100 COMP
0x0000b140 COMP
0x0000b180 COMP
0x0000b1c0 COMP
0x0000b200 COMP
0x0000b240 COMP
0x0000b280 COMP
0x0000b2c0 COMP
0x0000b300 COMP
0x0000b340 COMP
0x0000b380 COMP
0x0000b3c0 COMP
READRES
0x0000b800 G_ACT0
0x0800b800 G_ACT1
0x1000b800 G_ACT2
0x1800b800 G_ACT3
0x0000b800 COMP
0x0000b840 COMP
0x0000b880 COMP
0x0000b8c0 COMP
0x0000b900 COMP
0x0000b940 COMP
0x0000b980 COMP
0x0000b9c0 COMP
0x0000ba00 COMP
0x0000ba40 COMP
0x0000ba80 COMP
0x0000bac0 COMP
0x0000bb00 COMP
0x0000bb40 COMP
0x0000bb80 COMP
0x0000bbc0 COMP
READRES
0x0000c000 G_ACT0
0x0800c000 G_ACT1
0x1000c000 G_ACT2
0x1800c000 G_ACT3
0x0000c000 COMP
0x0000c040 COMP
0x0000c080 COMP
0x0000c0c0 COMP
0x0000c100 COMP
0x0000c140 COMP
0x0000c180 COMP
0x0000c1c0 COMP
0x0000c200 COMP
0x0000c240 COMP
0x0000c280 COMP
0x0000c2c0 COMP
0x0000c300 COMP
0x0000c340 COMP
0x0000c380 COMP
0x0000c3c0 COMP
READRES
0x0000c800 G_ACT0
0x0800c800 G_ACT1
0x1000c800 G_ACT2
0x1800c800 G_ACT3
0x0000c800 COMP
0x0000c840 COMP
0x0000c880 COMP
0x0000c8c0 COMP
0x0000c900 COMP
0x0000c940 COMP
0x0000c980 COMP
0x0000c9c0 COMP
0x0000ca00 COMP
0x0000ca40 COMP
0x0000ca80 COMP
0x0000cac0 COMP
0x0000cb00 COMP
0x0000cb40 COMP
0x0000cb80 COMP
0x0000cbc0 COMP
READRES
0x0000d000 G_ACT0
0x0800d000 G_ACT1
0x1000d000 G_ACT2
0x1800d000 G_ACT3
0x0000d000 COMP
0x0000d040 COMP
0x0000d080 COMP
0x0000d0c0 COMP
0x0000d100 COMP
0x0000d140 COMP
0x0000d180 COMP
0x0000d1c0 COMP
0x0000d200 COMP
0x0000d240 COMP
0x0000d280 COMP
0x0000d2c0 COMP
0x0000d300 COMP
0x0000d340 COMP
0x0000d380 COMP
0x0000d3c0 COMP
READRES
0x0000d800 G_ACT0
0x0800d800 G_ACT1
0x1000d800 G_ACT2
0x1800d800 G_ACT3
0x0000d800 COMP
0x0000d840 COMP
0x0000d880 COMP
0x0000d8c0 COMP
0x0000d900 COMP
0x0000d940 COMP
0x0000d980 COMP
0x0000d9c0 COMP
0x0000da00 COMP
0x0000da40 COMP
0x0000da80 COMP
0x0000dac0 COMP
0x0000db00 COMP
0x0000db40 COMP
0x0000db80 COMP
0x0000dbc0 COMP
READRES
0x0000e000 G_ACT0
0x0800e000 G_ACT1
0x1000e000 G_ACT2
0x1800e000 G_ACT3
0x0000e000 COMP
0x0000e040 COMP
0x0000e080 COMP
0x0000e0c0 COMP
0x0000e100 COMP
0x0000e140 COMP
0x0000e180 COMP
0x0000e1c0 COMP
0x0000e200 COMP
0x0000e240 COMP
0x0000e280 COMP
0x0000e2c0 COMP
0x0000e300 COMP
0x0000e340 COMP
0x0000e380 COMP
0x0000e3c0 COMP
READRES
0x0000e800 G_ACT0
0x0800e800 G_ACT1
0x1000e800 G_ACT2
0x1800e800 G_ACT3
0x0000e800 COMP
0x0000e840 COMP
0x0000e880 COMP
0x0000e8c0 COMP
0x0000e900 COMP
0x0000e940 COMP
0x0000e980 COMP
0x0000e9c0 COMP
0x0000ea00 COMP
0x0000ea40 COMP
0x0000ea80 COMP
0x0000eac0 COMP
0x0000eb00 COMP
0x0000eb40 COMP
0x0000eb80 COMP
0x0000ebc0 COMP
READRES
0x0000f000 G_ACT0
0x0800f000 G_ACT1
0x1000f000 G_ACT2
0x1800f000 G_ACT3
0x0000f000 COMP
0x0000f040 COMP
0x0000f080 COMP
0x0000f0c0 COMP
0x0000f100 COMP
0x0000f140 COMP
0x0000f180 COMP
0x0000f1c0 COMP
0x0000f200 COMP
0x0000f240 COMP
0x0000f280 COMP
0x0000f2c0 COMP
0x0000f300 COMP
0x0000f340 COMP
0x0000f380 COMP
0x0000f3c0 COMP
READRES
0x0000f800 G_ACT0
0x0800f800 G_ACT1
0x1000f800 G_ACT2
0x1800f800 G_ACT3
0x0000f800 COMP
0x0000f840 COMP
0x0000f880 COMP
0x0000f8c0 COMP
0x0000f900 COMP
0x0000f940 COMP
0x0000f980 COMP
0x0000f9c0 COMP
0x0000fa00 COMP
0x0000fa40 COMP
0x0000fa80 COMP
0x0000fac0 COMP
0x0000fb00 COMP
0x0000fb40 COMP
0x0000fb80 COMP
0x0000fbc0 COMP
READRES
0x00010000 G_ACT0
0x08010000 G_ACT1
0x10010000 G_ACT2
0x18010000 G_ACT3
0x00010000 COMP
0x00010040 COMP
0x00010080 COMP
0x000100c0 COMP
0x00010100 COMP
0x00010140 COMP
0x00010180 COMP
0x000101c0 COMP
0x00010200 COMP
0x00010240 COMP
0x00010280 COMP
0x000102c0 COMP
0x00010300 COMP
0x00010340 COMP
0x00010380 COMP
0x000103c0 COMP
READRES
0x00010800 G_ACT0
0x08010800 G_ACT1
0x10010800 G_ACT2
0x18010800 G_ACT3
0x00010800 COMP
0x00010840 COMP
0x00010880 COMP
0x000108c0 COMP
0x00010900 COMP
0x00010940 COMP
0x00010980 COMP
0x000109c0 COMP
0x00010a00 COMP
0x00010a40 COMP
0x00010a80 COMP
0x00010ac0 COMP
0x00010b00 COMP
0x00010b40 COMP
0x00010b80 COMP
0x00010bc0 COMP
READRES
0x00011000 G_ACT0
0x08011000 G_ACT1
0x10011000 G_ACT2
0x18011000 G_ACT3
0x00011000 COMP
0x00011040 COMP
0x00011080 COMP
0x000110c0 COMP
0x00011100 COMP
0x00011140 COMP
0x00011180 COMP
0x000111c0 COMP
0x00011200 COMP
0x00011240 COMP
0x00011280 COMP
0x000112c0 COMP
0x00011300 COMP
0x00011340 COMP
0x00011380 COMP
0x000113c0 COMP
READRES
0x00011800 G_ACT0
0x08011800 G_ACT1
0x10011800 G_ACT2
0x18011800 G_ACT3
0x00011800 COMP
0x00011840 COMP
0x00011880 COMP
0x000118c0 COMP
0x00011900 COMP
0x00011940 COMP
0x00011980 COMP
0x000119c0 COMP
0x00011a00 COMP
0x00011a40 COMP
0x00011a80 COMP
0x00011ac0 COMP
0x00011b00 COMP
0x00011b40 COMP
0x00011b80 COMP
0x00011bc0 COMP
READRES
0x00012000 G_ACT0
0x08012000 G_ACT1
0x10012000 G_ACT2
0x18012000 G_ACT3
0x00012000 COMP
0x00012040 COMP
0x00012080 COMP
0x000120c0 COMP
0x00012100 COMP
0x00012140 COMP
0x00012180 COMP
0x000121c0 COMP
0x00012200 COMP
0x00012240 COMP
0x00012280 COMP
0x000122c0 COMP
0x00012300 COMP
0x00012340 COMP
0x00012380 COMP
0x000123c0 COMP
READRES
0x00012800 G_ACT0
0x08012800 G_ACT1
0x10012800 G_ACT2
0x18012800 G_ACT3
0x00012800 COMP
0x00012840 COMP
0x00012880 COMP
0x000128c0 COMP
0x00012900 COMP
0x00012940 COMP
0x00012980 COMP
0x000129c0 COMP
0x00012a00 COMP
0x00012a40 COMP
0x00012a80 COMP
0x00012ac0 COMP
0x00012b00 COMP
0x00012b40 COMP
0x00012b80 COMP
0x00012bc0 COMP
READRES
0x00013000 G_ACT0
0x08013000 G_ACT1
0x10013000 G_ACT2
0x18013000 G_ACT3
0x00013000 COMP
0x00013040 COMP
0x00013080 COMP
0x000130c0 COMP
0x00013100 COMP
0x00013140 COMP
0x00013180 COMP
0x000131c0 COMP
0x00013200 COMP
0x00013240 COMP
0x00013280 COMP
0x000132c0 COMP
0x00013300 COMP
0x00013340 COMP
0x00013380 COMP
0x000133c0 COMP
READRES
0x00013800 G_ACT0
0x08013800 G_ACT1
0x10013800 G_ACT2
0x18013800 G_ACT3
0x00013800 COMP
0x00013840 COMP
0x00013880 COMP
0x000138c0 COMP
0x00013900 COMP
0x00013940 COMP
0x00013980 COMP
0x000139c0 COMP
0x00013a00 COMP
0x00013a40 COMP
0x00013a80 COMP
0x00013ac0 COMP
0x00013b00 COMP
0x00013b40 COMP
0x00013b80 COMP
0x00013bc0 COMP
READRES
0x00014000 G_ACT0
0x08014000 G_ACT1
0x10014000 G_ACT2
0x18014000 G_ACT3
0x00014000 COMP
0x00014040 COMP
0x00014080 COMP
0x000140c0 COMP
0x00014100 COMP
0x00014140 COMP
0x00014180 COMP
0x000141c0 COMP
0x00014200 COMP
0x00014240 COMP
0x00014280 COMP
0x000142c0 COMP
0x00014300 COMP
0x00014340 COMP
0x00014380 COMP
0x000143c0 COMP
READRES
0x00014800 G_ACT0
0x08014800 G_ACT1
0x10014800 G_ACT2
0x18014800 G_ACT3
0x00014800 COMP
0x00014840 COMP
0x00014880 COMP
0x000148c0 COMP
0x00014900 COMP
0x00014940 COMP
0x00014980 COMP
0x000149c0 COMP
0x00014a00 COMP
0x00014a40 COMP
0x00014a80 COMP
0x00014ac0 COMP
0x00014b00 COMP
0x00014b40 COMP
0x00014b80 COMP
0x00014bc0 COMP
READRES
0x00015000 G_ACT0
0x08015000 G_ACT1
0x10015000 G_ACT2
0x18015000 G_ACT3
0x00015000 COMP
0x00015040 COMP
0x00015080 COMP
0x000150c0 COMP
0x00015100 COMP
0x00015140 COMP
0x00015180 COMP
0x000151c0 COMP
0x00015200 COMP
0x00015240 COMP
0x00015280 COMP
0x000152c0 COMP
0x00015300 COMP
0x00015340 COMP
0x00015380 COMP
0x000153c0 COMP
READRES
0x00015800 G_ACT0
0x08015800 G_ACT1
0x10015800 G_ACT2
0x18015800 G_ACT3
0x00015800 COMP
0x00015840 COMP
0x00015880 COMP
0x000158c0 COMP
0x00015900 COMP
0x00015940 COMP
0x00015980 COMP
0x000159c0 COMP
0x00015a00 COMP
0x00015a40 COMP
0x00015a80 COMP
0x00015ac0 COMP
0x00015b00 COMP
0x00015b40 COMP
0x00015b80 COMP
0x00015bc0 COMP
READRES
0x00016000 G_ACT0
0x08016000 G_ACT1
0x10016000 G_ACT2
0x18016000 G_ACT3
0x00016000 COMP
0x00016040 COMP
0x00016080 COMP
0x000160c0 COMP
0x00016100 COMP
0x00016140 COMP
0x00016180 COMP
0x000161c0 COMP
0x00016200 COMP
0x00016240 COMP
0x00016280 COMP
0x000162c0 COMP
0x00016300 COMP
0x00016340 COMP
0x00016380 COMP
0x000163c0 COMP
READRES
0x00016800 G_ACT0
0x08016800 G_ACT1
0x10016800 G_ACT2
0x18016800 G_ACT3
0x00016800 COMP
0x00016840 COMP
0x00016880 COMP
0x000168c0 COMP
0x00016900 COMP
0x00016940 COMP
0x00016980 COMP
0x000169c0 COMP
0x00016a00 COMP
0x00016a40 COMP
0x00016a80 COMP
0x00016ac0 COMP
0x00016b00 COMP
0x00016b40 COMP
0x00016b80 COMP
0x00016bc0 COMP
READRES
0x00017000 G_ACT0
0x08017000 G_ACT1
0x10017000 G_ACT2
0x18017000 G_ACT3
0x00017000 COMP
0x00017040 COMP
0x00017080 COMP
0x000170c0 COMP
0x00017100 COMP
0x00017140 COMP
0x00017180 COMP
0x000171c0 COMP
0x00017200 COMP
0x00017240 COMP
0x00017280 COMP
0x000172c0 COMP
0x00017300 COMP
0x00017340 COMP
0x00017380 COMP
0x000173c0 COMP
READRES
0x00017800 G_ACT0
0x08017800 G_ACT1
0x10017800 G_ACT2
0x18017800 G_ACT3
0x00017800 COMP
0x00017840 COMP
0x00017880 COMP
0x000178c0 COMP
0x00017900 COMP
0x00017940 COMP
0x00017980 COMP
0x000179c0 COMP
0x00017a00 COMP
0x00017a40 COMP
0x00017a80 COMP
0x00017ac0 COMP
0x00017b00 COMP
0x00017b40 COMP
0x00017b80 COMP
0x00017bc0 COMP
READRES
0x00018000 G_ACT0
0x08018000 G_ACT1
0x10018000 G_ACT2
0x18018000 G_ACT3
0x00018000 COMP
0x00018040 COMP
0x00018080 COMP
0x000180c0 COMP
0x00018100 COMP
0x00018140 COMP
0x00018180 COMP
0x000181c0 COMP
0x00018200 COMP
0x00018240 COMP
0x00018280 COMP
0x000182c0 COMP
0x00018300 COMP
0x00018340 COMP
0x00018380 COMP
0x000183c0 COMP
READRES
0x00018800 G_ACT0
0x08018800 G_ACT1
0x10018800 G_ACT2
0x18018800 G_ACT3
0x00018800 COMP
0x00018840 COMP
0x00018880 COMP
0x000188c0 COMP
0x00018900 COMP
0x00018940 COMP
0x00018980 COMP
0x000189c0 COMP
0x00018a00 COMP
0x00018a40 COMP
0x00018a80 COMP
0x00018ac0 COMP
0x00018b00 COMP
0x00018b40 COMP
0x00018b80 COMP
0x00018bc0 COMP
READRES
0x00019000 G_ACT0
0x08019000 G_ACT1
0x10019000 G_ACT2
0x18019000 G_ACT3
0x00019000 COMP
0x00019040 COMP
0x00019080 COMP
0x000190c0 COMP
0x00019100 COMP
0x00019140 COMP
0x00019180 COMP
0x000191c0 COMP
0x00019200 COMP
0x00019240 COMP
0x00019280 COMP
0x000192c0 COMP
0x00019300 COMP
0x00019340 COMP
0x00019380 COMP
0x000193c0 COMP
READRES
0x00019800 G_ACT0
0x08019800 G_ACT1
0x10019800 G_ACT2
0x18019800 G_ACT3
0x00019800 COMP
0x00019840 COMP
0x00019880 COMP
0x000198c0 COMP
0x00019900 COMP
0x00019940 COMP
0x00019980 COMP
0x000199c0 COMP
0x00019a00 COMP
0x00019a40 COMP
0x00019a80 COMP
0x00019ac0 COMP
0x00019b00 COMP
0x00019b40 COMP
0x00019b80 COMP
0x00019bc0 COMP
READRES
0x0001a000 G_ACT0
0x0801a000 G_ACT1
0x1001a000 G_ACT2
0x1801a000 G_ACT3
0x0001a000 COMP
0x0001a040 COMP
0x0001a080 COMP
0x0001a0c0 COMP
0x0001a100 COMP
0x0001a140 COMP
0x0001a180 COMP
0x0001a1c0 COMP
0x0001a200 COMP
0x0001a240 COMP
0x0001a280 COMP
0x0001a2c0 COMP
0x0001a300 COMP
0x0001a340 COMP
0x0001a380 COMP
0x0001a3c0 COMP
READRES
0x0001a800 G_ACT0
0x0801a800 G_ACT1
0x1001a800 G_ACT2
0x1801a800 G_ACT3
0x0001a800 COMP
0x0001a840 COMP
0x0001a880 COMP
0x0001a8c0 COMP
0x0001a900 COMP
0x0001a940 COMP
0x0001a980 COMP
0x0001a9c0 COMP
0x0001aa00 COMP
0x0001aa40 COMP
0x0001aa80 COMP
0x0001aac0 COMP
0x0001ab00 COMP
0x0001ab40 COMP
0x0001ab80 COMP
0x0001abc0 COMP
READRES
0x0001b000 G_ACT0
0x0801b000 G_ACT1
0x1001b000 G_ACT2
0x1801b000 G_ACT3
0x0001b000 COMP
0x0001b040 COMP
0x0001b080 COMP
0x0001b0c0 COMP
0x0001b100 COMP
0x0001b140 COMP
0x0001b180 COMP
0x0001b1c0 COMP
0x0001b200 COMP
0x0001b240 COMP
0x0001b280 COMP
0x0001b2c0 COMP
0x0001b300 COMP
0x0001b340 COMP
0x0001b380 COMP
0x0001b3c0 COMP
READRES
0x0001b800 G_ACT0
0x0801b800 G_ACT1
0x1001b800 G_ACT2
0x1801b800 G_ACT3
0x0001b800 COMP
0x0001b840 COMP
0x0001b880 COMP
0x0001b8c0 COMP
0x0001b900 COMP
0x0001b940 COMP
0x0001b980 COMP
0x0001b9c0 COMP
0x0001ba00 COMP
0x0001ba40 COMP
0x0001ba80 COMP
0x0001bac0 COMP
0x0001bb00 COMP
0x0001bb40 COMP
0x0001bb80 COMP
0x0001bbc0 COMP
READRES
0x0001c000 G_ACT0
0x0801c000 G_ACT1
0x1001c000 G_ACT2
0x1801c000 G_ACT3
0x0001c000 COMP
0x0001c040 COMP
0x0001c080 COMP
0x0001c0c0 COMP
0x0001c100 COMP
0x0001c140 COMP
0x0001c180 COMP
0x0001c1c0 COMP
0x0001c200 COMP
0x0001c240 COMP
0x0001c280 COMP
0x0001c2c0 COMP
0x0001c300 COMP
0x0001c340 COMP
0x0001c380 COMP
0x0001c3c0 COMP
READRES
0x0001c800 G_ACT0
0x0801c800 G_ACT1
0x1001c800 G_ACT2
0x1801c800 G_ACT3
0x0001c800 COMP
0x0001c840 COMP
0x0001c880 COMP
0x0001c8c0 COMP
0x0001c900 COMP
0x0001c940 COMP
0x0001c980 COMP
0x0001c9c0 COMP
0x0001ca00 COMP
0x0001ca40 COMP
0x0001ca80 COMP
0x0001cac0 COMP
0x0001cb00 COMP
0x0001cb40 COMP
0x0001cb80 COMP
0x0001cbc0 COMP
READRES
0x0001d000 G_ACT0
0x0801d000 G_ACT1
0x1001d000 G_ACT2
0x1801d000 G_ACT3
0x0001d000 COMP
0x0001d040 COMP
0x0001d080 COMP
0x0001d0c0 COMP
0x0001d100 COMP
0x0001d140 COMP
0x0001d180 COMP
0x0001d1c0 COMP
0x0001d200 COMP
0x0001d240 COMP
0x0001d280 COMP
0x0001d2c0 COMP
0x0001d300 COMP
0x0001d340 COMP
0x0001d380 COMP
0x0001d3c0 COMP
READRES
0x0001d800 G_ACT0
0x0801d800 G_ACT1
0x1001d800 G_ACT2
0x1801d800 G_ACT3
0x0001d800 COMP
0x0001d840 COMP
0x0001d880 COMP
0x0001d8c0 COMP
0x0001d900 COMP
0x0001d940 COMP
0x0001d980 COMP
0x0001d9c0 COMP
0x0001da00 COMP
0x0001da40 COMP
0x0001da80 COMP
0x0001dac0 COMP
0x0001db00 COMP
0x0001db40 COMP
0x0001db80 COMP
0x0001dbc0 COMP
READRES
0x0001e000 G_ACT0
0x0801e000 G_ACT1
0x1001e000 G_ACT2
0x1801e000 G_ACT3
0x0001e000 COMP
0x0001e040 COMP
0x0001e080 COMP
0x0001e0c0 COMP
0x0001e100 COMP
0x0001e140 COMP
0x0001e180 COMP
0x0001e1c0 COMP
0x0001e200 COMP
0x0001e240 COMP
0x0001e280 COMP
0x0001e2c0 COMP
0x0001e300 COMP
0x0001e340 COMP
0x0001e380 COMP
0x0001e3c0 COMP
READRES
0x0001e800 G_ACT0
0x0801e800 G_ACT1
0x1001e800 G_ACT2
0x1801e800 G_ACT3
0x0001e800 COMP
0x0001e840 COMP
0x0001e880 COMP
0x0001e8c0 COMP
0x0001e900 COMP
0x0001e940 COMP
0x0001e980 COMP
0x0001e9c0 COMP
0x0001ea00 COMP
0x0001ea40 COMP
0x0001ea80 COMP
0x0001eac0 COMP
0x0001eb00 COMP
0x0001eb40 COMP
0x0001eb80 COMP
0x0001ebc0 COMP
READRES
0x0001f000 G_ACT0
0x0801f000 G_ACT1
0x1001f000 G_ACT2
0x1801f000 G_ACT3
0x0001f000 COMP
0x0001f040 COMP
0x0001f080 COMP
0x0001f0c0 COMP
0x0001f100 COMP
0x0001f140 COMP
0x0001f180 COMP
0x0001f1c0 COMP
0x0001f200 COMP
0x0001f240 COMP
0x0001f280 COMP
0x0001f2c0 COMP
0x0001f300 COMP
0x0001f340 COMP
0x0001f380 COMP
0x0001f3c0 COMP
READRES
0x0001f800 G_ACT0
0x0801f800 G_ACT1
0x1001f800 G_ACT2
0x1801f800 G_ACT3
0x0001f800 COMP
0x0001f840 COMP
0x0001f880 COMP
0x0001f8c0 COMP
0x0001f900 COMP
0x0001f940 COMP
0x0001f980 COMP
0x0001f9c0 COMP
0x0001fa00 COMP
0x0001fa40 COMP
0x0001fa80 COMP
0x0001fac0 COMP
0x0001fb00 COMP
0x0001fb40 COMP
0x0001fb80 COMP
0x0001fbc0 COMP
READRES
0x00020000 G_ACT0
0x08020000 G_ACT1
0x10020000 G_ACT2
0x18020000 G_ACT3
0x00020000 COMP
0x00020040 COMP
0x00020080 COMP
0x000200c0 COMP
0x00020100 COMP
0x00020140 COMP
0x00020180 COMP
0x000201c0 COMP
0x00020200 COMP
0x00020240 COMP
0x00020280 COMP
0x000202c0 COMP
0x00020300 COMP
0x00020340 COMP
0x00020380 COMP
0x000203c0 COMP
READRES
0x00020800 G_ACT0
0x08020800 G_ACT1
0x10020800 G_ACT2
0x18020800 G_ACT3
0x00020800 COMP
0x00020840 COMP
0x00020880 COMP
0x000208c0 COMP
0x00020900 COMP
0x00020940 COMP
0x00020980 COMP
0x000209c0 COMP
0x00020a00 COMP
0x00020a40 COMP
0x00020a80 COMP
0x00020ac0 COMP
0x00020b00 COMP
0x00020b40 COMP
0x00020b80 COMP
0x00020bc0 COMP
READRES
0x00021000 G_ACT0
0x08021000 G_ACT1
0x10021000 G_ACT2
0x18021000 G_ACT3
0x00021000 COMP
0x00021040 COMP
0x00021080 COMP
0x000210c0 COMP
0x00021100 COMP
0x00021140 COMP
0x00021180 COMP
0x000211c0 COMP
0x00021200 COMP
0x00021240 COMP
0x00021280 COMP
0x000212c0 COMP
0x00021300 COMP
0x00021340 COMP
0x00021380 COMP
0x000213c0 COMP
READRES
0x00021800 G_ACT0
0x08021800 G_ACT1
0x10021800 G_ACT2
0x18021800 G_ACT3
0x00021800 COMP
0x00021840 COMP
0x00021880 COMP
0x000218c0 COMP
0x00021900 COMP
0x00021940 COMP
0x00021980 COMP
0x000219c0 COMP
0x00021a00 COMP
0x00021a40 COMP
0x00021a80 COMP
0x00021ac0 COMP
0x00021b00 COMP
0x00021b40 COMP
0x00021b80 COMP
0x00021bc0 COMP
READRES
0x00022000 G_ACT0
0x08022000 G_ACT1
0x10022000 G_ACT2
0x18022000 G_ACT3
0x00022000 COMP
0x00022040 COMP
0x00022080 COMP
0x000220c0 COMP
0x00022100 COMP
0x00022140 COMP
0x00022180 COMP
0x000221c0 COMP
0x00022200 COMP
0x00022240 COMP
0x00022280 COMP
0x000222c0 COMP
0x00022300 COMP
0x00022340 COMP
0x00022380 COMP
0x000223c0 COMP
READRES
0x00022800 G_ACT0
0x08022800 G_ACT1
0x10022800 G_ACT2
0x18022800 G_ACT3
0x00022800 COMP
0x00022840 COMP
0x00022880 COMP
0x000228c0 COMP
0x00022900 COMP
0x00022940 COMP
0x00022980 COMP
0x000229c0 COMP
0x00022a00 COMP
0x00022a40 COMP
0x00022a80 COMP
0x00022ac0 COMP
0x00022b00 COMP
0x00022b40 COMP
0x00022b80 COMP
0x00022bc0 COMP
READRES
0x00023000 G_ACT0
0x08023000 G_ACT1
0x10023000 G_ACT2
0x18023000 G_ACT3
0x00023000 COMP
0x00023040 COMP
0x00023080 COMP
0x000230c0 COMP
0x00023100 COMP
0x00023140 COMP
0x00023180 COMP
0x000231c0 COMP
0x00023200 COMP
0x00023240 COMP
0x00023280 COMP
0x000232c0 COMP
0x00023300 COMP
0x00023340 COMP
0x00023380 COMP
0x000233c0 COMP
READRES
0x00023800 G_ACT0
0x08023800 G_ACT1
0x10023800 G_ACT2
0x18023800 G_ACT3
0x00023800 COMP
0x00023840 COMP
0x00023880 COMP
0x000238c0 COMP
0x00023900 COMP
0x00023940 COMP
0x00023980 COMP
0x000239c0 COMP
0x00023a00 COMP
0x00023a40 COMP
0x00023a80 COMP
0x00023ac0 COMP
0x00023b00 COMP
0x00023b40 COMP
0x00023b80 COMP
0x00023bc0 COMP
READRES
0x00024000 G_ACT0
0x08024000 G_ACT1
0x10024000 G_ACT2
0x18024000 G_ACT3
0x00024000 COMP
0x00024040 COMP
0x00024080 COMP
0x000240c0 COMP
0x00024100 COMP
0x00024140 COMP
0x00024180 COMP
0x000241c0 COMP
0x00024200 COMP
0x00024240 COMP
0x00024280 COMP
0x000242c0 COMP
0x00024300 COMP
0x00024340 COMP
0x00024380 COMP
0x000243c0 COMP
READRES
0x00024800 G_ACT0
0x08024800 G_ACT1
0x10024800 G_ACT2
0x18024800 G_ACT3
0x00024800 COMP
0x00024840 COMP
0x00024880 COMP
0x000248c0 COMP
0x00024900 COMP
0x00024940 COMP
0x00024980 COMP
0x000249c0 COMP
0x00024a00 COMP
0x00024a40 COMP
0x00024a80 COMP
0x00024ac0 COMP
0x00024b00 COMP
0x00024b40 COMP
0x00024b80 COMP
0x00024bc0 COMP
READRES
0x00025000 G_ACT0
0x08025000 G_ACT1
0x10025000 G_ACT2
0x18025000 G_ACT3
0x00025000 COMP
0x00025040 COMP
0x00025080 COMP
0x000250c0 COMP
0x00025100 COMP
0x00025140 COMP
0x00025180 COMP
0x000251c0 COMP
0x00025200 COMP
0x00025240 COMP
0x00025280 COMP
0x000252c0 COMP
0x00025300 COMP
0x00025340 COMP
0x00025380 COMP
0x000253c0 COMP
READRES
0x00025800 G_ACT0
0x08025800 G_ACT1
0x10025800 G_ACT2
0x18025800 G_ACT3
0x00025800 COMP
0x00025840 COMP
0x00025880 COMP
0x000258c0 COMP
0x00025900 COMP
0x00025940 COMP
0x00025980 COMP
0x000259c0 COMP
0x00025a00 COMP
0x00025a40 COMP
0x00025a80 COMP
0x00025ac0 COMP
0x00025b00 COMP
0x00025b40 COMP
0x00025b80 COMP
0x00025bc0 COMP
READRES
0x00026000 G_ACT0
0x08026000 G_ACT1
0x10026000 G_ACT2
0x18026000 G_ACT3
0x00026000 COMP
0x00026040 COMP
0x00026080 COMP
0x000260c0 COMP
0x00026100 COMP
0x00026140 COMP
0x00026180 COMP
0x000261c0 COMP
0x00026200 COMP
0x00026240 COMP
0x00026280 COMP
0x000262c0 COMP
0x00026300 COMP
0x00026340 COMP
0x00026380 COMP
0x000263c0 COMP
READRES
0x00026800 G_ACT0
0x08026800 G_ACT1
0x10026800 G_ACT2
0x18026800 G_ACT3
0x00026800 COMP
0x00026840 COMP
0x00026880 COMP
0x000268c0 COMP
0x00026900 COMP
0x00026940 COMP
0x00026980 COMP
0x000269c0 COMP
0x00026a00 COMP
0x00026a40 COMP
0x00026a80 COMP
0x00026ac0 COMP
0x00026b00 COMP
0x00026b40 COMP
0x00026b80 COMP
0x00026bc0 COMP
READRES
0x00027000 G_ACT0
0x08027000 G_ACT1
0x10027000 G_ACT2
0x18027000 G_ACT3
0x00027000 COMP
0x00027040 COMP
0x00027080 COMP
0x000270c0 COMP
0x00027100 COMP
0x00027140 COMP
0x00027180 COMP
0x000271c0 COMP
0x00027200 COMP
0x00027240 COMP
0x00027280 COMP
0x000272c0 COMP
0x00027300 COMP
0x00027340 COMP
0x00027380 COMP
0x000273c0 COMP
READRES
0x00027800 G_ACT0
0x08027800 G_ACT1
0x10027800 G_ACT2
0x18027800 G_ACT3
0x00027800 COMP
0x00027840 COMP
0x00027880 COMP
0x000278c0 COMP
0x00027900 COMP
0x00027940 COMP
0x00027980 COMP
0x000279c0 COMP
0x00027a00 COMP
0x00027a40 COMP
0x00027a80 COMP
0x00027ac0 COMP
0x00027b00 COMP
0x00027b40 COMP
0x00027b80 COMP
0x00027bc0 COMP
READRES
0x00028000 G_ACT0
0x08028000 G_ACT1
0x10028000 G_ACT2
0x18028000 G_ACT3
0x00028000 COMP
0x00028040 COMP
0x00028080 COMP
0x000280c0 COMP
0x00028100 COMP
0x00028140 COMP
0x00028180 COMP
0x000281c0 COMP
0x00028200 COMP
0x00028240 COMP
0x00028280 COMP
0x000282c0 COMP
0x00028300 COMP
0x00028340 COMP
0x00028380 COMP
0x000283c0 COMP
READRES
0x00028800 G_ACT0
0x08028800 G_ACT1
0x10028800 G_ACT2
0x18028800 G_ACT3
0x00028800 COMP
0x00028840 COMP
0x00028880 COMP
0x000288c0 COMP
0x00028900 COMP
0x00028940 COMP
0x00028980 COMP
0x000289c0 COMP
0x00028a00 COMP
0x00028a40 COMP
0x00028a80 COMP
0x00028ac0 COMP
0x00028b00 COMP
0x00028b40 COMP
0x00028b80 COMP
0x00028bc0 COMP
READRES
0x00029000 G_ACT0
0x08029000 G_ACT1
0x10029000 G_ACT2
0x18029000 G_ACT3
0x00029000 COMP
0x00029040 COMP
0x00029080 COMP
0x000290c0 COMP
0x00029100 COMP
0x00029140 COMP
0x00029180 COMP
0x000291c0 COMP
0x00029200 COMP
0x00029240 COMP
0x00029280 COMP
0x000292c0 COMP
0x00029300 COMP
0x00029340 COMP
0x00029380 COMP
0x000293c0 COMP
READRES
0x00029800 G_ACT0
0x08029800 G_ACT1
0x10029800 G_ACT2
0x18029800 G_ACT3
0x00029800 COMP
0x00029840 COMP
0x00029880 COMP
0x000298c0 COMP
0x00029900 COMP
0x00029940 COMP
0x00029980 COMP
0x000299c0 COMP
0x00029a00 COMP
0x00029a40 COMP
0x00029a80 COMP
0x00029ac0 COMP
0x00029b00 COMP
0x00029b40 COMP
0x00029b80 COMP
0x00029bc0 COMP
READRES
0x0002a000 G_ACT0
0x0802a000 G_ACT1
0x1002a000 G_ACT2
0x1802a000 G_ACT3
0x0002a000 COMP
0x0002a040 COMP
0x0002a080 COMP
0x0002a0c0 COMP
0x0002a100 COMP
0x0002a140 COMP
0x0002a180 COMP
0x0002a1c0 COMP
0x0002a200 COMP
0x0002a240 COMP
0x0002a280 COMP
0x0002a2c0 COMP
0x0002a300 COMP
0x0002a340 COMP
0x0002a380 COMP
0x0002a3c0 COMP
READRES
0x0002a800 G_ACT0
0x0802a800 G_ACT1
0x1002a800 G_ACT2
0x1802a800 G_ACT3
0x0002a800 COMP
0x0002a840 COMP
0x0002a880 COMP
0x0002a8c0 COMP
0x0002a900 COMP
0x0002a940 COMP
0x0002a980 COMP
0x0002a9c0 COMP
0x0002aa00 COMP
0x0002aa40 COMP
0x0002aa80 COMP
0x0002aac0 COMP
0x0002ab00 COMP
0x0002ab40 COMP
0x0002ab80 COMP
0x0002abc0 COMP
READRES
0x0002b000 G_ACT0
0x0802b000 G_ACT1
0x1002b000 G_ACT2
0x1802b000 G_ACT3
0x0002b000 COMP
0x0002b040 COMP
0x0002b080 COMP
0x0002b0c0 COMP
0x0002b100 COMP
0x0002b140 COMP
0x0002b180 COMP
0x0002b1c0 COMP
0x0002b200 COMP
0x0002b240 COMP
0x0002b280 COMP
0x0002b2c0 COMP
0x0002b300 COMP
0x0002b340 COMP
0x0002b380 COMP
0x0002b3c0 COMP
READRES
0x0002b800 G_ACT0
0x0802b800 G_ACT1
0x1002b800 G_ACT2
0x1802b800 G_ACT3
0x0002b800 COMP
0x0002b840 COMP
0x0002b880 COMP
0x0002b8c0 COMP
0x0002b900 COMP
0x0002b940 COMP
0x0002b980 COMP
0x0002b9c0 COMP
0x0002ba00 COMP
0x0002ba40 COMP
0x0002ba80 COMP
0x0002bac0 COMP
0x0002bb00 COMP
0x0002bb40 COMP
0x0002bb80 COMP
0x0002bbc0 COMP
READRES
0x0002c000 G_ACT0
0x0802c000 G_ACT1
0x1002c000 G_ACT2
0x1802c000 G_ACT3
0x0002c000 COMP
0x0002c040 COMP
0x0002c080 COMP
0x0002c0c0 COMP
0x0002c100 COMP
0x0002c140 COMP
0x0002c180 COMP
0x0002c1c0 COMP
0x0002c200 COMP
0x0002c240 COMP
0x0002c280 COMP
0x0002c2c0 COMP
0x0002c300 COMP
0x0002c340 COMP
0x0002c380 COMP
0x0002c3c0 COMP
READRES
0x0002c800 G_ACT0
0x0802c800 G_ACT1
0x1002c800 G_ACT2
0x1802c800 G_ACT3
0x0002c800 COMP
0x0002c840 COMP
0x0002c880 COMP
0x0002c8c0 COMP
0x0002c900 COMP
0x0002c940 COMP
0x0002c980 COMP
0x0002c9c0 COMP
0x0002ca00 COMP
0x0002ca40 COMP
0x0002ca80 COMP
0x0002cac0 COMP
0x0002cb00 COMP
0x0002cb40 COMP
0x0002cb80 COMP
0x0002cbc0 COMP
READRES
0x0002d000 G_ACT0
0x0802d000 G_ACT1
0x1002d000 G_ACT2
0x1802d000 G_ACT3
0x0002d000 COMP
0x0002d040 COMP
0x0002d080 COMP
0x0002d0c0 COMP
0x0002d100 COMP
0x0002d140 COMP
0x0002d180 COMP
0x0002d1c0 COMP
0x0002d200 COMP
0x0002d240 COMP
0x0002d280 COMP
0x0002d2c0 COMP
0x0002d300 COMP
0x0002d340 COMP
0x0002d380 COMP
0x0002d3c0 COMP
READRES
0x0002d800 G_ACT0
0x0802d800 G_ACT1
0x1002d800 G_ACT2
0x1802d800 G_ACT3
0x0002d800 COMP
0x0002d840 COMP
0x0002d880 COMP
0x0002d8c0 COMP
0x0002d900 COMP
0x0002d940 COMP
0x0002d980 COMP
0x0002d9c0 COMP
0x0002da00 COMP
0x0002da40 COMP
0x0002da80 COMP
0x0002dac0 COMP
0x0002db00 COMP
0x0002db40 COMP
0x0002db80 COMP
0x0002dbc0 COMP
READRES
0x0002e000 G_ACT0
0x0802e000 G_ACT1
0x1002e000 G_ACT2
0x1802e000 G_ACT3
0x0002e000 COMP
0x0002e040 COMP
0x0002e080 COMP
0x0002e0c0 COMP
0x0002e100 COMP
0x0002e140 COMP
0x0002e180 COMP
0x0002e1c0 COMP
0x0002e200 COMP
0x0002e240 COMP
0x0002e280 COMP
0x0002e2c0 COMP
0x0002e300 COMP
0x0002e340 COMP
0x0002e380 COMP
0x0002e3c0 COMP
READRES
0x0002e800 G_ACT0
0x0802e800 G_ACT1
0x1002e800 G_ACT2
0x1802e800 G_ACT3
0x0002e800 COMP
0x0002e840 COMP
0x0002e880 COMP
0x0002e8c0 COMP
0x0002e900 COMP
0x0002e940 COMP
0x0002e980 COMP
0x0002e9c0 COMP
0x0002ea00 COMP
0x0002ea40 COMP
0x0002ea80 COMP
0x0002eac0 COMP
0x0002eb00 COMP
0x0002eb40 COMP
0x0002eb80 COMP
0x0002ebc0 COMP
READRES
0x0002f000 G_ACT0
0x0802f000 G_ACT1
0x1002f000 G_ACT2
0x1802f000 G_ACT3
0x0002f000 COMP
0x0002f040 COMP
0x0002f080 COMP
0x0002f0c0 COMP
0x0002f100 COMP
0x0002f140 COMP
0x0002f180 COMP
0x0002f1c0 COMP
0x0002f200 COMP
0x0002f240 COMP
0x0002f280 COMP
0x0002f2c0 COMP
0x0002f300 COMP
0x0002f340 COMP
0x0002f380 COMP
0x0002f3c0 COMP
READRES
0x0002f800 G_ACT0
0x0802f800 G_ACT1
0x1002f800 G_ACT2
0x1802f800 G_ACT3
0x0002f800 COMP
0x0002f840 COMP
0x0002f880 COMP
0x0002f8c0 COMP
0x0002f900 COMP
0x0002f940 COMP
0x0002f980 COMP
0x0002f9c0 COMP
0x0002fa00 COMP
0x0002fa40 COMP
0x0002fa80 COMP
0x0002fac0 COMP
0x0002fb00 COMP
0x0002fb40 COMP
0x0002fb80 COMP
0x0002fbc0 COMP
READRES
0x00030000 G_ACT0
0x08030000 G_ACT1
0x10030000 G_ACT2
0x18030000 G_ACT3
0x00030000 COMP
0x00030040 COMP
0x00030080 COMP
0x000300c0 COMP
0x00030100 COMP
0x00030140 COMP
0x00030180 COMP
0x000301c0 COMP
0x00030200 COMP
0x00030240 COMP
0x00030280 COMP
0x000302c0 COMP
0x00030300 COMP
0x00030340 COMP
0x00030380 COMP
0x000303c0 COMP
READRES
0x00030800 G_ACT0
0x08030800 G_ACT1
0x10030800 G_ACT2
0x18030800 G_ACT3
0x00030800 COMP
0x00030840 COMP
0x00030880 COMP
0x000308c0 COMP
0x00030900 COMP
0x00030940 COMP
0x00030980 COMP
0x000309c0 COMP
0x00030a00 COMP
0x00030a40 COMP
0x00030a80 COMP
0x00030ac0 COMP
0x00030b00 COMP
0x00030b40 COMP
0x00030b80 COMP
0x00030bc0 COMP
READRES
0x00031000 G_ACT0
0x08031000 G_ACT1
0x10031000 G_ACT2
0x18031000 G_ACT3
0x00031000 COMP
0x00031040 COMP
0x00031080 COMP
0x000310c0 COMP
0x00031100 COMP
0x00031140 COMP
0x00031180 COMP
0x000311c0 COMP
0x00031200 COMP
0x00031240 COMP
0x00031280 COMP
0x000312c0 COMP
0x00031300 COMP
0x00031340 COMP
0x00031380 COMP
0x000313c0 COMP
READRES
0x00031800 G_ACT0
0x08031800 G_ACT1
0x10031800 G_ACT2
0x18031800 G_ACT3
0x00031800 COMP
0x00031840 COMP
0x00031880 COMP
0x000318c0 COMP
0x00031900 COMP
0x00031940 COMP
0x00031980 COMP
0x000319c0 COMP
0x00031a00 COMP
0x00031a40 COMP
0x00031a80 COMP
0x00031ac0 COMP
0x00031b00 COMP
0x00031b40 COMP
0x00031b80 COMP
0x00031bc0 COMP
READRES
0x00032000 G_ACT0
0x08032000 G_ACT1
0x10032000 G_ACT2
0x18032000 G_ACT3
0x00032000 COMP
0x00032040 COMP
0x00032080 COMP
0x000320c0 COMP
0x00032100 COMP
0x00032140 COMP
0x00032180 COMP
0x000321c0 COMP
0x00032200 COMP
0x00032240 COMP
0x00032280 COMP
0x000322c0 COMP
0x00032300 COMP
0x00032340 COMP
0x00032380 COMP
0x000323c0 COMP
READRES
0x00032800 G_ACT0
0x08032800 G_ACT1
0x10032800 G_ACT2
0x18032800 G_ACT3
0x00032800 COMP
0x00032840 COMP
0x00032880 COMP
0x000328c0 COMP
0x00032900 COMP
0x00032940 COMP
0x00032980 COMP
0x000329c0 COMP
0x00032a00 COMP
0x00032a40 COMP
0x00032a80 COMP
0x00032ac0 COMP
0x00032b00 COMP
0x00032b40 COMP
0x00032b80 COMP
0x00032bc0 COMP
READRES
0x00033000 G_ACT0
0x08033000 G_ACT1
0x10033000 G_ACT2
0x18033000 G_ACT3
0x00033000 COMP
0x00033040 COMP
0x00033080 COMP
0x000330c0 COMP
0x00033100 COMP
0x00033140 COMP
0x00033180 COMP
0x000331c0 COMP
0x00033200 COMP
0x00033240 COMP
0x00033280 COMP
0x000332c0 COMP
0x00033300 COMP
0x00033340 COMP
0x00033380 COMP
0x000333c0 COMP
READRES
0x00033800 G_ACT0
0x08033800 G_ACT1
0x10033800 G_ACT2
0x18033800 G_ACT3
0x00033800 COMP
0x00033840 COMP
0x00033880 COMP
0x000338c0 COMP
0x00033900 COMP
0x00033940 COMP
0x00033980 COMP
0x000339c0 COMP
0x00033a00 COMP
0x00033a40 COMP
0x00033a80 COMP
0x00033ac0 COMP
0x00033b00 COMP
0x00033b40 COMP
0x00033b80 COMP
0x00033bc0 COMP
READRES
0x00034000 G_ACT0
0x08034000 G_ACT1
0x10034000 G_ACT2
0x18034000 G_ACT3
0x00034000 COMP
0x00034040 COMP
0x00034080 COMP
0x000340c0 COMP
0x00034100 COMP
0x00034140 COMP
0x00034180 COMP
0x000341c0 COMP
0x00034200 COMP
0x00034240 COMP
0x00034280 COMP
0x000342c0 COMP
0x00034300 COMP
0x00034340 COMP
0x00034380 COMP
0x000343c0 COMP
READRES
0x00034800 G_ACT0
0x08034800 G_ACT1
0x10034800 G_ACT2
0x18034800 G_ACT3
0x00034800 COMP
0x00034840 COMP
0x00034880 COMP
0x000348c0 COMP
0x00034900 COMP
0x00034940 COMP
0x00034980 COMP
0x000349c0 COMP
0x00034a00 COMP
0x00034a40 COMP
0x00034a80 COMP
0x00034ac0 COMP
0x00034b00 COMP
0x00034b40 COMP
0x00034b80 COMP
0x00034bc0 COMP
READRES
0x00035000 G_ACT0
0x08035000 G_ACT1
0x10035000 G_ACT2
0x18035000 G_ACT3
0x00035000 COMP
0x00035040 COMP
0x00035080 COMP
0x000350c0 COMP
0x00035100 COMP
0x00035140 COMP
0x00035180 COMP
0x000351c0 COMP
0x00035200 COMP
0x00035240 COMP
0x00035280 COMP
0x000352c0 COMP
0x00035300 COMP
0x00035340 COMP
0x00035380 COMP
0x000353c0 COMP
READRES
0x00035800 G_ACT0
0x08035800 G_ACT1
0x10035800 G_ACT2
0x18035800 G_ACT3
0x00035800 COMP
0x00035840 COMP
0x00035880 COMP
0x000358c0 COMP
0x00035900 COMP
0x00035940 COMP
0x00035980 COMP
0x000359c0 COMP
0x00035a00 COMP
0x00035a40 COMP
0x00035a80 COMP
0x00035ac0 COMP
0x00035b00 COMP
0x00035b40 COMP
0x00035b80 COMP
0x00035bc0 COMP
READRES
0x00036000 G_ACT0
0x08036000 G_ACT1
0x10036000 G_ACT2
0x18036000 G_ACT3
0x00036000 COMP
0x00036040 COMP
0x00036080 COMP
0x000360c0 COMP
0x00036100 COMP
0x00036140 COMP
0x00036180 COMP
0x000361c0 COMP
0x00036200 COMP
0x00036240 COMP
0x00036280 COMP
0x000362c0 COMP
0x00036300 COMP
0x00036340 COMP
0x00036380 COMP
0x000363c0 COMP
READRES
0x00036800 G_ACT0
0x08036800 G_ACT1
0x10036800 G_ACT2
0x18036800 G_ACT3
0x00036800 COMP
0x00036840 COMP
0x00036880 COMP
0x000368c0 COMP
0x00036900 COMP
0x00036940 COMP
0x00036980 COMP
0x000369c0 COMP
0x00036a00 COMP
0x00036a40 COMP
0x00036a80 COMP
0x00036ac0 COMP
0x00036b00 COMP
0x00036b40 COMP
0x00036b80 COMP
0x00036bc0 COMP
READRES
0x00037000 G_ACT0
0x08037000 G_ACT1
0x10037000 G_ACT2
0x18037000 G_ACT3
0x00037000 COMP
0x00037040 COMP
0x00037080 COMP
0x000370c0 COMP
0x00037100 COMP
0x00037140 COMP
0x00037180 COMP
0x000371c0 COMP
0x00037200 COMP
0x00037240 COMP
0x00037280 COMP
0x000372c0 COMP
0x00037300 COMP
0x00037340 COMP
0x00037380 COMP
0x000373c0 COMP
READRES
0x00037800 G_ACT0
0x08037800 G_ACT1
0x10037800 G_ACT2
0x18037800 G_ACT3
0x00037800 COMP
0x00037840 COMP
0x00037880 COMP
0x000378c0 COMP
0x00037900 COMP
0x00037940 COMP
0x00037980 COMP
0x000379c0 COMP
0x00037a00 COMP
0x00037a40 COMP
0x00037a80 COMP
0x00037ac0 COMP
0x00037b00 COMP
0x00037b40 COMP
0x00037b80 COMP
0x00037bc0 COMP
READRES
0x00038000 G_ACT0
0x08038000 G_ACT1
0x10038000 G_ACT2
0x18038000 G_ACT3
0x00038000 COMP
0x00038040 COMP
0x00038080 COMP
0x000380c0 COMP
0x00038100 COMP
0x00038140 COMP
0x00038180 COMP
0x000381c0 COMP
0x00038200 COMP
0x00038240 COMP
0x00038280 COMP
0x000382c0 COMP
0x00038300 COMP
0x00038340 COMP
0x00038380 COMP
0x000383c0 COMP
READRES
0x00038800 G_ACT0
0x08038800 G_ACT1
0x10038800 G_ACT2
0x18038800 G_ACT3
0x00038800 COMP
0x00038840 COMP
0x00038880 COMP
0x000388c0 COMP
0x00038900 COMP
0x00038940 COMP
0x00038980 COMP
0x000389c0 COMP
0x00038a00 COMP
0x00038a40 COMP
0x00038a80 COMP
0x00038ac0 COMP
0x00038b00 COMP
0x00038b40 COMP
0x00038b80 COMP
0x00038bc0 COMP
READRES
0x00039000 G_ACT0
0x08039000 G_ACT1
0x10039000 G_ACT2
0x18039000 G_ACT3
0x00039000 COMP
0x00039040 COMP
0x00039080 COMP
0x000390c0 COMP
0x00039100 COMP
0x00039140 COMP
0x00039180 COMP
0x000391c0 COMP
0x00039200 COMP
0x00039240 COMP
0x00039280 COMP
0x000392c0 COMP
0x00039300 COMP
0x00039340 COMP
0x00039380 COMP
0x000393c0 COMP
READRES
0x00039800 G_ACT0
0x08039800 G_ACT1
0x10039800 G_ACT2
0x18039800 G_ACT3
0x00039800 COMP
0x00039840 COMP
0x00039880 COMP
0x000398c0 COMP
0x00039900 COMP
0x00039940 COMP
0x00039980 COMP
0x000399c0 COMP
0x00039a00 COMP
0x00039a40 COMP
0x00039a80 COMP
0x00039ac0 COMP
0x00039b00 COMP
0x00039b40 COMP
0x00039b80 COMP
0x00039bc0 COMP
READRES
0x0003a000 G_ACT0
0x0803a000 G_ACT1
0x1003a000 G_ACT2
0x1803a000 G_ACT3
0x0003a000 COMP
0x0003a040 COMP
0x0003a080 COMP
0x0003a0c0 COMP
0x0003a100 COMP
0x0003a140 COMP
0x0003a180 COMP
0x0003a1c0 COMP
0x0003a200 COMP
0x0003a240 COMP
0x0003a280 COMP
0x0003a2c0 COMP
0x0003a300 COMP
0x0003a340 COMP
0x0003a380 COMP
0x0003a3c0 COMP
READRES
0x0003a800 G_ACT0
0x0803a800 G_ACT1
0x1003a800 G_ACT2
0x1803a800 G_ACT3
0x0003a800 COMP
0x0003a840 COMP
0x0003a880 COMP
0x0003a8c0 COMP
0x0003a900 COMP
0x0003a940 COMP
0x0003a980 COMP
0x0003a9c0 COMP
0x0003aa00 COMP
0x0003aa40 COMP
0x0003aa80 COMP
0x0003aac0 COMP
0x0003ab00 COMP
0x0003ab40 COMP
0x0003ab80 COMP
0x0003abc0 COMP
READRES
0x0003b000 G_ACT0
0x0803b000 G_ACT1
0x1003b000 G_ACT2
0x1803b000 G_ACT3
0x0003b000 COMP
0x0003b040 COMP
0x0003b080 COMP
0x0003b0c0 COMP
0x0003b100 COMP
0x0003b140 COMP
0x0003b180 COMP
0x0003b1c0 COMP
0x0003b200 COMP
0x0003b240 COMP
0x0003b280 COMP
0x0003b2c0 COMP
0x0003b300 COMP
0x0003b340 COMP
0x0003b380 COMP
0x0003b3c0 COMP
READRES
0x0003b800 G_ACT0
0x0803b800 G_ACT1
0x1003b800 G_ACT2
0x1803b800 G_ACT3
0x0003b800 COMP
0x0003b840 COMP
0x0003b880 COMP
0x0003b8c0 COMP
0x0003b900 COMP
0x0003b940 COMP
0x0003b980 COMP
0x0003b9c0 COMP
0x0003ba00 COMP
0x0003ba40 COMP
0x0003ba80 COMP
0x0003bac0 COMP
0x0003bb00 COMP
0x0003bb40 COMP
0x0003bb80 COMP
0x0003bbc0 COMP
READRES
0x0003c000 G_ACT0
0x0803c000 G_ACT1
0x1003c000 G_ACT2
0x1803c000 G_ACT3
0x0003c000 COMP
0x0003c040 COMP
0x0003c080 COMP
0x0003c0c0 COMP
0x0003c100 COMP
0x0003c140 COMP
0x0003c180 COMP
0x0003c1c0 COMP
0x0003c200 COMP
0x0003c240 COMP
0x0003c280 COMP
0x0003c2c0 COMP
0x0003c300 COMP
0x0003c340 COMP
0x0003c380 COMP
0x0003c3c0 COMP
READRES
0x0003c800 G_ACT0
0x0803c800 G_ACT1
0x1003c800 G_ACT2
0x1803c800 G_ACT3
0x0003c800 COMP
0x0003c840 COMP
0x0003c880 COMP
0x0003c8c0 COMP
0x0003c900 COMP
0x0003c940 COMP
0x0003c980 COMP
0x0003c9c0 COMP
0x0003ca00 COMP
0x0003ca40 COMP
0x0003ca80 COMP
0x0003cac0 COMP
0x0003cb00 COMP
0x0003cb40 COMP
0x0003cb80 COMP
0x0003cbc0 COMP
READRES
0x0003d000 G_ACT0
0x0803d000 G_ACT1
0x1003d000 G_ACT2
0x1803d000 G_ACT3
0x0003d000 COMP
0x0003d040 COMP
0x0003d080 COMP
0x0003d0c0 COMP
0x0003d100 COMP
0x0003d140 COMP
0x0003d180 COMP
0x0003d1c0 COMP
0x0003d200 COMP
0x0003d240 COMP
0x0003d280 COMP
0x0003d2c0 COMP
0x0003d300 COMP
0x0003d340 COMP
0x0003d380 COMP
0x0003d3c0 COMP
READRES
0x0003d800 G_ACT0
0x0803d800 G_ACT1
0x1003d800 G_ACT2
0x1803d800 G_ACT3
0x0003d800 COMP
0x0003d840 COMP
0x0003d880 COMP
0x0003d8c0 COMP
0x0003d900 COMP
0x0003d940 COMP
0x0003d980 COMP
0x0003d9c0 COMP
0x0003da00 COMP
0x0003da40 COMP
0x0003da80 COMP
0x0003dac0 COMP
0x0003db00 COMP
0x0003db40 COMP
0x0003db80 COMP
0x0003dbc0 COMP
READRES
0x0003e000 G_ACT0
0x0803e000 G_ACT1
0x1003e000 G_ACT2
0x1803e000 G_ACT3
0x0003e000 COMP
0x0003e040 COMP
0x0003e080 COMP
0x0003e0c0 COMP
0x0003e100 COMP
0x0003e140 COMP
0x0003e180 COMP
0x0003e1c0 COMP
0x0003e200 COMP
0x0003e240 COMP
0x0003e280 COMP
0x0003e2c0 COMP
0x0003e300 COMP
0x0003e340 COMP
0x0003e380 COMP
0x0003e3c0 COMP
READRES
0x0003e800 G_ACT0
0x0803e800 G_ACT1
0x1003e800 G_ACT2
0x1803e800 G_ACT3
0x0003e800 COMP
0x0003e840 COMP
0x0003e880 COMP
0x0003e8c0 COMP
0x0003e900 COMP
0x0003e940 COMP
0x0003e980 COMP
0x0003e9c0 COMP
0x0003ea00 COMP
0x0003ea40 COMP
0x0003ea80 COMP
0x0003eac0 COMP
0x0003eb00 COMP
0x0003eb40 COMP
0x0003eb80 COMP
0x0003ebc0 COMP
READRES
0x0003f000 G_ACT0
0x0803f000 G_ACT1
0x1003f000 G_ACT2
0x1803f000 G_ACT3
0x0003f000 COMP
0x0003f040 COMP
0x0003f080 COMP
0x0003f0c0 COMP
0x0003f100 COMP
0x0003f140 COMP
0x0003f180 COMP
0x0003f1c0 COMP
0x0003f200 COMP
0x0003f240 COMP
0x0003f280 COMP
0x0003f2c0 COMP
0x0003f300 COMP
0x0003f340 COMP
0x0003f380 COMP
0x0003f3c0 COMP
READRES
0x0003f800 G_ACT0
0x0803f800 G_ACT1
0x1003f800 G_ACT2
0x1803f800 G_ACT3
0x0003f800 COMP
0x0003f840 COMP
0x0003f880 COMP
0x0003f8c0 COMP
0x0003f900 COMP
0x0003f940 COMP
0x0003f980 COMP
0x0003f9c0 COMP
0x0003fa00 COMP
0x0003fa40 COMP
0x0003fa80 COMP
0x0003fac0 COMP
0x0003fb00 COMP
0x0003fb40 COMP
0x0003fb80 COMP
0x0003fbc0 COMP
READRES
0x00040000 G_ACT0
0x08040000 G_ACT1
0x10040000 G_ACT2
0x18040000 G_ACT3
0x00040000 COMP
0x00040040 COMP
0x00040080 COMP
0x000400c0 COMP
0x00040100 COMP
0x00040140 COMP
0x00040180 COMP
0x000401c0 COMP
0x00040200 COMP
0x00040240 COMP
0x00040280 COMP
0x000402c0 COMP
0x00040300 COMP
0x00040340 COMP
0x00040380 COMP
0x000403c0 COMP
READRES
0x00040800 G_ACT0
0x08040800 G_ACT1
0x10040800 G_ACT2
0x18040800 G_ACT3
0x00040800 COMP
0x00040840 COMP
0x00040880 COMP
0x000408c0 COMP
0x00040900 COMP
0x00040940 COMP
0x00040980 COMP
0x000409c0 COMP
0x00040a00 COMP
0x00040a40 COMP
0x00040a80 COMP
0x00040ac0 COMP
0x00040b00 COMP
0x00040b40 COMP
0x00040b80 COMP
0x00040bc0 COMP
READRES
0x00041000 G_ACT0
0x08041000 G_ACT1
0x10041000 G_ACT2
0x18041000 G_ACT3
0x00041000 COMP
0x00041040 COMP
0x00041080 COMP
0x000410c0 COMP
0x00041100 COMP
0x00041140 COMP
0x00041180 COMP
0x000411c0 COMP
0x00041200 COMP
0x00041240 COMP
0x00041280 COMP
0x000412c0 COMP
0x00041300 COMP
0x00041340 COMP
0x00041380 COMP
0x000413c0 COMP
READRES
0x00041800 G_ACT0
0x08041800 G_ACT1
0x10041800 G_ACT2
0x18041800 G_ACT3
0x00041800 COMP
0x00041840 COMP
0x00041880 COMP
0x000418c0 COMP
0x00041900 COMP
0x00041940 COMP
0x00041980 COMP
0x000419c0 COMP
0x00041a00 COMP
0x00041a40 COMP
0x00041a80 COMP
0x00041ac0 COMP
0x00041b00 COMP
0x00041b40 COMP
0x00041b80 COMP
0x00041bc0 COMP
READRES
0x00042000 G_ACT0
0x08042000 G_ACT1
0x10042000 G_ACT2
0x18042000 G_ACT3
0x00042000 COMP
0x00042040 COMP
0x00042080 COMP
0x000420c0 COMP
0x00042100 COMP
0x00042140 COMP
0x00042180 COMP
0x000421c0 COMP
0x00042200 COMP
0x00042240 COMP
0x00042280 COMP
0x000422c0 COMP
0x00042300 COMP
0x00042340 COMP
0x00042380 COMP
0x000423c0 COMP
READRES
0x00042800 G_ACT0
0x08042800 G_ACT1
0x10042800 G_ACT2
0x18042800 G_ACT3
0x00042800 COMP
0x00042840 COMP
0x00042880 COMP
0x000428c0 COMP
0x00042900 COMP
0x00042940 COMP
0x00042980 COMP
0x000429c0 COMP
0x00042a00 COMP
0x00042a40 COMP
0x00042a80 COMP
0x00042ac0 COMP
0x00042b00 COMP
0x00042b40 COMP
0x00042b80 COMP
0x00042bc0 COMP
READRES
0x00043000 G_ACT0
0x08043000 G_ACT1
0x10043000 G_ACT2
0x18043000 G_ACT3
0x00043000 COMP
0x00043040 COMP
0x00043080 COMP
0x000430c0 COMP
0x00043100 COMP
0x00043140 COMP
0x00043180 COMP
0x000431c0 COMP
0x00043200 COMP
0x00043240 COMP
0x00043280 COMP
0x000432c0 COMP
0x00043300 COMP
0x00043340 COMP
0x00043380 COMP
0x000433c0 COMP
READRES
0x00043800 G_ACT0
0x08043800 G_ACT1
0x10043800 G_ACT2
0x18043800 G_ACT3
0x00043800 COMP
0x00043840 COMP
0x00043880 COMP
0x000438c0 COMP
0x00043900 COMP
0x00043940 COMP
0x00043980 COMP
0x000439c0 COMP
0x00043a00 COMP
0x00043a40 COMP
0x00043a80 COMP
0x00043ac0 COMP
0x00043b00 COMP
0x00043b40 COMP
0x00043b80 COMP
0x00043bc0 COMP
READRES
0x00044000 G_ACT0
0x08044000 G_ACT1
0x10044000 G_ACT2
0x18044000 G_ACT3
0x00044000 COMP
0x00044040 COMP
0x00044080 COMP
0x000440c0 COMP
0x00044100 COMP
0x00044140 COMP
0x00044180 COMP
0x000441c0 COMP
0x00044200 COMP
0x00044240 COMP
0x00044280 COMP
0x000442c0 COMP
0x00044300 COMP
0x00044340 COMP
0x00044380 COMP
0x000443c0 COMP
READRES
0x00044800 G_ACT0
0x08044800 G_ACT1
0x10044800 G_ACT2
0x18044800 G_ACT3
0x00044800 COMP
0x00044840 COMP
0x00044880 COMP
0x000448c0 COMP
0x00044900 COMP
0x00044940 COMP
0x00044980 COMP
0x000449c0 COMP
0x00044a00 COMP
0x00044a40 COMP
0x00044a80 COMP
0x00044ac0 COMP
0x00044b00 COMP
0x00044b40 COMP
0x00044b80 COMP
0x00044bc0 COMP
READRES
0x00045000 G_ACT0
0x08045000 G_ACT1
0x10045000 G_ACT2
0x18045000 G_ACT3
0x00045000 COMP
0x00045040 COMP
0x00045080 COMP
0x000450c0 COMP
0x00045100 COMP
0x00045140 COMP
0x00045180 COMP
0x000451c0 COMP
0x00045200 COMP
0x00045240 COMP
0x00045280 COMP
0x000452c0 COMP
0x00045300 COMP
0x00045340 COMP
0x00045380 COMP
0x000453c0 COMP
READRES
0x00045800 G_ACT0
0x08045800 G_ACT1
0x10045800 G_ACT2
0x18045800 G_ACT3
0x00045800 COMP
0x00045840 COMP
0x00045880 COMP
0x000458c0 COMP
0x00045900 COMP
0x00045940 COMP
0x00045980 COMP
0x000459c0 COMP
0x00045a00 COMP
0x00045a40 COMP
0x00045a80 COMP
0x00045ac0 COMP
0x00045b00 COMP
0x00045b40 COMP
0x00045b80 COMP
0x00045bc0 COMP
READRES
0x00046000 G_ACT0
0x08046000 G_ACT1
0x10046000 G_ACT2
0x18046000 G_ACT3
0x00046000 COMP
0x00046040 COMP
0x00046080 COMP
0x000460c0 COMP
0x00046100 COMP
0x00046140 COMP
0x00046180 COMP
0x000461c0 COMP
0x00046200 COMP
0x00046240 COMP
0x00046280 COMP
0x000462c0 COMP
0x00046300 COMP
0x00046340 COMP
0x00046380 COMP
0x000463c0 COMP
READRES
0x00046800 G_ACT0
0x08046800 G_ACT1
0x10046800 G_ACT2
0x18046800 G_ACT3
0x00046800 COMP
0x00046840 COMP
0x00046880 COMP
0x000468c0 COMP
0x00046900 COMP
0x00046940 COMP
0x00046980 COMP
0x000469c0 COMP
0x00046a00 COMP
0x00046a40 COMP
0x00046a80 COMP
0x00046ac0 COMP
0x00046b00 COMP
0x00046b40 COMP
0x00046b80 COMP
0x00046bc0 COMP
READRES
0x00047000 G_ACT0
0x08047000 G_ACT1
0x10047000 G_ACT2
0x18047000 G_ACT3
0x00047000 COMP
0x00047040 COMP
0x00047080 COMP
0x000470c0 COMP
0x00047100 COMP
0x00047140 COMP
0x00047180 COMP
0x000471c0 COMP
0x00047200 COMP
0x00047240 COMP
0x00047280 COMP
0x000472c0 COMP
0x00047300 COMP
0x00047340 COMP
0x00047380 COMP
0x000473c0 COMP
READRES
0x00047800 G_ACT0
0x08047800 G_ACT1
0x10047800 G_ACT2
0x18047800 G_ACT3
0x00047800 COMP
0x00047840 COMP
0x00047880 COMP
0x000478c0 COMP
0x00047900 COMP
0x00047940 COMP
0x00047980 COMP
0x000479c0 COMP
0x00047a00 COMP
0x00047a40 COMP
0x00047a80 COMP
0x00047ac0 COMP
0x00047b00 COMP
0x00047b40 COMP
0x00047b80 COMP
0x00047bc0 COMP
READRES
0x00048000 G_ACT0
0x08048000 G_ACT1
0x10048000 G_ACT2
0x18048000 G_ACT3
0x00048000 COMP
0x00048040 COMP
0x00048080 COMP
0x000480c0 COMP
0x00048100 COMP
0x00048140 COMP
0x00048180 COMP
0x000481c0 COMP
0x00048200 COMP
0x00048240 COMP
0x00048280 COMP
0x000482c0 COMP
0x00048300 COMP
0x00048340 COMP
0x00048380 COMP
0x000483c0 COMP
READRES
0x00048800 G_ACT0
0x08048800 G_ACT1
0x10048800 G_ACT2
0x18048800 G_ACT3
0x00048800 COMP
0x00048840 COMP
0x00048880 COMP
0x000488c0 COMP
0x00048900 COMP
0x00048940 COMP
0x00048980 COMP
0x000489c0 COMP
0x00048a00 COMP
0x00048a40 COMP
0x00048a80 COMP
0x00048ac0 COMP
0x00048b00 COMP
0x00048b40 COMP
0x00048b80 COMP
0x00048bc0 COMP
READRES
0x00049000 G_ACT0
0x08049000 G_ACT1
0x10049000 G_ACT2
0x18049000 G_ACT3
0x00049000 COMP
0x00049040 COMP
0x00049080 COMP
0x000490c0 COMP
0x00049100 COMP
0x00049140 COMP
0x00049180 COMP
0x000491c0 COMP
0x00049200 COMP
0x00049240 COMP
0x00049280 COMP
0x000492c0 COMP
0x00049300 COMP
0x00049340 COMP
0x00049380 COMP
0x000493c0 COMP
READRES
0x00049800 G_ACT0
0x08049800 G_ACT1
0x10049800 G_ACT2
0x18049800 G_ACT3
0x00049800 COMP
0x00049840 COMP
0x00049880 COMP
0x000498c0 COMP
0x00049900 COMP
0x00049940 COMP
0x00049980 COMP
0x000499c0 COMP
0x00049a00 COMP
0x00049a40 COMP
0x00049a80 COMP
0x00049ac0 COMP
0x00049b00 COMP
0x00049b40 COMP
0x00049b80 COMP
0x00049bc0 COMP
READRES
0x0004a000 G_ACT0
0x0804a000 G_ACT1
0x1004a000 G_ACT2
0x1804a000 G_ACT3
0x0004a000 COMP
0x0004a040 COMP
0x0004a080 COMP
0x0004a0c0 COMP
0x0004a100 COMP
0x0004a140 COMP
0x0004a180 COMP
0x0004a1c0 COMP
0x0004a200 COMP
0x0004a240 COMP
0x0004a280 COMP
0x0004a2c0 COMP
0x0004a300 COMP
0x0004a340 COMP
0x0004a380 COMP
0x0004a3c0 COMP
READRES
0x0004a800 G_ACT0
0x0804a800 G_ACT1
0x1004a800 G_ACT2
0x1804a800 G_ACT3
0x0004a800 COMP
0x0004a840 COMP
0x0004a880 COMP
0x0004a8c0 COMP
0x0004a900 COMP
0x0004a940 COMP
0x0004a980 COMP
0x0004a9c0 COMP
0x0004aa00 COMP
0x0004aa40 COMP
0x0004aa80 COMP
0x0004aac0 COMP
0x0004ab00 COMP
0x0004ab40 COMP
0x0004ab80 COMP
0x0004abc0 COMP
READRES
0x0004b000 G_ACT0
0x0804b000 G_ACT1
0x1004b000 G_ACT2
0x1804b000 G_ACT3
0x0004b000 COMP
0x0004b040 COMP
0x0004b080 COMP
0x0004b0c0 COMP
0x0004b100 COMP
0x0004b140 COMP
0x0004b180 COMP
0x0004b1c0 COMP
0x0004b200 COMP
0x0004b240 COMP
0x0004b280 COMP
0x0004b2c0 COMP
0x0004b300 COMP
0x0004b340 COMP
0x0004b380 COMP
0x0004b3c0 COMP
READRES
0x0004b800 G_ACT0
0x0804b800 G_ACT1
0x1004b800 G_ACT2
0x1804b800 G_ACT3
0x0004b800 COMP
0x0004b840 COMP
0x0004b880 COMP
0x0004b8c0 COMP
0x0004b900 COMP
0x0004b940 COMP
0x0004b980 COMP
0x0004b9c0 COMP
0x0004ba00 COMP
0x0004ba40 COMP
0x0004ba80 COMP
0x0004bac0 COMP
0x0004bb00 COMP
0x0004bb40 COMP
0x0004bb80 COMP
0x0004bbc0 COMP
READRES
0x0004c000 G_ACT0
0x0804c000 G_ACT1
0x1004c000 G_ACT2
0x1804c000 G_ACT3
0x0004c000 COMP
0x0004c040 COMP
0x0004c080 COMP
0x0004c0c0 COMP
0x0004c100 COMP
0x0004c140 COMP
0x0004c180 COMP
0x0004c1c0 COMP
0x0004c200 COMP
0x0004c240 COMP
0x0004c280 COMP
0x0004c2c0 COMP
0x0004c300 COMP
0x0004c340 COMP
0x0004c380 COMP
0x0004c3c0 COMP
READRES
0x0004c800 G_ACT0
0x0804c800 G_ACT1
0x1004c800 G_ACT2
0x1804c800 G_ACT3
0x0004c800 COMP
0x0004c840 COMP
0x0004c880 COMP
0x0004c8c0 COMP
0x0004c900 COMP
0x0004c940 COMP
0x0004c980 COMP
0x0004c9c0 COMP
0x0004ca00 COMP
0x0004ca40 COMP
0x0004ca80 COMP
0x0004cac0 COMP
0x0004cb00 COMP
0x0004cb40 COMP
0x0004cb80 COMP
0x0004cbc0 COMP
READRES
0x0004d000 G_ACT0
0x0804d000 G_ACT1
0x1004d000 G_ACT2
0x1804d000 G_ACT3
0x0004d000 COMP
0x0004d040 COMP
0x0004d080 COMP
0x0004d0c0 COMP
0x0004d100 COMP
0x0004d140 COMP
0x0004d180 COMP
0x0004d1c0 COMP
0x0004d200 COMP
0x0004d240 COMP
0x0004d280 COMP
0x0004d2c0 COMP
0x0004d300 COMP
0x0004d340 COMP
0x0004d380 COMP
0x0004d3c0 COMP
READRES
0x0004d800 G_ACT0
0x0804d800 G_ACT1
0x1004d800 G_ACT2
0x1804d800 G_ACT3
0x0004d800 COMP
0x0004d840 COMP
0x0004d880 COMP
0x0004d8c0 COMP
0x0004d900 COMP
0x0004d940 COMP
0x0004d980 COMP
0x0004d9c0 COMP
0x0004da00 COMP
0x0004da40 COMP
0x0004da80 COMP
0x0004dac0 COMP
0x0004db00 COMP
0x0004db40 COMP
0x0004db80 COMP
0x0004dbc0 COMP
READRES
0x0004e000 G_ACT0
0x0804e000 G_ACT1
0x1004e000 G_ACT2
0x1804e000 G_ACT3
0x0004e000 COMP
0x0004e040 COMP
0x0004e080 COMP
0x0004e0c0 COMP
0x0004e100 COMP
0x0004e140 COMP
0x0004e180 COMP
0x0004e1c0 COMP
0x0004e200 COMP
0x0004e240 COMP
0x0004e280 COMP
0x0004e2c0 COMP
0x0004e300 COMP
0x0004e340 COMP
0x0004e380 COMP
0x0004e3c0 COMP
READRES
0x0004e800 G_ACT0
0x0804e800 G_ACT1
0x1004e800 G_ACT2
0x1804e800 G_ACT3
0x0004e800 COMP
0x0004e840 COMP
0x0004e880 COMP
0x0004e8c0 COMP
0x0004e900 COMP
0x0004e940 COMP
0x0004e980 COMP
0x0004e9c0 COMP
0x0004ea00 COMP
0x0004ea40 COMP
0x0004ea80 COMP
0x0004eac0 COMP
0x0004eb00 COMP
0x0004eb40 COMP
0x0004eb80 COMP
0x0004ebc0 COMP
READRES
0x0004f000 G_ACT0
0x0804f000 G_ACT1
0x1004f000 G_ACT2
0x1804f000 G_ACT3
0x0004f000 COMP
0x0004f040 COMP
0x0004f080 COMP
0x0004f0c0 COMP
0x0004f100 COMP
0x0004f140 COMP
0x0004f180 COMP
0x0004f1c0 COMP
0x0004f200 COMP
0x0004f240 COMP
0x0004f280 COMP
0x0004f2c0 COMP
0x0004f300 COMP
0x0004f340 COMP
0x0004f380 COMP
0x0004f3c0 COMP
READRES
0x0004f800 G_ACT0
0x0804f800 G_ACT1
0x1004f800 G_ACT2
0x1804f800 G_ACT3
0x0004f800 COMP
0x0004f840 COMP
0x0004f880 COMP
0x0004f8c0 COMP
0x0004f900 COMP
0x0004f940 COMP
0x0004f980 COMP
0x0004f9c0 COMP
0x0004fa00 COMP
0x0004fa40 COMP
0x0004fa80 COMP
0x0004fac0 COMP
0x0004fb00 COMP
0x0004fb40 COMP
0x0004fb80 COMP
0x0004fbc0 COMP
READRES
0x00050000 G_ACT0
0x08050000 G_ACT1
0x10050000 G_ACT2
0x18050000 G_ACT3
0x00050000 COMP
0x00050040 COMP
0x00050080 COMP
0x000500c0 COMP
0x00050100 COMP
0x00050140 COMP
0x00050180 COMP
0x000501c0 COMP
0x00050200 COMP
0x00050240 COMP
0x00050280 COMP
0x000502c0 COMP
0x00050300 COMP
0x00050340 COMP
0x00050380 COMP
0x000503c0 COMP
READRES
0x00050800 G_ACT0
0x08050800 G_ACT1
0x10050800 G_ACT2
0x18050800 G_ACT3
0x00050800 COMP
0x00050840 COMP
0x00050880 COMP
0x000508c0 COMP
0x00050900 COMP
0x00050940 COMP
0x00050980 COMP
0x000509c0 COMP
0x00050a00 COMP
0x00050a40 COMP
0x00050a80 COMP
0x00050ac0 COMP
0x00050b00 COMP
0x00050b40 COMP
0x00050b80 COMP
0x00050bc0 COMP
READRES
0x00051000 G_ACT0
0x08051000 G_ACT1
0x10051000 G_ACT2
0x18051000 G_ACT3
0x00051000 COMP
0x00051040 COMP
0x00051080 COMP
0x000510c0 COMP
0x00051100 COMP
0x00051140 COMP
0x00051180 COMP
0x000511c0 COMP
0x00051200 COMP
0x00051240 COMP
0x00051280 COMP
0x000512c0 COMP
0x00051300 COMP
0x00051340 COMP
0x00051380 COMP
0x000513c0 COMP
READRES
0x00051800 G_ACT0
0x08051800 G_ACT1
0x10051800 G_ACT2
0x18051800 G_ACT3
0x00051800 COMP
0x00051840 COMP
0x00051880 COMP
0x000518c0 COMP
0x00051900 COMP
0x00051940 COMP
0x00051980 COMP
0x000519c0 COMP
0x00051a00 COMP
0x00051a40 COMP
0x00051a80 COMP
0x00051ac0 COMP
0x00051b00 COMP
0x00051b40 COMP
0x00051b80 COMP
0x00051bc0 COMP
READRES
0x00052000 G_ACT0
0x08052000 G_ACT1
0x10052000 G_ACT2
0x18052000 G_ACT3
0x00052000 COMP
0x00052040 COMP
0x00052080 COMP
0x000520c0 COMP
0x00052100 COMP
0x00052140 COMP
0x00052180 COMP
0x000521c0 COMP
0x00052200 COMP
0x00052240 COMP
0x00052280 COMP
0x000522c0 COMP
0x00052300 COMP
0x00052340 COMP
0x00052380 COMP
0x000523c0 COMP
READRES
0x00052800 G_ACT0
0x08052800 G_ACT1
0x10052800 G_ACT2
0x18052800 G_ACT3
0x00052800 COMP
0x00052840 COMP
0x00052880 COMP
0x000528c0 COMP
0x00052900 COMP
0x00052940 COMP
0x00052980 COMP
0x000529c0 COMP
0x00052a00 COMP
0x00052a40 COMP
0x00052a80 COMP
0x00052ac0 COMP
0x00052b00 COMP
0x00052b40 COMP
0x00052b80 COMP
0x00052bc0 COMP
READRES
0x00053000 G_ACT0
0x08053000 G_ACT1
0x10053000 G_ACT2
0x18053000 G_ACT3
0x00053000 COMP
0x00053040 COMP
0x00053080 COMP
0x000530c0 COMP
0x00053100 COMP
0x00053140 COMP
0x00053180 COMP
0x000531c0 COMP
0x00053200 COMP
0x00053240 COMP
0x00053280 COMP
0x000532c0 COMP
0x00053300 COMP
0x00053340 COMP
0x00053380 COMP
0x000533c0 COMP
READRES
0x00053800 G_ACT0
0x08053800 G_ACT1
0x10053800 G_ACT2
0x18053800 G_ACT3
0x00053800 COMP
0x00053840 COMP
0x00053880 COMP
0x000538c0 COMP
0x00053900 COMP
0x00053940 COMP
0x00053980 COMP
0x000539c0 COMP
0x00053a00 COMP
0x00053a40 COMP
0x00053a80 COMP
0x00053ac0 COMP
0x00053b00 COMP
0x00053b40 COMP
0x00053b80 COMP
0x00053bc0 COMP
READRES
0x00054000 G_ACT0
0x08054000 G_ACT1
0x10054000 G_ACT2
0x18054000 G_ACT3
0x00054000 COMP
0x00054040 COMP
0x00054080 COMP
0x000540c0 COMP
0x00054100 COMP
0x00054140 COMP
0x00054180 COMP
0x000541c0 COMP
0x00054200 COMP
0x00054240 COMP
0x00054280 COMP
0x000542c0 COMP
0x00054300 COMP
0x00054340 COMP
0x00054380 COMP
0x000543c0 COMP
READRES
0x00054800 G_ACT0
0x08054800 G_ACT1
0x10054800 G_ACT2
0x18054800 G_ACT3
0x00054800 COMP
0x00054840 COMP
0x00054880 COMP
0x000548c0 COMP
0x00054900 COMP
0x00054940 COMP
0x00054980 COMP
0x000549c0 COMP
0x00054a00 COMP
0x00054a40 COMP
0x00054a80 COMP
0x00054ac0 COMP
0x00054b00 COMP
0x00054b40 COMP
0x00054b80 COMP
0x00054bc0 COMP
READRES
0x00055000 G_ACT0
0x08055000 G_ACT1
0x10055000 G_ACT2
0x18055000 G_ACT3
0x00055000 COMP
0x00055040 COMP
0x00055080 COMP
0x000550c0 COMP
0x00055100 COMP
0x00055140 COMP
0x00055180 COMP
0x000551c0 COMP
0x00055200 COMP
0x00055240 COMP
0x00055280 COMP
0x000552c0 COMP
0x00055300 COMP
0x00055340 COMP
0x00055380 COMP
0x000553c0 COMP
READRES
0x00055800 G_ACT0
0x08055800 G_ACT1
0x10055800 G_ACT2
0x18055800 G_ACT3
0x00055800 COMP
0x00055840 COMP
0x00055880 COMP
0x000558c0 COMP
0x00055900 COMP
0x00055940 COMP
0x00055980 COMP
0x000559c0 COMP
0x00055a00 COMP
0x00055a40 COMP
0x00055a80 COMP
0x00055ac0 COMP
0x00055b00 COMP
0x00055b40 COMP
0x00055b80 COMP
0x00055bc0 COMP
READRES
0x00056000 G_ACT0
0x08056000 G_ACT1
0x10056000 G_ACT2
0x18056000 G_ACT3
0x00056000 COMP
0x00056040 COMP
0x00056080 COMP
0x000560c0 COMP
0x00056100 COMP
0x00056140 COMP
0x00056180 COMP
0x000561c0 COMP
0x00056200 COMP
0x00056240 COMP
0x00056280 COMP
0x000562c0 COMP
0x00056300 COMP
0x00056340 COMP
0x00056380 COMP
0x000563c0 COMP
READRES
0x00056800 G_ACT0
0x08056800 G_ACT1
0x10056800 G_ACT2
0x18056800 G_ACT3
0x00056800 COMP
0x00056840 COMP
0x00056880 COMP
0x000568c0 COMP
0x00056900 COMP
0x00056940 COMP
0x00056980 COMP
0x000569c0 COMP
0x00056a00 COMP
0x00056a40 COMP
0x00056a80 COMP
0x00056ac0 COMP
0x00056b00 COMP
0x00056b40 COMP
0x00056b80 COMP
0x00056bc0 COMP
READRES
0x00057000 G_ACT0
0x08057000 G_ACT1
0x10057000 G_ACT2
0x18057000 G_ACT3
0x00057000 COMP
0x00057040 COMP
0x00057080 COMP
0x000570c0 COMP
0x00057100 COMP
0x00057140 COMP
0x00057180 COMP
0x000571c0 COMP
0x00057200 COMP
0x00057240 COMP
0x00057280 COMP
0x000572c0 COMP
0x00057300 COMP
0x00057340 COMP
0x00057380 COMP
0x000573c0 COMP
READRES
0x00057800 G_ACT0
0x08057800 G_ACT1
0x10057800 G_ACT2
0x18057800 G_ACT3
0x00057800 COMP
0x00057840 COMP
0x00057880 COMP
0x000578c0 COMP
0x00057900 COMP
0x00057940 COMP
0x00057980 COMP
0x000579c0 COMP
0x00057a00 COMP
0x00057a40 COMP
0x00057a80 COMP
0x00057ac0 COMP
0x00057b00 COMP
0x00057b40 COMP
0x00057b80 COMP
0x00057bc0 COMP
READRES
0x00058000 G_ACT0
0x08058000 G_ACT1
0x10058000 G_ACT2
0x18058000 G_ACT3
0x00058000 COMP
0x00058040 COMP
0x00058080 COMP
0x000580c0 COMP
0x00058100 COMP
0x00058140 COMP
0x00058180 COMP
0x000581c0 COMP
0x00058200 COMP
0x00058240 COMP
0x00058280 COMP
0x000582c0 COMP
0x00058300 COMP
0x00058340 COMP
0x00058380 COMP
0x000583c0 COMP
READRES
0x00058800 G_ACT0
0x08058800 G_ACT1
0x10058800 G_ACT2
0x18058800 G_ACT3
0x00058800 COMP
0x00058840 COMP
0x00058880 COMP
0x000588c0 COMP
0x00058900 COMP
0x00058940 COMP
0x00058980 COMP
0x000589c0 COMP
0x00058a00 COMP
0x00058a40 COMP
0x00058a80 COMP
0x00058ac0 COMP
0x00058b00 COMP
0x00058b40 COMP
0x00058b80 COMP
0x00058bc0 COMP
READRES
0x00059000 G_ACT0
0x08059000 G_ACT1
0x10059000 G_ACT2
0x18059000 G_ACT3
0x00059000 COMP
0x00059040 COMP
0x00059080 COMP
0x000590c0 COMP
0x00059100 COMP
0x00059140 COMP
0x00059180 COMP
0x000591c0 COMP
0x00059200 COMP
0x00059240 COMP
0x00059280 COMP
0x000592c0 COMP
0x00059300 COMP
0x00059340 COMP
0x00059380 COMP
0x000593c0 COMP
READRES
0x00059800 G_ACT0
0x08059800 G_ACT1
0x10059800 G_ACT2
0x18059800 G_ACT3
0x00059800 COMP
0x00059840 COMP
0x00059880 COMP
0x000598c0 COMP
0x00059900 COMP
0x00059940 COMP
0x00059980 COMP
0x000599c0 COMP
0x00059a00 COMP
0x00059a40 COMP
0x00059a80 COMP
0x00059ac0 COMP
0x00059b00 COMP
0x00059b40 COMP
0x00059b80 COMP
0x00059bc0 COMP
READRES
0x0005a000 G_ACT0
0x0805a000 G_ACT1
0x1005a000 G_ACT2
0x1805a000 G_ACT3
0x0005a000 COMP
0x0005a040 COMP
0x0005a080 COMP
0x0005a0c0 COMP
0x0005a100 COMP
0x0005a140 COMP
0x0005a180 COMP
0x0005a1c0 COMP
0x0005a200 COMP
0x0005a240 COMP
0x0005a280 COMP
0x0005a2c0 COMP
0x0005a300 COMP
0x0005a340 COMP
0x0005a380 COMP
0x0005a3c0 COMP
READRES
0x0005a800 G_ACT0
0x0805a800 G_ACT1
0x1005a800 G_ACT2
0x1805a800 G_ACT3
0x0005a800 COMP
0x0005a840 COMP
0x0005a880 COMP
0x0005a8c0 COMP
0x0005a900 COMP
0x0005a940 COMP
0x0005a980 COMP
0x0005a9c0 COMP
0x0005aa00 COMP
0x0005aa40 COMP
0x0005aa80 COMP
0x0005aac0 COMP
0x0005ab00 COMP
0x0005ab40 COMP
0x0005ab80 COMP
0x0005abc0 COMP
READRES
0x0005b000 G_ACT0
0x0805b000 G_ACT1
0x1005b000 G_ACT2
0x1805b000 G_ACT3
0x0005b000 COMP
0x0005b040 COMP
0x0005b080 COMP
0x0005b0c0 COMP
0x0005b100 COMP
0x0005b140 COMP
0x0005b180 COMP
0x0005b1c0 COMP
0x0005b200 COMP
0x0005b240 COMP
0x0005b280 COMP
0x0005b2c0 COMP
0x0005b300 COMP
0x0005b340 COMP
0x0005b380 COMP
0x0005b3c0 COMP
READRES
0x0005b800 G_ACT0
0x0805b800 G_ACT1
0x1005b800 G_ACT2
0x1805b800 G_ACT3
0x0005b800 COMP
0x0005b840 COMP
0x0005b880 COMP
0x0005b8c0 COMP
0x0005b900 COMP
0x0005b940 COMP
0x0005b980 COMP
0x0005b9c0 COMP
0x0005ba00 COMP
0x0005ba40 COMP
0x0005ba80 COMP
0x0005bac0 COMP
0x0005bb00 COMP
0x0005bb40 COMP
0x0005bb80 COMP
0x0005bbc0 COMP
READRES
0x0005c000 G_ACT0
0x0805c000 G_ACT1
0x1005c000 G_ACT2
0x1805c000 G_ACT3
0x0005c000 COMP
0x0005c040 COMP
0x0005c080 COMP
0x0005c0c0 COMP
0x0005c100 COMP
0x0005c140 COMP
0x0005c180 COMP
0x0005c1c0 COMP
0x0005c200 COMP
0x0005c240 COMP
0x0005c280 COMP
0x0005c2c0 COMP
0x0005c300 COMP
0x0005c340 COMP
0x0005c380 COMP
0x0005c3c0 COMP
READRES
0x0005c800 G_ACT0
0x0805c800 G_ACT1
0x1005c800 G_ACT2
0x1805c800 G_ACT3
0x0005c800 COMP
0x0005c840 COMP
0x0005c880 COMP
0x0005c8c0 COMP
0x0005c900 COMP
0x0005c940 COMP
0x0005c980 COMP
0x0005c9c0 COMP
0x0005ca00 COMP
0x0005ca40 COMP
0x0005ca80 COMP
0x0005cac0 COMP
0x0005cb00 COMP
0x0005cb40 COMP
0x0005cb80 COMP
0x0005cbc0 COMP
READRES
0x0005d000 G_ACT0
0x0805d000 G_ACT1
0x1005d000 G_ACT2
0x1805d000 G_ACT3
0x0005d000 COMP
0x0005d040 COMP
0x0005d080 COMP
0x0005d0c0 COMP
0x0005d100 COMP
0x0005d140 COMP
0x0005d180 COMP
0x0005d1c0 COMP
0x0005d200 COMP
0x0005d240 COMP
0x0005d280 COMP
0x0005d2c0 COMP
0x0005d300 COMP
0x0005d340 COMP
0x0005d380 COMP
0x0005d3c0 COMP
READRES
0x0005d800 G_ACT0
0x0805d800 G_ACT1
0x1005d800 G_ACT2
0x1805d800 G_ACT3
0x0005d800 COMP
0x0005d840 COMP
0x0005d880 COMP
0x0005d8c0 COMP
0x0005d900 COMP
0x0005d940 COMP
0x0005d980 COMP
0x0005d9c0 COMP
0x0005da00 COMP
0x0005da40 COMP
0x0005da80 COMP
0x0005dac0 COMP
0x0005db00 COMP
0x0005db40 COMP
0x0005db80 COMP
0x0005dbc0 COMP
READRES
0x0005e000 G_ACT0
0x0805e000 G_ACT1
0x1005e000 G_ACT2
0x1805e000 G_ACT3
0x0005e000 COMP
0x0005e040 COMP
0x0005e080 COMP
0x0005e0c0 COMP
0x0005e100 COMP
0x0005e140 COMP
0x0005e180 COMP
0x0005e1c0 COMP
0x0005e200 COMP
0x0005e240 COMP
0x0005e280 COMP
0x0005e2c0 COMP
0x0005e300 COMP
0x0005e340 COMP
0x0005e380 COMP
0x0005e3c0 COMP
READRES
0x0005e800 G_ACT0
0x0805e800 G_ACT1
0x1005e800 G_ACT2
0x1805e800 G_ACT3
0x0005e800 COMP
0x0005e840 COMP
0x0005e880 COMP
0x0005e8c0 COMP
0x0005e900 COMP
0x0005e940 COMP
0x0005e980 COMP
0x0005e9c0 COMP
0x0005ea00 COMP
0x0005ea40 COMP
0x0005ea80 COMP
0x0005eac0 COMP
0x0005eb00 COMP
0x0005eb40 COMP
0x0005eb80 COMP
0x0005ebc0 COMP
READRES
0x0005f000 G_ACT0
0x0805f000 G_ACT1
0x1005f000 G_ACT2
0x1805f000 G_ACT3
0x0005f000 COMP
0x0005f040 COMP
0x0005f080 COMP
0x0005f0c0 COMP
0x0005f100 COMP
0x0005f140 COMP
0x0005f180 COMP
0x0005f1c0 COMP
0x0005f200 COMP
0x0005f240 COMP
0x0005f280 COMP
0x0005f2c0 COMP
0x0005f300 COMP
0x0005f340 COMP
0x0005f380 COMP
0x0005f3c0 COMP
READRES
0x0005f800 G_ACT0
0x0805f800 G_ACT1
0x1005f800 G_ACT2
0x1805f800 G_ACT3
0x0005f800 COMP
0x0005f840 COMP
0x0005f880 COMP
0x0005f8c0 COMP
0x0005f900 COMP
0x0005f940 COMP
0x0005f980 COMP
0x0005f9c0 COMP
0x0005fa00 COMP
0x0005fa40 COMP
0x0005fa80 COMP
0x0005fac0 COMP
0x0005fb00 COMP
0x0005fb40 COMP
0x0005fb80 COMP
0x0005fbc0 COMP
READRES
0x00060000 G_ACT0
0x08060000 G_ACT1
0x10060000 G_ACT2
0x18060000 G_ACT3
0x00060000 COMP
0x00060040 COMP
0x00060080 COMP
0x000600c0 COMP
0x00060100 COMP
0x00060140 COMP
0x00060180 COMP
0x000601c0 COMP
0x00060200 COMP
0x00060240 COMP
0x00060280 COMP
0x000602c0 COMP
0x00060300 COMP
0x00060340 COMP
0x00060380 COMP
0x000603c0 COMP
READRES
0x00060800 G_ACT0
0x08060800 G_ACT1
0x10060800 G_ACT2
0x18060800 G_ACT3
0x00060800 COMP
0x00060840 COMP
0x00060880 COMP
0x000608c0 COMP
0x00060900 COMP
0x00060940 COMP
0x00060980 COMP
0x000609c0 COMP
0x00060a00 COMP
0x00060a40 COMP
0x00060a80 COMP
0x00060ac0 COMP
0x00060b00 COMP
0x00060b40 COMP
0x00060b80 COMP
0x00060bc0 COMP
READRES
0x00061000 G_ACT0
0x08061000 G_ACT1
0x10061000 G_ACT2
0x18061000 G_ACT3
0x00061000 COMP
0x00061040 COMP
0x00061080 COMP
0x000610c0 COMP
0x00061100 COMP
0x00061140 COMP
0x00061180 COMP
0x000611c0 COMP
0x00061200 COMP
0x00061240 COMP
0x00061280 COMP
0x000612c0 COMP
0x00061300 COMP
0x00061340 COMP
0x00061380 COMP
0x000613c0 COMP
READRES
0x00061800 G_ACT0
0x08061800 G_ACT1
0x10061800 G_ACT2
0x18061800 G_ACT3
0x00061800 COMP
0x00061840 COMP
0x00061880 COMP
0x000618c0 COMP
0x00061900 COMP
0x00061940 COMP
0x00061980 COMP
0x000619c0 COMP
0x00061a00 COMP
0x00061a40 COMP
0x00061a80 COMP
0x00061ac0 COMP
0x00061b00 COMP
0x00061b40 COMP
0x00061b80 COMP
0x00061bc0 COMP
READRES
0x00062000 G_ACT0
0x08062000 G_ACT1
0x10062000 G_ACT2
0x18062000 G_ACT3
0x00062000 COMP
0x00062040 COMP
0x00062080 COMP
0x000620c0 COMP
0x00062100 COMP
0x00062140 COMP
0x00062180 COMP
0x000621c0 COMP
0x00062200 COMP
0x00062240 COMP
0x00062280 COMP
0x000622c0 COMP
0x00062300 COMP
0x00062340 COMP
0x00062380 COMP
0x000623c0 COMP
READRES
0x00062800 G_ACT0
0x08062800 G_ACT1
0x10062800 G_ACT2
0x18062800 G_ACT3
0x00062800 COMP
0x00062840 COMP
0x00062880 COMP
0x000628c0 COMP
0x00062900 COMP
0x00062940 COMP
0x00062980 COMP
0x000629c0 COMP
0x00062a00 COMP
0x00062a40 COMP
0x00062a80 COMP
0x00062ac0 COMP
0x00062b00 COMP
0x00062b40 COMP
0x00062b80 COMP
0x00062bc0 COMP
READRES
0x00063000 G_ACT0
0x08063000 G_ACT1
0x10063000 G_ACT2
0x18063000 G_ACT3
0x00063000 COMP
0x00063040 COMP
0x00063080 COMP
0x000630c0 COMP
0x00063100 COMP
0x00063140 COMP
0x00063180 COMP
0x000631c0 COMP
0x00063200 COMP
0x00063240 COMP
0x00063280 COMP
0x000632c0 COMP
0x00063300 COMP
0x00063340 COMP
0x00063380 COMP
0x000633c0 COMP
READRES
0x00063800 G_ACT0
0x08063800 G_ACT1
0x10063800 G_ACT2
0x18063800 G_ACT3
0x00063800 COMP
0x00063840 COMP
0x00063880 COMP
0x000638c0 COMP
0x00063900 COMP
0x00063940 COMP
0x00063980 COMP
0x000639c0 COMP
0x00063a00 COMP
0x00063a40 COMP
0x00063a80 COMP
0x00063ac0 COMP
0x00063b00 COMP
0x00063b40 COMP
0x00063b80 COMP
0x00063bc0 COMP
READRES
0x00064000 G_ACT0
0x08064000 G_ACT1
0x10064000 G_ACT2
0x18064000 G_ACT3
0x00064000 COMP
0x00064040 COMP
0x00064080 COMP
0x000640c0 COMP
0x00064100 COMP
0x00064140 COMP
0x00064180 COMP
0x000641c0 COMP
0x00064200 COMP
0x00064240 COMP
0x00064280 COMP
0x000642c0 COMP
0x00064300 COMP
0x00064340 COMP
0x00064380 COMP
0x000643c0 COMP
READRES
0x00064800 G_ACT0
0x08064800 G_ACT1
0x10064800 G_ACT2
0x18064800 G_ACT3
0x00064800 COMP
0x00064840 COMP
0x00064880 COMP
0x000648c0 COMP
0x00064900 COMP
0x00064940 COMP
0x00064980 COMP
0x000649c0 COMP
0x00064a00 COMP
0x00064a40 COMP
0x00064a80 COMP
0x00064ac0 COMP
0x00064b00 COMP
0x00064b40 COMP
0x00064b80 COMP
0x00064bc0 COMP
READRES
0x00065000 G_ACT0
0x08065000 G_ACT1
0x10065000 G_ACT2
0x18065000 G_ACT3
0x00065000 COMP
0x00065040 COMP
0x00065080 COMP
0x000650c0 COMP
0x00065100 COMP
0x00065140 COMP
0x00065180 COMP
0x000651c0 COMP
0x00065200 COMP
0x00065240 COMP
0x00065280 COMP
0x000652c0 COMP
0x00065300 COMP
0x00065340 COMP
0x00065380 COMP
0x000653c0 COMP
READRES
0x00065800 G_ACT0
0x08065800 G_ACT1
0x10065800 G_ACT2
0x18065800 G_ACT3
0x00065800 COMP
0x00065840 COMP
0x00065880 COMP
0x000658c0 COMP
0x00065900 COMP
0x00065940 COMP
0x00065980 COMP
0x000659c0 COMP
0x00065a00 COMP
0x00065a40 COMP
0x00065a80 COMP
0x00065ac0 COMP
0x00065b00 COMP
0x00065b40 COMP
0x00065b80 COMP
0x00065bc0 COMP
READRES
0x00066000 G_ACT0
0x08066000 G_ACT1
0x10066000 G_ACT2
0x18066000 G_ACT3
0x00066000 COMP
0x00066040 COMP
0x00066080 COMP
0x000660c0 COMP
0x00066100 COMP
0x00066140 COMP
0x00066180 COMP
0x000661c0 COMP
0x00066200 COMP
0x00066240 COMP
0x00066280 COMP
0x000662c0 COMP
0x00066300 COMP
0x00066340 COMP
0x00066380 COMP
0x000663c0 COMP
READRES
0x00066800 G_ACT0
0x08066800 G_ACT1
0x10066800 G_ACT2
0x18066800 G_ACT3
0x00066800 COMP
0x00066840 COMP
0x00066880 COMP
0x000668c0 COMP
0x00066900 COMP
0x00066940 COMP
0x00066980 COMP
0x000669c0 COMP
0x00066a00 COMP
0x00066a40 COMP
0x00066a80 COMP
0x00066ac0 COMP
0x00066b00 COMP
0x00066b40 COMP
0x00066b80 COMP
0x00066bc0 COMP
READRES
0x00067000 G_ACT0
0x08067000 G_ACT1
0x10067000 G_ACT2
0x18067000 G_ACT3
0x00067000 COMP
0x00067040 COMP
0x00067080 COMP
0x000670c0 COMP
0x00067100 COMP
0x00067140 COMP
0x00067180 COMP
0x000671c0 COMP
0x00067200 COMP
0x00067240 COMP
0x00067280 COMP
0x000672c0 COMP
0x00067300 COMP
0x00067340 COMP
0x00067380 COMP
0x000673c0 COMP
READRES
0x00067800 G_ACT0
0x08067800 G_ACT1
0x10067800 G_ACT2
0x18067800 G_ACT3
0x00067800 COMP
0x00067840 COMP
0x00067880 COMP
0x000678c0 COMP
0x00067900 COMP
0x00067940 COMP
0x00067980 COMP
0x000679c0 COMP
0x00067a00 COMP
0x00067a40 COMP
0x00067a80 COMP
0x00067ac0 COMP
0x00067b00 COMP
0x00067b40 COMP
0x00067b80 COMP
0x00067bc0 COMP
READRES
0x00068000 G_ACT0
0x08068000 G_ACT1
0x10068000 G_ACT2
0x18068000 G_ACT3
0x00068000 COMP
0x00068040 COMP
0x00068080 COMP
0x000680c0 COMP
0x00068100 COMP
0x00068140 COMP
0x00068180 COMP
0x000681c0 COMP
0x00068200 COMP
0x00068240 COMP
0x00068280 COMP
0x000682c0 COMP
0x00068300 COMP
0x00068340 COMP
0x00068380 COMP
0x000683c0 COMP
READRES
0x00068800 G_ACT0
0x08068800 G_ACT1
0x10068800 G_ACT2
0x18068800 G_ACT3
0x00068800 COMP
0x00068840 COMP
0x00068880 COMP
0x000688c0 COMP
0x00068900 COMP
0x00068940 COMP
0x00068980 COMP
0x000689c0 COMP
0x00068a00 COMP
0x00068a40 COMP
0x00068a80 COMP
0x00068ac0 COMP
0x00068b00 COMP
0x00068b40 COMP
0x00068b80 COMP
0x00068bc0 COMP
READRES
0x00069000 G_ACT0
0x08069000 G_ACT1
0x10069000 G_ACT2
0x18069000 G_ACT3
0x00069000 COMP
0x00069040 COMP
0x00069080 COMP
0x000690c0 COMP
0x00069100 COMP
0x00069140 COMP
0x00069180 COMP
0x000691c0 COMP
0x00069200 COMP
0x00069240 COMP
0x00069280 COMP
0x000692c0 COMP
0x00069300 COMP
0x00069340 COMP
0x00069380 COMP
0x000693c0 COMP
READRES
0x00069800 G_ACT0
0x08069800 G_ACT1
0x10069800 G_ACT2
0x18069800 G_ACT3
0x00069800 COMP
0x00069840 COMP
0x00069880 COMP
0x000698c0 COMP
0x00069900 COMP
0x00069940 COMP
0x00069980 COMP
0x000699c0 COMP
0x00069a00 COMP
0x00069a40 COMP
0x00069a80 COMP
0x00069ac0 COMP
0x00069b00 COMP
0x00069b40 COMP
0x00069b80 COMP
0x00069bc0 COMP
READRES
0x0006a000 G_ACT0
0x0806a000 G_ACT1
0x1006a000 G_ACT2
0x1806a000 G_ACT3
0x0006a000 COMP
0x0006a040 COMP
0x0006a080 COMP
0x0006a0c0 COMP
0x0006a100 COMP
0x0006a140 COMP
0x0006a180 COMP
0x0006a1c0 COMP
0x0006a200 COMP
0x0006a240 COMP
0x0006a280 COMP
0x0006a2c0 COMP
0x0006a300 COMP
0x0006a340 COMP
0x0006a380 COMP
0x0006a3c0 COMP
READRES
0x0006a800 G_ACT0
0x0806a800 G_ACT1
0x1006a800 G_ACT2
0x1806a800 G_ACT3
0x0006a800 COMP
0x0006a840 COMP
0x0006a880 COMP
0x0006a8c0 COMP
0x0006a900 COMP
0x0006a940 COMP
0x0006a980 COMP
0x0006a9c0 COMP
0x0006aa00 COMP
0x0006aa40 COMP
0x0006aa80 COMP
0x0006aac0 COMP
0x0006ab00 COMP
0x0006ab40 COMP
0x0006ab80 COMP
0x0006abc0 COMP
READRES
0x0006b000 G_ACT0
0x0806b000 G_ACT1
0x1006b000 G_ACT2
0x1806b000 G_ACT3
0x0006b000 COMP
0x0006b040 COMP
0x0006b080 COMP
0x0006b0c0 COMP
0x0006b100 COMP
0x0006b140 COMP
0x0006b180 COMP
0x0006b1c0 COMP
0x0006b200 COMP
0x0006b240 COMP
0x0006b280 COMP
0x0006b2c0 COMP
0x0006b300 COMP
0x0006b340 COMP
0x0006b380 COMP
0x0006b3c0 COMP
READRES
0x0006b800 G_ACT0
0x0806b800 G_ACT1
0x1006b800 G_ACT2
0x1806b800 G_ACT3
0x0006b800 COMP
0x0006b840 COMP
0x0006b880 COMP
0x0006b8c0 COMP
0x0006b900 COMP
0x0006b940 COMP
0x0006b980 COMP
0x0006b9c0 COMP
0x0006ba00 COMP
0x0006ba40 COMP
0x0006ba80 COMP
0x0006bac0 COMP
0x0006bb00 COMP
0x0006bb40 COMP
0x0006bb80 COMP
0x0006bbc0 COMP
READRES
0x0006c000 G_ACT0
0x0806c000 G_ACT1
0x1006c000 G_ACT2
0x1806c000 G_ACT3
0x0006c000 COMP
0x0006c040 COMP
0x0006c080 COMP
0x0006c0c0 COMP
0x0006c100 COMP
0x0006c140 COMP
0x0006c180 COMP
0x0006c1c0 COMP
0x0006c200 COMP
0x0006c240 COMP
0x0006c280 COMP
0x0006c2c0 COMP
0x0006c300 COMP
0x0006c340 COMP
0x0006c380 COMP
0x0006c3c0 COMP
READRES
0x0006c800 G_ACT0
0x0806c800 G_ACT1
0x1006c800 G_ACT2
0x1806c800 G_ACT3
0x0006c800 COMP
0x0006c840 COMP
0x0006c880 COMP
0x0006c8c0 COMP
0x0006c900 COMP
0x0006c940 COMP
0x0006c980 COMP
0x0006c9c0 COMP
0x0006ca00 COMP
0x0006ca40 COMP
0x0006ca80 COMP
0x0006cac0 COMP
0x0006cb00 COMP
0x0006cb40 COMP
0x0006cb80 COMP
0x0006cbc0 COMP
READRES
0x0006d000 G_ACT0
0x0806d000 G_ACT1
0x1006d000 G_ACT2
0x1806d000 G_ACT3
0x0006d000 COMP
0x0006d040 COMP
0x0006d080 COMP
0x0006d0c0 COMP
0x0006d100 COMP
0x0006d140 COMP
0x0006d180 COMP
0x0006d1c0 COMP
0x0006d200 COMP
0x0006d240 COMP
0x0006d280 COMP
0x0006d2c0 COMP
0x0006d300 COMP
0x0006d340 COMP
0x0006d380 COMP
0x0006d3c0 COMP
READRES
0x0006d800 G_ACT0
0x0806d800 G_ACT1
0x1006d800 G_ACT2
0x1806d800 G_ACT3
0x0006d800 COMP
0x0006d840 COMP
0x0006d880 COMP
0x0006d8c0 COMP
0x0006d900 COMP
0x0006d940 COMP
0x0006d980 COMP
0x0006d9c0 COMP
0x0006da00 COMP
0x0006da40 COMP
0x0006da80 COMP
0x0006dac0 COMP
0x0006db00 COMP
0x0006db40 COMP
0x0006db80 COMP
0x0006dbc0 COMP
READRES
0x0006e000 G_ACT0
0x0806e000 G_ACT1
0x1006e000 G_ACT2
0x1806e000 G_ACT3
0x0006e000 COMP
0x0006e040 COMP
0x0006e080 COMP
0x0006e0c0 COMP
0x0006e100 COMP
0x0006e140 COMP
0x0006e180 COMP
0x0006e1c0 COMP
0x0006e200 COMP
0x0006e240 COMP
0x0006e280 COMP
0x0006e2c0 COMP
0x0006e300 COMP
0x0006e340 COMP
0x0006e380 COMP
0x0006e3c0 COMP
READRES
0x0006e800 G_ACT0
0x0806e800 G_ACT1
0x1006e800 G_ACT2
0x1806e800 G_ACT3
0x0006e800 COMP
0x0006e840 COMP
0x0006e880 COMP
0x0006e8c0 COMP
0x0006e900 COMP
0x0006e940 COMP
0x0006e980 COMP
0x0006e9c0 COMP
0x0006ea00 COMP
0x0006ea40 COMP
0x0006ea80 COMP
0x0006eac0 COMP
0x0006eb00 COMP
0x0006eb40 COMP
0x0006eb80 COMP
0x0006ebc0 COMP
READRES
0x0006f000 G_ACT0
0x0806f000 G_ACT1
0x1006f000 G_ACT2
0x1806f000 G_ACT3
0x0006f000 COMP
0x0006f040 COMP
0x0006f080 COMP
0x0006f0c0 COMP
0x0006f100 COMP
0x0006f140 COMP
0x0006f180 COMP
0x0006f1c0 COMP
0x0006f200 COMP
0x0006f240 COMP
0x0006f280 COMP
0x0006f2c0 COMP
0x0006f300 COMP
0x0006f340 COMP
0x0006f380 COMP
0x0006f3c0 COMP
READRES
0x0006f800 G_ACT0
0x0806f800 G_ACT1
0x1006f800 G_ACT2
0x1806f800 G_ACT3
0x0006f800 COMP
0x0006f840 COMP
0x0006f880 COMP
0x0006f8c0 COMP
0x0006f900 COMP
0x0006f940 COMP
0x0006f980 COMP
0x0006f9c0 COMP
0x0006fa00 COMP
0x0006fa40 COMP
0x0006fa80 COMP
0x0006fac0 COMP
0x0006fb00 COMP
0x0006fb40 COMP
0x0006fb80 COMP
0x0006fbc0 COMP
READRES
0x00070000 G_ACT0
0x08070000 G_ACT1
0x10070000 G_ACT2
0x18070000 G_ACT3
0x00070000 COMP
0x00070040 COMP
0x00070080 COMP
0x000700c0 COMP
0x00070100 COMP
0x00070140 COMP
0x00070180 COMP
0x000701c0 COMP
0x00070200 COMP
0x00070240 COMP
0x00070280 COMP
0x000702c0 COMP
0x00070300 COMP
0x00070340 COMP
0x00070380 COMP
0x000703c0 COMP
READRES
0x00070800 G_ACT0
0x08070800 G_ACT1
0x10070800 G_ACT2
0x18070800 G_ACT3
0x00070800 COMP
0x00070840 COMP
0x00070880 COMP
0x000708c0 COMP
0x00070900 COMP
0x00070940 COMP
0x00070980 COMP
0x000709c0 COMP
0x00070a00 COMP
0x00070a40 COMP
0x00070a80 COMP
0x00070ac0 COMP
0x00070b00 COMP
0x00070b40 COMP
0x00070b80 COMP
0x00070bc0 COMP
READRES
0x00071000 G_ACT0
0x08071000 G_ACT1
0x10071000 G_ACT2
0x18071000 G_ACT3
0x00071000 COMP
0x00071040 COMP
0x00071080 COMP
0x000710c0 COMP
0x00071100 COMP
0x00071140 COMP
0x00071180 COMP
0x000711c0 COMP
0x00071200 COMP
0x00071240 COMP
0x00071280 COMP
0x000712c0 COMP
0x00071300 COMP
0x00071340 COMP
0x00071380 COMP
0x000713c0 COMP
READRES
0x00071800 G_ACT0
0x08071800 G_ACT1
0x10071800 G_ACT2
0x18071800 G_ACT3
0x00071800 COMP
0x00071840 COMP
0x00071880 COMP
0x000718c0 COMP
0x00071900 COMP
0x00071940 COMP
0x00071980 COMP
0x000719c0 COMP
0x00071a00 COMP
0x00071a40 COMP
0x00071a80 COMP
0x00071ac0 COMP
0x00071b00 COMP
0x00071b40 COMP
0x00071b80 COMP
0x00071bc0 COMP
READRES
0x00072000 G_ACT0
0x08072000 G_ACT1
0x10072000 G_ACT2
0x18072000 G_ACT3
0x00072000 COMP
0x00072040 COMP
0x00072080 COMP
0x000720c0 COMP
0x00072100 COMP
0x00072140 COMP
0x00072180 COMP
0x000721c0 COMP
0x00072200 COMP
0x00072240 COMP
0x00072280 COMP
0x000722c0 COMP
0x00072300 COMP
0x00072340 COMP
0x00072380 COMP
0x000723c0 COMP
READRES
0x00072800 G_ACT0
0x08072800 G_ACT1
0x10072800 G_ACT2
0x18072800 G_ACT3
0x00072800 COMP
0x00072840 COMP
0x00072880 COMP
0x000728c0 COMP
0x00072900 COMP
0x00072940 COMP
0x00072980 COMP
0x000729c0 COMP
0x00072a00 COMP
0x00072a40 COMP
0x00072a80 COMP
0x00072ac0 COMP
0x00072b00 COMP
0x00072b40 COMP
0x00072b80 COMP
0x00072bc0 COMP
READRES
0x00073000 G_ACT0
0x08073000 G_ACT1
0x10073000 G_ACT2
0x18073000 G_ACT3
0x00073000 COMP
0x00073040 COMP
0x00073080 COMP
0x000730c0 COMP
0x00073100 COMP
0x00073140 COMP
0x00073180 COMP
0x000731c0 COMP
0x00073200 COMP
0x00073240 COMP
0x00073280 COMP
0x000732c0 COMP
0x00073300 COMP
0x00073340 COMP
0x00073380 COMP
0x000733c0 COMP
READRES
0x00073800 G_ACT0
0x08073800 G_ACT1
0x10073800 G_ACT2
0x18073800 G_ACT3
0x00073800 COMP
0x00073840 COMP
0x00073880 COMP
0x000738c0 COMP
0x00073900 COMP
0x00073940 COMP
0x00073980 COMP
0x000739c0 COMP
0x00073a00 COMP
0x00073a40 COMP
0x00073a80 COMP
0x00073ac0 COMP
0x00073b00 COMP
0x00073b40 COMP
0x00073b80 COMP
0x00073bc0 COMP
READRES
0x00074000 G_ACT0
0x08074000 G_ACT1
0x10074000 G_ACT2
0x18074000 G_ACT3
0x00074000 COMP
0x00074040 COMP
0x00074080 COMP
0x000740c0 COMP
0x00074100 COMP
0x00074140 COMP
0x00074180 COMP
0x000741c0 COMP
0x00074200 COMP
0x00074240 COMP
0x00074280 COMP
0x000742c0 COMP
0x00074300 COMP
0x00074340 COMP
0x00074380 COMP
0x000743c0 COMP
READRES
0x00074800 G_ACT0
0x08074800 G_ACT1
0x10074800 G_ACT2
0x18074800 G_ACT3
0x00074800 COMP
0x00074840 COMP
0x00074880 COMP
0x000748c0 COMP
0x00074900 COMP
0x00074940 COMP
0x00074980 COMP
0x000749c0 COMP
0x00074a00 COMP
0x00074a40 COMP
0x00074a80 COMP
0x00074ac0 COMP
0x00074b00 COMP
0x00074b40 COMP
0x00074b80 COMP
0x00074bc0 COMP
READRES
0x00075000 G_ACT0
0x08075000 G_ACT1
0x10075000 G_ACT2
0x18075000 G_ACT3
0x00075000 COMP
0x00075040 COMP
0x00075080 COMP
0x000750c0 COMP
0x00075100 COMP
0x00075140 COMP
0x00075180 COMP
0x000751c0 COMP
0x00075200 COMP
0x00075240 COMP
0x00075280 COMP
0x000752c0 COMP
0x00075300 COMP
0x00075340 COMP
0x00075380 COMP
0x000753c0 COMP
READRES
0x00075800 G_ACT0
0x08075800 G_ACT1
0x10075800 G_ACT2
0x18075800 G_ACT3
0x00075800 COMP
0x00075840 COMP
0x00075880 COMP
0x000758c0 COMP
0x00075900 COMP
0x00075940 COMP
0x00075980 COMP
0x000759c0 COMP
0x00075a00 COMP
0x00075a40 COMP
0x00075a80 COMP
0x00075ac0 COMP
0x00075b00 COMP
0x00075b40 COMP
0x00075b80 COMP
0x00075bc0 COMP
READRES
0x00076000 G_ACT0
0x08076000 G_ACT1
0x10076000 G_ACT2
0x18076000 G_ACT3
0x00076000 COMP
0x00076040 COMP
0x00076080 COMP
0x000760c0 COMP
0x00076100 COMP
0x00076140 COMP
0x00076180 COMP
0x000761c0 COMP
0x00076200 COMP
0x00076240 COMP
0x00076280 COMP
0x000762c0 COMP
0x00076300 COMP
0x00076340 COMP
0x00076380 COMP
0x000763c0 COMP
READRES
0x00076800 G_ACT0
0x08076800 G_ACT1
0x10076800 G_ACT2
0x18076800 G_ACT3
0x00076800 COMP
0x00076840 COMP
0x00076880 COMP
0x000768c0 COMP
0x00076900 COMP
0x00076940 COMP
0x00076980 COMP
0x000769c0 COMP
0x00076a00 COMP
0x00076a40 COMP
0x00076a80 COMP
0x00076ac0 COMP
0x00076b00 COMP
0x00076b40 COMP
0x00076b80 COMP
0x00076bc0 COMP
READRES
0x00077000 G_ACT0
0x08077000 G_ACT1
0x10077000 G_ACT2
0x18077000 G_ACT3
0x00077000 COMP
0x00077040 COMP
0x00077080 COMP
0x000770c0 COMP
0x00077100 COMP
0x00077140 COMP
0x00077180 COMP
0x000771c0 COMP
0x00077200 COMP
0x00077240 COMP
0x00077280 COMP
0x000772c0 COMP
0x00077300 COMP
0x00077340 COMP
0x00077380 COMP
0x000773c0 COMP
READRES
0x00077800 G_ACT0
0x08077800 G_ACT1
0x10077800 G_ACT2
0x18077800 G_ACT3
0x00077800 COMP
0x00077840 COMP
0x00077880 COMP
0x000778c0 COMP
0x00077900 COMP
0x00077940 COMP
0x00077980 COMP
0x000779c0 COMP
0x00077a00 COMP
0x00077a40 COMP
0x00077a80 COMP
0x00077ac0 COMP
0x00077b00 COMP
0x00077b40 COMP
0x00077b80 COMP
0x00077bc0 COMP
READRES
0x00078000 G_ACT0
0x08078000 G_ACT1
0x10078000 G_ACT2
0x18078000 G_ACT3
0x00078000 COMP
0x00078040 COMP
0x00078080 COMP
0x000780c0 COMP
0x00078100 COMP
0x00078140 COMP
0x00078180 COMP
0x000781c0 COMP
0x00078200 COMP
0x00078240 COMP
0x00078280 COMP
0x000782c0 COMP
0x00078300 COMP
0x00078340 COMP
0x00078380 COMP
0x000783c0 COMP
READRES
0x00078800 G_ACT0
0x08078800 G_ACT1
0x10078800 G_ACT2
0x18078800 G_ACT3
0x00078800 COMP
0x00078840 COMP
0x00078880 COMP
0x000788c0 COMP
0x00078900 COMP
0x00078940 COMP
0x00078980 COMP
0x000789c0 COMP
0x00078a00 COMP
0x00078a40 COMP
0x00078a80 COMP
0x00078ac0 COMP
0x00078b00 COMP
0x00078b40 COMP
0x00078b80 COMP
0x00078bc0 COMP
READRES
0x00079000 G_ACT0
0x08079000 G_ACT1
0x10079000 G_ACT2
0x18079000 G_ACT3
0x00079000 COMP
0x00079040 COMP
0x00079080 COMP
0x000790c0 COMP
0x00079100 COMP
0x00079140 COMP
0x00079180 COMP
0x000791c0 COMP
0x00079200 COMP
0x00079240 COMP
0x00079280 COMP
0x000792c0 COMP
0x00079300 COMP
0x00079340 COMP
0x00079380 COMP
0x000793c0 COMP
READRES
0x00079800 G_ACT0
0x08079800 G_ACT1
0x10079800 G_ACT2
0x18079800 G_ACT3
0x00079800 COMP
0x00079840 COMP
0x00079880 COMP
0x000798c0 COMP
0x00079900 COMP
0x00079940 COMP
0x00079980 COMP
0x000799c0 COMP
0x00079a00 COMP
0x00079a40 COMP
0x00079a80 COMP
0x00079ac0 COMP
0x00079b00 COMP
0x00079b40 COMP
0x00079b80 COMP
0x00079bc0 COMP
READRES
0x0007a000 G_ACT0
0x0807a000 G_ACT1
0x1007a000 G_ACT2
0x1807a000 G_ACT3
0x0007a000 COMP
0x0007a040 COMP
0x0007a080 COMP
0x0007a0c0 COMP
0x0007a100 COMP
0x0007a140 COMP
0x0007a180 COMP
0x0007a1c0 COMP
0x0007a200 COMP
0x0007a240 COMP
0x0007a280 COMP
0x0007a2c0 COMP
0x0007a300 COMP
0x0007a340 COMP
0x0007a380 COMP
0x0007a3c0 COMP
READRES
0x0007a800 G_ACT0
0x0807a800 G_ACT1
0x1007a800 G_ACT2
0x1807a800 G_ACT3
0x0007a800 COMP
0x0007a840 COMP
0x0007a880 COMP
0x0007a8c0 COMP
0x0007a900 COMP
0x0007a940 COMP
0x0007a980 COMP
0x0007a9c0 COMP
0x0007aa00 COMP
0x0007aa40 COMP
0x0007aa80 COMP
0x0007aac0 COMP
0x0007ab00 COMP
0x0007ab40 COMP
0x0007ab80 COMP
0x0007abc0 COMP
READRES
0x0007b000 G_ACT0
0x0807b000 G_ACT1
0x1007b000 G_ACT2
0x1807b000 G_ACT3
0x0007b000 COMP
0x0007b040 COMP
0x0007b080 COMP
0x0007b0c0 COMP
0x0007b100 COMP
0x0007b140 COMP
0x0007b180 COMP
0x0007b1c0 COMP
0x0007b200 COMP
0x0007b240 COMP
0x0007b280 COMP
0x0007b2c0 COMP
0x0007b300 COMP
0x0007b340 COMP
0x0007b380 COMP
0x0007b3c0 COMP
READRES
0x0007b800 G_ACT0
0x0807b800 G_ACT1
0x1007b800 G_ACT2
0x1807b800 G_ACT3
0x0007b800 COMP
0x0007b840 COMP
0x0007b880 COMP
0x0007b8c0 COMP
0x0007b900 COMP
0x0007b940 COMP
0x0007b980 COMP
0x0007b9c0 COMP
0x0007ba00 COMP
0x0007ba40 COMP
0x0007ba80 COMP
0x0007bac0 COMP
0x0007bb00 COMP
0x0007bb40 COMP
0x0007bb80 COMP
0x0007bbc0 COMP
READRES
0x0007c000 G_ACT0
0x0807c000 G_ACT1
0x1007c000 G_ACT2
0x1807c000 G_ACT3
0x0007c000 COMP
0x0007c040 COMP
0x0007c080 COMP
0x0007c0c0 COMP
0x0007c100 COMP
0x0007c140 COMP
0x0007c180 COMP
0x0007c1c0 COMP
0x0007c200 COMP
0x0007c240 COMP
0x0007c280 COMP
0x0007c2c0 COMP
0x0007c300 COMP
0x0007c340 COMP
0x0007c380 COMP
0x0007c3c0 COMP
READRES
0x0007c800 G_ACT0
0x0807c800 G_ACT1
0x1007c800 G_ACT2
0x1807c800 G_ACT3
0x0007c800 COMP
0x0007c840 COMP
0x0007c880 COMP
0x0007c8c0 COMP
0x0007c900 COMP
0x0007c940 COMP
0x0007c980 COMP
0x0007c9c0 COMP
0x0007ca00 COMP
0x0007ca40 COMP
0x0007ca80 COMP
0x0007cac0 COMP
0x0007cb00 COMP
0x0007cb40 COMP
0x0007cb80 COMP
0x0007cbc0 COMP
READRES
0x0007d000 G_ACT0
0x0807d000 G_ACT1
0x1007d000 G_ACT2
0x1807d000 G_ACT3
0x0007d000 COMP
0x0007d040 COMP
0x0007d080 COMP
0x0007d0c0 COMP
0x0007d100 COMP
0x0007d140 COMP
0x0007d180 COMP
0x0007d1c0 COMP
0x0007d200 COMP
0x0007d240 COMP
0x0007d280 COMP
0x0007d2c0 COMP
0x0007d300 COMP
0x0007d340 COMP
0x0007d380 COMP
0x0007d3c0 COMP
READRES
0x0007d800 G_ACT0
0x0807d800 G_ACT1
0x1007d800 G_ACT2
0x1807d800 G_ACT3
0x0007d800 COMP
0x0007d840 COMP
0x0007d880 COMP
0x0007d8c0 COMP
0x0007d900 COMP
0x0007d940 COMP
0x0007d980 COMP
0x0007d9c0 COMP
0x0007da00 COMP
0x0007da40 COMP
0x0007da80 COMP
0x0007dac0 COMP
0x0007db00 COMP
0x0007db40 COMP
0x0007db80 COMP
0x0007dbc0 COMP
READRES
0x0007e000 G_ACT0
0x0807e000 G_ACT1
0x1007e000 G_ACT2
0x1807e000 G_ACT3
0x0007e000 COMP
0x0007e040 COMP
0x0007e080 COMP
0x0007e0c0 COMP
0x0007e100 COMP
0x0007e140 COMP
0x0007e180 COMP
0x0007e1c0 COMP
0x0007e200 COMP
0x0007e240 COMP
0x0007e280 COMP
0x0007e2c0 COMP
0x0007e300 COMP
0x0007e340 COMP
0x0007e380 COMP
0x0007e3c0 COMP
READRES
0x0007e800 G_ACT0
0x0807e800 G_ACT1
0x1007e800 G_ACT2
0x1807e800 G_ACT3
0x0007e800 COMP
0x0007e840 COMP
0x0007e880 COMP
0x0007e8c0 COMP
0x0007e900 COMP
0x0007e940 COMP
0x0007e980 COMP
0x0007e9c0 COMP
0x0007ea00 COMP
0x0007ea40 COMP
0x0007ea80 COMP
0x0007eac0 COMP
0x0007eb00 COMP
0x0007eb40 COMP
0x0007eb80 COMP
0x0007ebc0 COMP
READRES
0x0007f000 G_ACT0
0x0807f000 G_ACT1
0x1007f000 G_ACT2
0x1807f000 G_ACT3
0x0007f000 COMP
0x0007f040 COMP
0x0007f080 COMP
0x0007f0c0 COMP
0x0007f100 COMP
0x0007f140 COMP
0x0007f180 COMP
0x0007f1c0 COMP
0x0007f200 COMP
0x0007f240 COMP
0x0007f280 COMP
0x0007f2c0 COMP
0x0007f300 COMP
0x0007f340 COMP
0x0007f380 COMP
0x0007f3c0 COMP
READRES
0x0007f800 G_ACT0
0x0807f800 G_ACT1
0x1007f800 G_ACT2
0x1807f800 G_ACT3
0x0007f800 COMP
0x0007f840 COMP
0x0007f880 COMP
0x0007f8c0 COMP
0x0007f900 COMP
0x0007f940 COMP
0x0007f980 COMP
0x0007f9c0 COMP
0x0007fa00 COMP
0x0007fa40 COMP
0x0007fa80 COMP
0x0007fac0 COMP
0x0007fb00 COMP
0x0007fb40 COMP
0x0007fb80 COMP
0x0007fbc0 COMP
READRES
0x00000800 GWRITE
0x00080000 G_ACT0
0x08080000 G_ACT1
0x10080000 G_ACT2
0x18080000 G_ACT3
0x00080000 COMP
0x00080040 COMP
0x00080080 COMP
0x000800c0 COMP
0x00080100 COMP
0x00080140 COMP
0x00080180 COMP
0x000801c0 COMP
0x00080200 COMP
0x00080240 COMP
0x00080280 COMP
0x000802c0 COMP
0x00080300 COMP
0x00080340 COMP
0x00080380 COMP
0x000803c0 COMP
READRES
0x00080800 G_ACT0
0x08080800 G_ACT1
0x10080800 G_ACT2
0x18080800 G_ACT3
0x00080800 COMP
0x00080840 COMP
0x00080880 COMP
0x000808c0 COMP
0x00080900 COMP
0x00080940 COMP
0x00080980 COMP
0x000809c0 COMP
0x00080a00 COMP
0x00080a40 COMP
0x00080a80 COMP
0x00080ac0 COMP
0x00080b00 COMP
0x00080b40 COMP
0x00080b80 COMP
0x00080bc0 COMP
READRES
0x00081000 G_ACT0
0x08081000 G_ACT1
0x10081000 G_ACT2
0x18081000 G_ACT3
0x00081000 COMP
0x00081040 COMP
0x00081080 COMP
0x000810c0 COMP
0x00081100 COMP
0x00081140 COMP
0x00081180 COMP
0x000811c0 COMP
0x00081200 COMP
0x00081240 COMP
0x00081280 COMP
0x000812c0 COMP
0x00081300 COMP
0x00081340 COMP
0x00081380 COMP
0x000813c0 COMP
READRES
0x00081800 G_ACT0
0x08081800 G_ACT1
0x10081800 G_ACT2
0x18081800 G_ACT3
0x00081800 COMP
0x00081840 COMP
0x00081880 COMP
0x000818c0 COMP
0x00081900 COMP
0x00081940 COMP
0x00081980 COMP
0x000819c0 COMP
0x00081a00 COMP
0x00081a40 COMP
0x00081a80 COMP
0x00081ac0 COMP
0x00081b00 COMP
0x00081b40 COMP
0x00081b80 COMP
0x00081bc0 COMP
READRES
0x00082000 G_ACT0
0x08082000 G_ACT1
0x10082000 G_ACT2
0x18082000 G_ACT3
0x00082000 COMP
0x00082040 COMP
0x00082080 COMP
0x000820c0 COMP
0x00082100 COMP
0x00082140 COMP
0x00082180 COMP
0x000821c0 COMP
0x00082200 COMP
0x00082240 COMP
0x00082280 COMP
0x000822c0 COMP
0x00082300 COMP
0x00082340 COMP
0x00082380 COMP
0x000823c0 COMP
READRES
0x00082800 G_ACT0
0x08082800 G_ACT1
0x10082800 G_ACT2
0x18082800 G_ACT3
0x00082800 COMP
0x00082840 COMP
0x00082880 COMP
0x000828c0 COMP
0x00082900 COMP
0x00082940 COMP
0x00082980 COMP
0x000829c0 COMP
0x00082a00 COMP
0x00082a40 COMP
0x00082a80 COMP
0x00082ac0 COMP
0x00082b00 COMP
0x00082b40 COMP
0x00082b80 COMP
0x00082bc0 COMP
READRES
0x00083000 G_ACT0
0x08083000 G_ACT1
0x10083000 G_ACT2
0x18083000 G_ACT3
0x00083000 COMP
0x00083040 COMP
0x00083080 COMP
0x000830c0 COMP
0x00083100 COMP
0x00083140 COMP
0x00083180 COMP
0x000831c0 COMP
0x00083200 COMP
0x00083240 COMP
0x00083280 COMP
0x000832c0 COMP
0x00083300 COMP
0x00083340 COMP
0x00083380 COMP
0x000833c0 COMP
READRES
0x00083800 G_ACT0
0x08083800 G_ACT1
0x10083800 G_ACT2
0x18083800 G_ACT3
0x00083800 COMP
0x00083840 COMP
0x00083880 COMP
0x000838c0 COMP
0x00083900 COMP
0x00083940 COMP
0x00083980 COMP
0x000839c0 COMP
0x00083a00 COMP
0x00083a40 COMP
0x00083a80 COMP
0x00083ac0 COMP
0x00083b00 COMP
0x00083b40 COMP
0x00083b80 COMP
0x00083bc0 COMP
READRES
0x00084000 G_ACT0
0x08084000 G_ACT1
0x10084000 G_ACT2
0x18084000 G_ACT3
0x00084000 COMP
0x00084040 COMP
0x00084080 COMP
0x000840c0 COMP
0x00084100 COMP
0x00084140 COMP
0x00084180 COMP
0x000841c0 COMP
0x00084200 COMP
0x00084240 COMP
0x00084280 COMP
0x000842c0 COMP
0x00084300 COMP
0x00084340 COMP
0x00084380 COMP
0x000843c0 COMP
READRES
0x00084800 G_ACT0
0x08084800 G_ACT1
0x10084800 G_ACT2
0x18084800 G_ACT3
0x00084800 COMP
0x00084840 COMP
0x00084880 COMP
0x000848c0 COMP
0x00084900 COMP
0x00084940 COMP
0x00084980 COMP
0x000849c0 COMP
0x00084a00 COMP
0x00084a40 COMP
0x00084a80 COMP
0x00084ac0 COMP
0x00084b00 COMP
0x00084b40 COMP
0x00084b80 COMP
0x00084bc0 COMP
READRES
0x00085000 G_ACT0
0x08085000 G_ACT1
0x10085000 G_ACT2
0x18085000 G_ACT3
0x00085000 COMP
0x00085040 COMP
0x00085080 COMP
0x000850c0 COMP
0x00085100 COMP
0x00085140 COMP
0x00085180 COMP
0x000851c0 COMP
0x00085200 COMP
0x00085240 COMP
0x00085280 COMP
0x000852c0 COMP
0x00085300 COMP
0x00085340 COMP
0x00085380 COMP
0x000853c0 COMP
READRES
0x00085800 G_ACT0
0x08085800 G_ACT1
0x10085800 G_ACT2
0x18085800 G_ACT3
0x00085800 COMP
0x00085840 COMP
0x00085880 COMP
0x000858c0 COMP
0x00085900 COMP
0x00085940 COMP
0x00085980 COMP
0x000859c0 COMP
0x00085a00 COMP
0x00085a40 COMP
0x00085a80 COMP
0x00085ac0 COMP
0x00085b00 COMP
0x00085b40 COMP
0x00085b80 COMP
0x00085bc0 COMP
READRES
0x00086000 G_ACT0
0x08086000 G_ACT1
0x10086000 G_ACT2
0x18086000 G_ACT3
0x00086000 COMP
0x00086040 COMP
0x00086080 COMP
0x000860c0 COMP
0x00086100 COMP
0x00086140 COMP
0x00086180 COMP
0x000861c0 COMP
0x00086200 COMP
0x00086240 COMP
0x00086280 COMP
0x000862c0 COMP
0x00086300 COMP
0x00086340 COMP
0x00086380 COMP
0x000863c0 COMP
READRES
0x00086800 G_ACT0
0x08086800 G_ACT1
0x10086800 G_ACT2
0x18086800 G_ACT3
0x00086800 COMP
0x00086840 COMP
0x00086880 COMP
0x000868c0 COMP
0x00086900 COMP
0x00086940 COMP
0x00086980 COMP
0x000869c0 COMP
0x00086a00 COMP
0x00086a40 COMP
0x00086a80 COMP
0x00086ac0 COMP
0x00086b00 COMP
0x00086b40 COMP
0x00086b80 COMP
0x00086bc0 COMP
READRES
0x00087000 G_ACT0
0x08087000 G_ACT1
0x10087000 G_ACT2
0x18087000 G_ACT3
0x00087000 COMP
0x00087040 COMP
0x00087080 COMP
0x000870c0 COMP
0x00087100 COMP
0x00087140 COMP
0x00087180 COMP
0x000871c0 COMP
0x00087200 COMP
0x00087240 COMP
0x00087280 COMP
0x000872c0 COMP
0x00087300 COMP
0x00087340 COMP
0x00087380 COMP
0x000873c0 COMP
READRES
0x00087800 G_ACT0
0x08087800 G_ACT1
0x10087800 G_ACT2
0x18087800 G_ACT3
0x00087800 COMP
0x00087840 COMP
0x00087880 COMP
0x000878c0 COMP
0x00087900 COMP
0x00087940 COMP
0x00087980 COMP
0x000879c0 COMP
0x00087a00 COMP
0x00087a40 COMP
0x00087a80 COMP
0x00087ac0 COMP
0x00087b00 COMP
0x00087b40 COMP
0x00087b80 COMP
0x00087bc0 COMP
READRES
0x00088000 G_ACT0
0x08088000 G_ACT1
0x10088000 G_ACT2
0x18088000 G_ACT3
0x00088000 COMP
0x00088040 COMP
0x00088080 COMP
0x000880c0 COMP
0x00088100 COMP
0x00088140 COMP
0x00088180 COMP
0x000881c0 COMP
0x00088200 COMP
0x00088240 COMP
0x00088280 COMP
0x000882c0 COMP
0x00088300 COMP
0x00088340 COMP
0x00088380 COMP
0x000883c0 COMP
READRES
0x00088800 G_ACT0
0x08088800 G_ACT1
0x10088800 G_ACT2
0x18088800 G_ACT3
0x00088800 COMP
0x00088840 COMP
0x00088880 COMP
0x000888c0 COMP
0x00088900 COMP
0x00088940 COMP
0x00088980 COMP
0x000889c0 COMP
0x00088a00 COMP
0x00088a40 COMP
0x00088a80 COMP
0x00088ac0 COMP
0x00088b00 COMP
0x00088b40 COMP
0x00088b80 COMP
0x00088bc0 COMP
READRES
0x00089000 G_ACT0
0x08089000 G_ACT1
0x10089000 G_ACT2
0x18089000 G_ACT3
0x00089000 COMP
0x00089040 COMP
0x00089080 COMP
0x000890c0 COMP
0x00089100 COMP
0x00089140 COMP
0x00089180 COMP
0x000891c0 COMP
0x00089200 COMP
0x00089240 COMP
0x00089280 COMP
0x000892c0 COMP
0x00089300 COMP
0x00089340 COMP
0x00089380 COMP
0x000893c0 COMP
READRES
0x00089800 G_ACT0
0x08089800 G_ACT1
0x10089800 G_ACT2
0x18089800 G_ACT3
0x00089800 COMP
0x00089840 COMP
0x00089880 COMP
0x000898c0 COMP
0x00089900 COMP
0x00089940 COMP
0x00089980 COMP
0x000899c0 COMP
0x00089a00 COMP
0x00089a40 COMP
0x00089a80 COMP
0x00089ac0 COMP
0x00089b00 COMP
0x00089b40 COMP
0x00089b80 COMP
0x00089bc0 COMP
READRES
0x0008a000 G_ACT0
0x0808a000 G_ACT1
0x1008a000 G_ACT2
0x1808a000 G_ACT3
0x0008a000 COMP
0x0008a040 COMP
0x0008a080 COMP
0x0008a0c0 COMP
0x0008a100 COMP
0x0008a140 COMP
0x0008a180 COMP
0x0008a1c0 COMP
0x0008a200 COMP
0x0008a240 COMP
0x0008a280 COMP
0x0008a2c0 COMP
0x0008a300 COMP
0x0008a340 COMP
0x0008a380 COMP
0x0008a3c0 COMP
READRES
0x0008a800 G_ACT0
0x0808a800 G_ACT1
0x1008a800 G_ACT2
0x1808a800 G_ACT3
0x0008a800 COMP
0x0008a840 COMP
0x0008a880 COMP
0x0008a8c0 COMP
0x0008a900 COMP
0x0008a940 COMP
0x0008a980 COMP
0x0008a9c0 COMP
0x0008aa00 COMP
0x0008aa40 COMP
0x0008aa80 COMP
0x0008aac0 COMP
0x0008ab00 COMP
0x0008ab40 COMP
0x0008ab80 COMP
0x0008abc0 COMP
READRES
0x0008b000 G_ACT0
0x0808b000 G_ACT1
0x1008b000 G_ACT2
0x1808b000 G_ACT3
0x0008b000 COMP
0x0008b040 COMP
0x0008b080 COMP
0x0008b0c0 COMP
0x0008b100 COMP
0x0008b140 COMP
0x0008b180 COMP
0x0008b1c0 COMP
0x0008b200 COMP
0x0008b240 COMP
0x0008b280 COMP
0x0008b2c0 COMP
0x0008b300 COMP
0x0008b340 COMP
0x0008b380 COMP
0x0008b3c0 COMP
READRES
0x0008b800 G_ACT0
0x0808b800 G_ACT1
0x1008b800 G_ACT2
0x1808b800 G_ACT3
0x0008b800 COMP
0x0008b840 COMP
0x0008b880 COMP
0x0008b8c0 COMP
0x0008b900 COMP
0x0008b940 COMP
0x0008b980 COMP
0x0008b9c0 COMP
0x0008ba00 COMP
0x0008ba40 COMP
0x0008ba80 COMP
0x0008bac0 COMP
0x0008bb00 COMP
0x0008bb40 COMP
0x0008bb80 COMP
0x0008bbc0 COMP
READRES
0x0008c000 G_ACT0
0x0808c000 G_ACT1
0x1008c000 G_ACT2
0x1808c000 G_ACT3
0x0008c000 COMP
0x0008c040 COMP
0x0008c080 COMP
0x0008c0c0 COMP
0x0008c100 COMP
0x0008c140 COMP
0x0008c180 COMP
0x0008c1c0 COMP
0x0008c200 COMP
0x0008c240 COMP
0x0008c280 COMP
0x0008c2c0 COMP
0x0008c300 COMP
0x0008c340 COMP
0x0008c380 COMP
0x0008c3c0 COMP
READRES
0x0008c800 G_ACT0
0x0808c800 G_ACT1
0x1008c800 G_ACT2
0x1808c800 G_ACT3
0x0008c800 COMP
0x0008c840 COMP
0x0008c880 COMP
0x0008c8c0 COMP
0x0008c900 COMP
0x0008c940 COMP
0x0008c980 COMP
0x0008c9c0 COMP
0x0008ca00 COMP
0x0008ca40 COMP
0x0008ca80 COMP
0x0008cac0 COMP
0x0008cb00 COMP
0x0008cb40 COMP
0x0008cb80 COMP
0x0008cbc0 COMP
READRES
0x0008d000 G_ACT0
0x0808d000 G_ACT1
0x1008d000 G_ACT2
0x1808d000 G_ACT3
0x0008d000 COMP
0x0008d040 COMP
0x0008d080 COMP
0x0008d0c0 COMP
0x0008d100 COMP
0x0008d140 COMP
0x0008d180 COMP
0x0008d1c0 COMP
0x0008d200 COMP
0x0008d240 COMP
0x0008d280 COMP
0x0008d2c0 COMP
0x0008d300 COMP
0x0008d340 COMP
0x0008d380 COMP
0x0008d3c0 COMP
READRES
0x0008d800 G_ACT0
0x0808d800 G_ACT1
0x1008d800 G_ACT2
0x1808d800 G_ACT3
0x0008d800 COMP
0x0008d840 COMP
0x0008d880 COMP
0x0008d8c0 COMP
0x0008d900 COMP
0x0008d940 COMP
0x0008d980 COMP
0x0008d9c0 COMP
0x0008da00 COMP
0x0008da40 COMP
0x0008da80 COMP
0x0008dac0 COMP
0x0008db00 COMP
0x0008db40 COMP
0x0008db80 COMP
0x0008dbc0 COMP
READRES
0x0008e000 G_ACT0
0x0808e000 G_ACT1
0x1008e000 G_ACT2
0x1808e000 G_ACT3
0x0008e000 COMP
0x0008e040 COMP
0x0008e080 COMP
0x0008e0c0 COMP
0x0008e100 COMP
0x0008e140 COMP
0x0008e180 COMP
0x0008e1c0 COMP
0x0008e200 COMP
0x0008e240 COMP
0x0008e280 COMP
0x0008e2c0 COMP
0x0008e300 COMP
0x0008e340 COMP
0x0008e380 COMP
0x0008e3c0 COMP
READRES
0x0008e800 G_ACT0
0x0808e800 G_ACT1
0x1008e800 G_ACT2
0x1808e800 G_ACT3
0x0008e800 COMP
0x0008e840 COMP
0x0008e880 COMP
0x0008e8c0 COMP
0x0008e900 COMP
0x0008e940 COMP
0x0008e980 COMP
0x0008e9c0 COMP
0x0008ea00 COMP
0x0008ea40 COMP
0x0008ea80 COMP
0x0008eac0 COMP
0x0008eb00 COMP
0x0008eb40 COMP
0x0008eb80 COMP
0x0008ebc0 COMP
READRES
0x0008f000 G_ACT0
0x0808f000 G_ACT1
0x1008f000 G_ACT2
0x1808f000 G_ACT3
0x0008f000 COMP
0x0008f040 COMP
0x0008f080 COMP
0x0008f0c0 COMP
0x0008f100 COMP
0x0008f140 COMP
0x0008f180 COMP
0x0008f1c0 COMP
0x0008f200 COMP
0x0008f240 COMP
0x0008f280 COMP
0x0008f2c0 COMP
0x0008f300 COMP
0x0008f340 COMP
0x0008f380 COMP
0x0008f3c0 COMP
READRES
0x0008f800 G_ACT0
0x0808f800 G_ACT1
0x1008f800 G_ACT2
0x1808f800 G_ACT3
0x0008f800 COMP
0x0008f840 COMP
0x0008f880 COMP
0x0008f8c0 COMP
0x0008f900 COMP
0x0008f940 COMP
0x0008f980 COMP
0x0008f9c0 COMP
0x0008fa00 COMP
0x0008fa40 COMP
0x0008fa80 COMP
0x0008fac0 COMP
0x0008fb00 COMP
0x0008fb40 COMP
0x0008fb80 COMP
0x0008fbc0 COMP
READRES
0x00090000 G_ACT0
0x08090000 G_ACT1
0x10090000 G_ACT2
0x18090000 G_ACT3
0x00090000 COMP
0x00090040 COMP
0x00090080 COMP
0x000900c0 COMP
0x00090100 COMP
0x00090140 COMP
0x00090180 COMP
0x000901c0 COMP
0x00090200 COMP
0x00090240 COMP
0x00090280 COMP
0x000902c0 COMP
0x00090300 COMP
0x00090340 COMP
0x00090380 COMP
0x000903c0 COMP
READRES
0x00090800 G_ACT0
0x08090800 G_ACT1
0x10090800 G_ACT2
0x18090800 G_ACT3
0x00090800 COMP
0x00090840 COMP
0x00090880 COMP
0x000908c0 COMP
0x00090900 COMP
0x00090940 COMP
0x00090980 COMP
0x000909c0 COMP
0x00090a00 COMP
0x00090a40 COMP
0x00090a80 COMP
0x00090ac0 COMP
0x00090b00 COMP
0x00090b40 COMP
0x00090b80 COMP
0x00090bc0 COMP
READRES
0x00091000 G_ACT0
0x08091000 G_ACT1
0x10091000 G_ACT2
0x18091000 G_ACT3
0x00091000 COMP
0x00091040 COMP
0x00091080 COMP
0x000910c0 COMP
0x00091100 COMP
0x00091140 COMP
0x00091180 COMP
0x000911c0 COMP
0x00091200 COMP
0x00091240 COMP
0x00091280 COMP
0x000912c0 COMP
0x00091300 COMP
0x00091340 COMP
0x00091380 COMP
0x000913c0 COMP
READRES
0x00091800 G_ACT0
0x08091800 G_ACT1
0x10091800 G_ACT2
0x18091800 G_ACT3
0x00091800 COMP
0x00091840 COMP
0x00091880 COMP
0x000918c0 COMP
0x00091900 COMP
0x00091940 COMP
0x00091980 COMP
0x000919c0 COMP
0x00091a00 COMP
0x00091a40 COMP
0x00091a80 COMP
0x00091ac0 COMP
0x00091b00 COMP
0x00091b40 COMP
0x00091b80 COMP
0x00091bc0 COMP
READRES
0x00092000 G_ACT0
0x08092000 G_ACT1
0x10092000 G_ACT2
0x18092000 G_ACT3
0x00092000 COMP
0x00092040 COMP
0x00092080 COMP
0x000920c0 COMP
0x00092100 COMP
0x00092140 COMP
0x00092180 COMP
0x000921c0 COMP
0x00092200 COMP
0x00092240 COMP
0x00092280 COMP
0x000922c0 COMP
0x00092300 COMP
0x00092340 COMP
0x00092380 COMP
0x000923c0 COMP
READRES
0x00092800 G_ACT0
0x08092800 G_ACT1
0x10092800 G_ACT2
0x18092800 G_ACT3
0x00092800 COMP
0x00092840 COMP
0x00092880 COMP
0x000928c0 COMP
0x00092900 COMP
0x00092940 COMP
0x00092980 COMP
0x000929c0 COMP
0x00092a00 COMP
0x00092a40 COMP
0x00092a80 COMP
0x00092ac0 COMP
0x00092b00 COMP
0x00092b40 COMP
0x00092b80 COMP
0x00092bc0 COMP
READRES
0x00093000 G_ACT0
0x08093000 G_ACT1
0x10093000 G_ACT2
0x18093000 G_ACT3
0x00093000 COMP
0x00093040 COMP
0x00093080 COMP
0x000930c0 COMP
0x00093100 COMP
0x00093140 COMP
0x00093180 COMP
0x000931c0 COMP
0x00093200 COMP
0x00093240 COMP
0x00093280 COMP
0x000932c0 COMP
0x00093300 COMP
0x00093340 COMP
0x00093380 COMP
0x000933c0 COMP
READRES
0x00093800 G_ACT0
0x08093800 G_ACT1
0x10093800 G_ACT2
0x18093800 G_ACT3
0x00093800 COMP
0x00093840 COMP
0x00093880 COMP
0x000938c0 COMP
0x00093900 COMP
0x00093940 COMP
0x00093980 COMP
0x000939c0 COMP
0x00093a00 COMP
0x00093a40 COMP
0x00093a80 COMP
0x00093ac0 COMP
0x00093b00 COMP
0x00093b40 COMP
0x00093b80 COMP
0x00093bc0 COMP
READRES
0x00094000 G_ACT0
0x08094000 G_ACT1
0x10094000 G_ACT2
0x18094000 G_ACT3
0x00094000 COMP
0x00094040 COMP
0x00094080 COMP
0x000940c0 COMP
0x00094100 COMP
0x00094140 COMP
0x00094180 COMP
0x000941c0 COMP
0x00094200 COMP
0x00094240 COMP
0x00094280 COMP
0x000942c0 COMP
0x00094300 COMP
0x00094340 COMP
0x00094380 COMP
0x000943c0 COMP
READRES
0x00094800 G_ACT0
0x08094800 G_ACT1
0x10094800 G_ACT2
0x18094800 G_ACT3
0x00094800 COMP
0x00094840 COMP
0x00094880 COMP
0x000948c0 COMP
0x00094900 COMP
0x00094940 COMP
0x00094980 COMP
0x000949c0 COMP
0x00094a00 COMP
0x00094a40 COMP
0x00094a80 COMP
0x00094ac0 COMP
0x00094b00 COMP
0x00094b40 COMP
0x00094b80 COMP
0x00094bc0 COMP
READRES
0x00095000 G_ACT0
0x08095000 G_ACT1
0x10095000 G_ACT2
0x18095000 G_ACT3
0x00095000 COMP
0x00095040 COMP
0x00095080 COMP
0x000950c0 COMP
0x00095100 COMP
0x00095140 COMP
0x00095180 COMP
0x000951c0 COMP
0x00095200 COMP
0x00095240 COMP
0x00095280 COMP
0x000952c0 COMP
0x00095300 COMP
0x00095340 COMP
0x00095380 COMP
0x000953c0 COMP
READRES
0x00095800 G_ACT0
0x08095800 G_ACT1
0x10095800 G_ACT2
0x18095800 G_ACT3
0x00095800 COMP
0x00095840 COMP
0x00095880 COMP
0x000958c0 COMP
0x00095900 COMP
0x00095940 COMP
0x00095980 COMP
0x000959c0 COMP
0x00095a00 COMP
0x00095a40 COMP
0x00095a80 COMP
0x00095ac0 COMP
0x00095b00 COMP
0x00095b40 COMP
0x00095b80 COMP
0x00095bc0 COMP
READRES
0x00096000 G_ACT0
0x08096000 G_ACT1
0x10096000 G_ACT2
0x18096000 G_ACT3
0x00096000 COMP
0x00096040 COMP
0x00096080 COMP
0x000960c0 COMP
0x00096100 COMP
0x00096140 COMP
0x00096180 COMP
0x000961c0 COMP
0x00096200 COMP
0x00096240 COMP
0x00096280 COMP
0x000962c0 COMP
0x00096300 COMP
0x00096340 COMP
0x00096380 COMP
0x000963c0 COMP
READRES
0x00096800 G_ACT0
0x08096800 G_ACT1
0x10096800 G_ACT2
0x18096800 G_ACT3
0x00096800 COMP
0x00096840 COMP
0x00096880 COMP
0x000968c0 COMP
0x00096900 COMP
0x00096940 COMP
0x00096980 COMP
0x000969c0 COMP
0x00096a00 COMP
0x00096a40 COMP
0x00096a80 COMP
0x00096ac0 COMP
0x00096b00 COMP
0x00096b40 COMP
0x00096b80 COMP
0x00096bc0 COMP
READRES
0x00097000 G_ACT0
0x08097000 G_ACT1
0x10097000 G_ACT2
0x18097000 G_ACT3
0x00097000 COMP
0x00097040 COMP
0x00097080 COMP
0x000970c0 COMP
0x00097100 COMP
0x00097140 COMP
0x00097180 COMP
0x000971c0 COMP
0x00097200 COMP
0x00097240 COMP
0x00097280 COMP
0x000972c0 COMP
0x00097300 COMP
0x00097340 COMP
0x00097380 COMP
0x000973c0 COMP
READRES
0x00097800 G_ACT0
0x08097800 G_ACT1
0x10097800 G_ACT2
0x18097800 G_ACT3
0x00097800 COMP
0x00097840 COMP
0x00097880 COMP
0x000978c0 COMP
0x00097900 COMP
0x00097940 COMP
0x00097980 COMP
0x000979c0 COMP
0x00097a00 COMP
0x00097a40 COMP
0x00097a80 COMP
0x00097ac0 COMP
0x00097b00 COMP
0x00097b40 COMP
0x00097b80 COMP
0x00097bc0 COMP
READRES
0x00098000 G_ACT0
0x08098000 G_ACT1
0x10098000 G_ACT2
0x18098000 G_ACT3
0x00098000 COMP
0x00098040 COMP
0x00098080 COMP
0x000980c0 COMP
0x00098100 COMP
0x00098140 COMP
0x00098180 COMP
0x000981c0 COMP
0x00098200 COMP
0x00098240 COMP
0x00098280 COMP
0x000982c0 COMP
0x00098300 COMP
0x00098340 COMP
0x00098380 COMP
0x000983c0 COMP
READRES
0x00098800 G_ACT0
0x08098800 G_ACT1
0x10098800 G_ACT2
0x18098800 G_ACT3
0x00098800 COMP
0x00098840 COMP
0x00098880 COMP
0x000988c0 COMP
0x00098900 COMP
0x00098940 COMP
0x00098980 COMP
0x000989c0 COMP
0x00098a00 COMP
0x00098a40 COMP
0x00098a80 COMP
0x00098ac0 COMP
0x00098b00 COMP
0x00098b40 COMP
0x00098b80 COMP
0x00098bc0 COMP
READRES
0x00099000 G_ACT0
0x08099000 G_ACT1
0x10099000 G_ACT2
0x18099000 G_ACT3
0x00099000 COMP
0x00099040 COMP
0x00099080 COMP
0x000990c0 COMP
0x00099100 COMP
0x00099140 COMP
0x00099180 COMP
0x000991c0 COMP
0x00099200 COMP
0x00099240 COMP
0x00099280 COMP
0x000992c0 COMP
0x00099300 COMP
0x00099340 COMP
0x00099380 COMP
0x000993c0 COMP
READRES
0x00099800 G_ACT0
0x08099800 G_ACT1
0x10099800 G_ACT2
0x18099800 G_ACT3
0x00099800 COMP
0x00099840 COMP
0x00099880 COMP
0x000998c0 COMP
0x00099900 COMP
0x00099940 COMP
0x00099980 COMP
0x000999c0 COMP
0x00099a00 COMP
0x00099a40 COMP
0x00099a80 COMP
0x00099ac0 COMP
0x00099b00 COMP
0x00099b40 COMP
0x00099b80 COMP
0x00099bc0 COMP
READRES
0x0009a000 G_ACT0
0x0809a000 G_ACT1
0x1009a000 G_ACT2
0x1809a000 G_ACT3
0x0009a000 COMP
0x0009a040 COMP
0x0009a080 COMP
0x0009a0c0 COMP
0x0009a100 COMP
0x0009a140 COMP
0x0009a180 COMP
0x0009a1c0 COMP
0x0009a200 COMP
0x0009a240 COMP
0x0009a280 COMP
0x0009a2c0 COMP
0x0009a300 COMP
0x0009a340 COMP
0x0009a380 COMP
0x0009a3c0 COMP
READRES
0x0009a800 G_ACT0
0x0809a800 G_ACT1
0x1009a800 G_ACT2
0x1809a800 G_ACT3
0x0009a800 COMP
0x0009a840 COMP
0x0009a880 COMP
0x0009a8c0 COMP
0x0009a900 COMP
0x0009a940 COMP
0x0009a980 COMP
0x0009a9c0 COMP
0x0009aa00 COMP
0x0009aa40 COMP
0x0009aa80 COMP
0x0009aac0 COMP
0x0009ab00 COMP
0x0009ab40 COMP
0x0009ab80 COMP
0x0009abc0 COMP
READRES
0x0009b000 G_ACT0
0x0809b000 G_ACT1
0x1009b000 G_ACT2
0x1809b000 G_ACT3
0x0009b000 COMP
0x0009b040 COMP
0x0009b080 COMP
0x0009b0c0 COMP
0x0009b100 COMP
0x0009b140 COMP
0x0009b180 COMP
0x0009b1c0 COMP
0x0009b200 COMP
0x0009b240 COMP
0x0009b280 COMP
0x0009b2c0 COMP
0x0009b300 COMP
0x0009b340 COMP
0x0009b380 COMP
0x0009b3c0 COMP
READRES
0x0009b800 G_ACT0
0x0809b800 G_ACT1
0x1009b800 G_ACT2
0x1809b800 G_ACT3
0x0009b800 COMP
0x0009b840 COMP
0x0009b880 COMP
0x0009b8c0 COMP
0x0009b900 COMP
0x0009b940 COMP
0x0009b980 COMP
0x0009b9c0 COMP
0x0009ba00 COMP
0x0009ba40 COMP
0x0009ba80 COMP
0x0009bac0 COMP
0x0009bb00 COMP
0x0009bb40 COMP
0x0009bb80 COMP
0x0009bbc0 COMP
READRES
0x0009c000 G_ACT0
0x0809c000 G_ACT1
0x1009c000 G_ACT2
0x1809c000 G_ACT3
0x0009c000 COMP
0x0009c040 COMP
0x0009c080 COMP
0x0009c0c0 COMP
0x0009c100 COMP
0x0009c140 COMP
0x0009c180 COMP
0x0009c1c0 COMP
0x0009c200 COMP
0x0009c240 COMP
0x0009c280 COMP
0x0009c2c0 COMP
0x0009c300 COMP
0x0009c340 COMP
0x0009c380 COMP
0x0009c3c0 COMP
READRES
0x0009c800 G_ACT0
0x0809c800 G_ACT1
0x1009c800 G_ACT2
0x1809c800 G_ACT3
0x0009c800 COMP
0x0009c840 COMP
0x0009c880 COMP
0x0009c8c0 COMP
0x0009c900 COMP
0x0009c940 COMP
0x0009c980 COMP
0x0009c9c0 COMP
0x0009ca00 COMP
0x0009ca40 COMP
0x0009ca80 COMP
0x0009cac0 COMP
0x0009cb00 COMP
0x0009cb40 COMP
0x0009cb80 COMP
0x0009cbc0 COMP
READRES
0x0009d000 G_ACT0
0x0809d000 G_ACT1
0x1009d000 G_ACT2
0x1809d000 G_ACT3
0x0009d000 COMP
0x0009d040 COMP
0x0009d080 COMP
0x0009d0c0 COMP
0x0009d100 COMP
0x0009d140 COMP
0x0009d180 COMP
0x0009d1c0 COMP
0x0009d200 COMP
0x0009d240 COMP
0x0009d280 COMP
0x0009d2c0 COMP
0x0009d300 COMP
0x0009d340 COMP
0x0009d380 COMP
0x0009d3c0 COMP
READRES
0x0009d800 G_ACT0
0x0809d800 G_ACT1
0x1009d800 G_ACT2
0x1809d800 G_ACT3
0x0009d800 COMP
0x0009d840 COMP
0x0009d880 COMP
0x0009d8c0 COMP
0x0009d900 COMP
0x0009d940 COMP
0x0009d980 COMP
0x0009d9c0 COMP
0x0009da00 COMP
0x0009da40 COMP
0x0009da80 COMP
0x0009dac0 COMP
0x0009db00 COMP
0x0009db40 COMP
0x0009db80 COMP
0x0009dbc0 COMP
READRES
0x0009e000 G_ACT0
0x0809e000 G_ACT1
0x1009e000 G_ACT2
0x1809e000 G_ACT3
0x0009e000 COMP
0x0009e040 COMP
0x0009e080 COMP
0x0009e0c0 COMP
0x0009e100 COMP
0x0009e140 COMP
0x0009e180 COMP
0x0009e1c0 COMP
0x0009e200 COMP
0x0009e240 COMP
0x0009e280 COMP
0x0009e2c0 COMP
0x0009e300 COMP
0x0009e340 COMP
0x0009e380 COMP
0x0009e3c0 COMP
READRES
0x0009e800 G_ACT0
0x0809e800 G_ACT1
0x1009e800 G_ACT2
0x1809e800 G_ACT3
0x0009e800 COMP
0x0009e840 COMP
0x0009e880 COMP
0x0009e8c0 COMP
0x0009e900 COMP
0x0009e940 COMP
0x0009e980 COMP
0x0009e9c0 COMP
0x0009ea00 COMP
0x0009ea40 COMP
0x0009ea80 COMP
0x0009eac0 COMP
0x0009eb00 COMP
0x0009eb40 COMP
0x0009eb80 COMP
0x0009ebc0 COMP
READRES
0x0009f000 G_ACT0
0x0809f000 G_ACT1
0x1009f000 G_ACT2
0x1809f000 G_ACT3
0x0009f000 COMP
0x0009f040 COMP
0x0009f080 COMP
0x0009f0c0 COMP
0x0009f100 COMP
0x0009f140 COMP
0x0009f180 COMP
0x0009f1c0 COMP
0x0009f200 COMP
0x0009f240 COMP
0x0009f280 COMP
0x0009f2c0 COMP
0x0009f300 COMP
0x0009f340 COMP
0x0009f380 COMP
0x0009f3c0 COMP
READRES
0x0009f800 G_ACT0
0x0809f800 G_ACT1
0x1009f800 G_ACT2
0x1809f800 G_ACT3
0x0009f800 COMP
0x0009f840 COMP
0x0009f880 COMP
0x0009f8c0 COMP
0x0009f900 COMP
0x0009f940 COMP
0x0009f980 COMP
0x0009f9c0 COMP
0x0009fa00 COMP
0x0009fa40 COMP
0x0009fa80 COMP
0x0009fac0 COMP
0x0009fb00 COMP
0x0009fb40 COMP
0x0009fb80 COMP
0x0009fbc0 COMP
READRES
0x000a0000 G_ACT0
0x080a0000 G_ACT1
0x100a0000 G_ACT2
0x180a0000 G_ACT3
0x000a0000 COMP
0x000a0040 COMP
0x000a0080 COMP
0x000a00c0 COMP
0x000a0100 COMP
0x000a0140 COMP
0x000a0180 COMP
0x000a01c0 COMP
0x000a0200 COMP
0x000a0240 COMP
0x000a0280 COMP
0x000a02c0 COMP
0x000a0300 COMP
0x000a0340 COMP
0x000a0380 COMP
0x000a03c0 COMP
READRES
0x000a0800 G_ACT0
0x080a0800 G_ACT1
0x100a0800 G_ACT2
0x180a0800 G_ACT3
0x000a0800 COMP
0x000a0840 COMP
0x000a0880 COMP
0x000a08c0 COMP
0x000a0900 COMP
0x000a0940 COMP
0x000a0980 COMP
0x000a09c0 COMP
0x000a0a00 COMP
0x000a0a40 COMP
0x000a0a80 COMP
0x000a0ac0 COMP
0x000a0b00 COMP
0x000a0b40 COMP
0x000a0b80 COMP
0x000a0bc0 COMP
READRES
0x000a1000 G_ACT0
0x080a1000 G_ACT1
0x100a1000 G_ACT2
0x180a1000 G_ACT3
0x000a1000 COMP
0x000a1040 COMP
0x000a1080 COMP
0x000a10c0 COMP
0x000a1100 COMP
0x000a1140 COMP
0x000a1180 COMP
0x000a11c0 COMP
0x000a1200 COMP
0x000a1240 COMP
0x000a1280 COMP
0x000a12c0 COMP
0x000a1300 COMP
0x000a1340 COMP
0x000a1380 COMP
0x000a13c0 COMP
READRES
0x000a1800 G_ACT0
0x080a1800 G_ACT1
0x100a1800 G_ACT2
0x180a1800 G_ACT3
0x000a1800 COMP
0x000a1840 COMP
0x000a1880 COMP
0x000a18c0 COMP
0x000a1900 COMP
0x000a1940 COMP
0x000a1980 COMP
0x000a19c0 COMP
0x000a1a00 COMP
0x000a1a40 COMP
0x000a1a80 COMP
0x000a1ac0 COMP
0x000a1b00 COMP
0x000a1b40 COMP
0x000a1b80 COMP
0x000a1bc0 COMP
READRES
0x000a2000 G_ACT0
0x080a2000 G_ACT1
0x100a2000 G_ACT2
0x180a2000 G_ACT3
0x000a2000 COMP
0x000a2040 COMP
0x000a2080 COMP
0x000a20c0 COMP
0x000a2100 COMP
0x000a2140 COMP
0x000a2180 COMP
0x000a21c0 COMP
0x000a2200 COMP
0x000a2240 COMP
0x000a2280 COMP
0x000a22c0 COMP
0x000a2300 COMP
0x000a2340 COMP
0x000a2380 COMP
0x000a23c0 COMP
READRES
0x000a2800 G_ACT0
0x080a2800 G_ACT1
0x100a2800 G_ACT2
0x180a2800 G_ACT3
0x000a2800 COMP
0x000a2840 COMP
0x000a2880 COMP
0x000a28c0 COMP
0x000a2900 COMP
0x000a2940 COMP
0x000a2980 COMP
0x000a29c0 COMP
0x000a2a00 COMP
0x000a2a40 COMP
0x000a2a80 COMP
0x000a2ac0 COMP
0x000a2b00 COMP
0x000a2b40 COMP
0x000a2b80 COMP
0x000a2bc0 COMP
READRES
0x000a3000 G_ACT0
0x080a3000 G_ACT1
0x100a3000 G_ACT2
0x180a3000 G_ACT3
0x000a3000 COMP
0x000a3040 COMP
0x000a3080 COMP
0x000a30c0 COMP
0x000a3100 COMP
0x000a3140 COMP
0x000a3180 COMP
0x000a31c0 COMP
0x000a3200 COMP
0x000a3240 COMP
0x000a3280 COMP
0x000a32c0 COMP
0x000a3300 COMP
0x000a3340 COMP
0x000a3380 COMP
0x000a33c0 COMP
READRES
0x000a3800 G_ACT0
0x080a3800 G_ACT1
0x100a3800 G_ACT2
0x180a3800 G_ACT3
0x000a3800 COMP
0x000a3840 COMP
0x000a3880 COMP
0x000a38c0 COMP
0x000a3900 COMP
0x000a3940 COMP
0x000a3980 COMP
0x000a39c0 COMP
0x000a3a00 COMP
0x000a3a40 COMP
0x000a3a80 COMP
0x000a3ac0 COMP
0x000a3b00 COMP
0x000a3b40 COMP
0x000a3b80 COMP
0x000a3bc0 COMP
READRES
0x000a4000 G_ACT0
0x080a4000 G_ACT1
0x100a4000 G_ACT2
0x180a4000 G_ACT3
0x000a4000 COMP
0x000a4040 COMP
0x000a4080 COMP
0x000a40c0 COMP
0x000a4100 COMP
0x000a4140 COMP
0x000a4180 COMP
0x000a41c0 COMP
0x000a4200 COMP
0x000a4240 COMP
0x000a4280 COMP
0x000a42c0 COMP
0x000a4300 COMP
0x000a4340 COMP
0x000a4380 COMP
0x000a43c0 COMP
READRES
0x000a4800 G_ACT0
0x080a4800 G_ACT1
0x100a4800 G_ACT2
0x180a4800 G_ACT3
0x000a4800 COMP
0x000a4840 COMP
0x000a4880 COMP
0x000a48c0 COMP
0x000a4900 COMP
0x000a4940 COMP
0x000a4980 COMP
0x000a49c0 COMP
0x000a4a00 COMP
0x000a4a40 COMP
0x000a4a80 COMP
0x000a4ac0 COMP
0x000a4b00 COMP
0x000a4b40 COMP
0x000a4b80 COMP
0x000a4bc0 COMP
READRES
0x000a5000 G_ACT0
0x080a5000 G_ACT1
0x100a5000 G_ACT2
0x180a5000 G_ACT3
0x000a5000 COMP
0x000a5040 COMP
0x000a5080 COMP
0x000a50c0 COMP
0x000a5100 COMP
0x000a5140 COMP
0x000a5180 COMP
0x000a51c0 COMP
0x000a5200 COMP
0x000a5240 COMP
0x000a5280 COMP
0x000a52c0 COMP
0x000a5300 COMP
0x000a5340 COMP
0x000a5380 COMP
0x000a53c0 COMP
READRES
0x000a5800 G_ACT0
0x080a5800 G_ACT1
0x100a5800 G_ACT2
0x180a5800 G_ACT3
0x000a5800 COMP
0x000a5840 COMP
0x000a5880 COMP
0x000a58c0 COMP
0x000a5900 COMP
0x000a5940 COMP
0x000a5980 COMP
0x000a59c0 COMP
0x000a5a00 COMP
0x000a5a40 COMP
0x000a5a80 COMP
0x000a5ac0 COMP
0x000a5b00 COMP
0x000a5b40 COMP
0x000a5b80 COMP
0x000a5bc0 COMP
READRES
0x000a6000 G_ACT0
0x080a6000 G_ACT1
0x100a6000 G_ACT2
0x180a6000 G_ACT3
0x000a6000 COMP
0x000a6040 COMP
0x000a6080 COMP
0x000a60c0 COMP
0x000a6100 COMP
0x000a6140 COMP
0x000a6180 COMP
0x000a61c0 COMP
0x000a6200 COMP
0x000a6240 COMP
0x000a6280 COMP
0x000a62c0 COMP
0x000a6300 COMP
0x000a6340 COMP
0x000a6380 COMP
0x000a63c0 COMP
READRES
0x000a6800 G_ACT0
0x080a6800 G_ACT1
0x100a6800 G_ACT2
0x180a6800 G_ACT3
0x000a6800 COMP
0x000a6840 COMP
0x000a6880 COMP
0x000a68c0 COMP
0x000a6900 COMP
0x000a6940 COMP
0x000a6980 COMP
0x000a69c0 COMP
0x000a6a00 COMP
0x000a6a40 COMP
0x000a6a80 COMP
0x000a6ac0 COMP
0x000a6b00 COMP
0x000a6b40 COMP
0x000a6b80 COMP
0x000a6bc0 COMP
READRES
0x000a7000 G_ACT0
0x080a7000 G_ACT1
0x100a7000 G_ACT2
0x180a7000 G_ACT3
0x000a7000 COMP
0x000a7040 COMP
0x000a7080 COMP
0x000a70c0 COMP
0x000a7100 COMP
0x000a7140 COMP
0x000a7180 COMP
0x000a71c0 COMP
0x000a7200 COMP
0x000a7240 COMP
0x000a7280 COMP
0x000a72c0 COMP
0x000a7300 COMP
0x000a7340 COMP
0x000a7380 COMP
0x000a73c0 COMP
READRES
0x000a7800 G_ACT0
0x080a7800 G_ACT1
0x100a7800 G_ACT2
0x180a7800 G_ACT3
0x000a7800 COMP
0x000a7840 COMP
0x000a7880 COMP
0x000a78c0 COMP
0x000a7900 COMP
0x000a7940 COMP
0x000a7980 COMP
0x000a79c0 COMP
0x000a7a00 COMP
0x000a7a40 COMP
0x000a7a80 COMP
0x000a7ac0 COMP
0x000a7b00 COMP
0x000a7b40 COMP
0x000a7b80 COMP
0x000a7bc0 COMP
READRES
0x000a8000 G_ACT0
0x080a8000 G_ACT1
0x100a8000 G_ACT2
0x180a8000 G_ACT3
0x000a8000 COMP
0x000a8040 COMP
0x000a8080 COMP
0x000a80c0 COMP
0x000a8100 COMP
0x000a8140 COMP
0x000a8180 COMP
0x000a81c0 COMP
0x000a8200 COMP
0x000a8240 COMP
0x000a8280 COMP
0x000a82c0 COMP
0x000a8300 COMP
0x000a8340 COMP
0x000a8380 COMP
0x000a83c0 COMP
READRES
0x000a8800 G_ACT0
0x080a8800 G_ACT1
0x100a8800 G_ACT2
0x180a8800 G_ACT3
0x000a8800 COMP
0x000a8840 COMP
0x000a8880 COMP
0x000a88c0 COMP
0x000a8900 COMP
0x000a8940 COMP
0x000a8980 COMP
0x000a89c0 COMP
0x000a8a00 COMP
0x000a8a40 COMP
0x000a8a80 COMP
0x000a8ac0 COMP
0x000a8b00 COMP
0x000a8b40 COMP
0x000a8b80 COMP
0x000a8bc0 COMP
READRES
0x000a9000 G_ACT0
0x080a9000 G_ACT1
0x100a9000 G_ACT2
0x180a9000 G_ACT3
0x000a9000 COMP
0x000a9040 COMP
0x000a9080 COMP
0x000a90c0 COMP
0x000a9100 COMP
0x000a9140 COMP
0x000a9180 COMP
0x000a91c0 COMP
0x000a9200 COMP
0x000a9240 COMP
0x000a9280 COMP
0x000a92c0 COMP
0x000a9300 COMP
0x000a9340 COMP
0x000a9380 COMP
0x000a93c0 COMP
READRES
0x000a9800 G_ACT0
0x080a9800 G_ACT1
0x100a9800 G_ACT2
0x180a9800 G_ACT3
0x000a9800 COMP
0x000a9840 COMP
0x000a9880 COMP
0x000a98c0 COMP
0x000a9900 COMP
0x000a9940 COMP
0x000a9980 COMP
0x000a99c0 COMP
0x000a9a00 COMP
0x000a9a40 COMP
0x000a9a80 COMP
0x000a9ac0 COMP
0x000a9b00 COMP
0x000a9b40 COMP
0x000a9b80 COMP
0x000a9bc0 COMP
READRES
0x000aa000 G_ACT0
0x080aa000 G_ACT1
0x100aa000 G_ACT2
0x180aa000 G_ACT3
0x000aa000 COMP
0x000aa040 COMP
0x000aa080 COMP
0x000aa0c0 COMP
0x000aa100 COMP
0x000aa140 COMP
0x000aa180 COMP
0x000aa1c0 COMP
0x000aa200 COMP
0x000aa240 COMP
0x000aa280 COMP
0x000aa2c0 COMP
0x000aa300 COMP
0x000aa340 COMP
0x000aa380 COMP
0x000aa3c0 COMP
READRES
0x000aa800 G_ACT0
0x080aa800 G_ACT1
0x100aa800 G_ACT2
0x180aa800 G_ACT3
0x000aa800 COMP
0x000aa840 COMP
0x000aa880 COMP
0x000aa8c0 COMP
0x000aa900 COMP
0x000aa940 COMP
0x000aa980 COMP
0x000aa9c0 COMP
0x000aaa00 COMP
0x000aaa40 COMP
0x000aaa80 COMP
0x000aaac0 COMP
0x000aab00 COMP
0x000aab40 COMP
0x000aab80 COMP
0x000aabc0 COMP
READRES
0x000ab000 G_ACT0
0x080ab000 G_ACT1
0x100ab000 G_ACT2
0x180ab000 G_ACT3
0x000ab000 COMP
0x000ab040 COMP
0x000ab080 COMP
0x000ab0c0 COMP
0x000ab100 COMP
0x000ab140 COMP
0x000ab180 COMP
0x000ab1c0 COMP
0x000ab200 COMP
0x000ab240 COMP
0x000ab280 COMP
0x000ab2c0 COMP
0x000ab300 COMP
0x000ab340 COMP
0x000ab380 COMP
0x000ab3c0 COMP
READRES
0x000ab800 G_ACT0
0x080ab800 G_ACT1
0x100ab800 G_ACT2
0x180ab800 G_ACT3
0x000ab800 COMP
0x000ab840 COMP
0x000ab880 COMP
0x000ab8c0 COMP
0x000ab900 COMP
0x000ab940 COMP
0x000ab980 COMP
0x000ab9c0 COMP
0x000aba00 COMP
0x000aba40 COMP
0x000aba80 COMP
0x000abac0 COMP
0x000abb00 COMP
0x000abb40 COMP
0x000abb80 COMP
0x000abbc0 COMP
READRES
0x000ac000 G_ACT0
0x080ac000 G_ACT1
0x100ac000 G_ACT2
0x180ac000 G_ACT3
0x000ac000 COMP
0x000ac040 COMP
0x000ac080 COMP
0x000ac0c0 COMP
0x000ac100 COMP
0x000ac140 COMP
0x000ac180 COMP
0x000ac1c0 COMP
0x000ac200 COMP
0x000ac240 COMP
0x000ac280 COMP
0x000ac2c0 COMP
0x000ac300 COMP
0x000ac340 COMP
0x000ac380 COMP
0x000ac3c0 COMP
READRES
0x000ac800 G_ACT0
0x080ac800 G_ACT1
0x100ac800 G_ACT2
0x180ac800 G_ACT3
0x000ac800 COMP
0x000ac840 COMP
0x000ac880 COMP
0x000ac8c0 COMP
0x000ac900 COMP
0x000ac940 COMP
0x000ac980 COMP
0x000ac9c0 COMP
0x000aca00 COMP
0x000aca40 COMP
0x000aca80 COMP
0x000acac0 COMP
0x000acb00 COMP
0x000acb40 COMP
0x000acb80 COMP
0x000acbc0 COMP
READRES
0x000ad000 G_ACT0
0x080ad000 G_ACT1
0x100ad000 G_ACT2
0x180ad000 G_ACT3
0x000ad000 COMP
0x000ad040 COMP
0x000ad080 COMP
0x000ad0c0 COMP
0x000ad100 COMP
0x000ad140 COMP
0x000ad180 COMP
0x000ad1c0 COMP
0x000ad200 COMP
0x000ad240 COMP
0x000ad280 COMP
0x000ad2c0 COMP
0x000ad300 COMP
0x000ad340 COMP
0x000ad380 COMP
0x000ad3c0 COMP
READRES
0x000ad800 G_ACT0
0x080ad800 G_ACT1
0x100ad800 G_ACT2
0x180ad800 G_ACT3
0x000ad800 COMP
0x000ad840 COMP
0x000ad880 COMP
0x000ad8c0 COMP
0x000ad900 COMP
0x000ad940 COMP
0x000ad980 COMP
0x000ad9c0 COMP
0x000ada00 COMP
0x000ada40 COMP
0x000ada80 COMP
0x000adac0 COMP
0x000adb00 COMP
0x000adb40 COMP
0x000adb80 COMP
0x000adbc0 COMP
READRES
0x000ae000 G_ACT0
0x080ae000 G_ACT1
0x100ae000 G_ACT2
0x180ae000 G_ACT3
0x000ae000 COMP
0x000ae040 COMP
0x000ae080 COMP
0x000ae0c0 COMP
0x000ae100 COMP
0x000ae140 COMP
0x000ae180 COMP
0x000ae1c0 COMP
0x000ae200 COMP
0x000ae240 COMP
0x000ae280 COMP
0x000ae2c0 COMP
0x000ae300 COMP
0x000ae340 COMP
0x000ae380 COMP
0x000ae3c0 COMP
READRES
0x000ae800 G_ACT0
0x080ae800 G_ACT1
0x100ae800 G_ACT2
0x180ae800 G_ACT3
0x000ae800 COMP
0x000ae840 COMP
0x000ae880 COMP
0x000ae8c0 COMP
0x000ae900 COMP
0x000ae940 COMP
0x000ae980 COMP
0x000ae9c0 COMP
0x000aea00 COMP
0x000aea40 COMP
0x000aea80 COMP
0x000aeac0 COMP
0x000aeb00 COMP
0x000aeb40 COMP
0x000aeb80 COMP
0x000aebc0 COMP
READRES
0x000af000 G_ACT0
0x080af000 G_ACT1
0x100af000 G_ACT2
0x180af000 G_ACT3
0x000af000 COMP
0x000af040 COMP
0x000af080 COMP
0x000af0c0 COMP
0x000af100 COMP
0x000af140 COMP
0x000af180 COMP
0x000af1c0 COMP
0x000af200 COMP
0x000af240 COMP
0x000af280 COMP
0x000af2c0 COMP
0x000af300 COMP
0x000af340 COMP
0x000af380 COMP
0x000af3c0 COMP
READRES
0x000af800 G_ACT0
0x080af800 G_ACT1
0x100af800 G_ACT2
0x180af800 G_ACT3
0x000af800 COMP
0x000af840 COMP
0x000af880 COMP
0x000af8c0 COMP
0x000af900 COMP
0x000af940 COMP
0x000af980 COMP
0x000af9c0 COMP
0x000afa00 COMP
0x000afa40 COMP
0x000afa80 COMP
0x000afac0 COMP
0x000afb00 COMP
0x000afb40 COMP
0x000afb80 COMP
0x000afbc0 COMP
READRES
0x000b0000 G_ACT0
0x080b0000 G_ACT1
0x100b0000 G_ACT2
0x180b0000 G_ACT3
0x000b0000 COMP
0x000b0040 COMP
0x000b0080 COMP
0x000b00c0 COMP
0x000b0100 COMP
0x000b0140 COMP
0x000b0180 COMP
0x000b01c0 COMP
0x000b0200 COMP
0x000b0240 COMP
0x000b0280 COMP
0x000b02c0 COMP
0x000b0300 COMP
0x000b0340 COMP
0x000b0380 COMP
0x000b03c0 COMP
READRES
0x000b0800 G_ACT0
0x080b0800 G_ACT1
0x100b0800 G_ACT2
0x180b0800 G_ACT3
0x000b0800 COMP
0x000b0840 COMP
0x000b0880 COMP
0x000b08c0 COMP
0x000b0900 COMP
0x000b0940 COMP
0x000b0980 COMP
0x000b09c0 COMP
0x000b0a00 COMP
0x000b0a40 COMP
0x000b0a80 COMP
0x000b0ac0 COMP
0x000b0b00 COMP
0x000b0b40 COMP
0x000b0b80 COMP
0x000b0bc0 COMP
READRES
0x000b1000 G_ACT0
0x080b1000 G_ACT1
0x100b1000 G_ACT2
0x180b1000 G_ACT3
0x000b1000 COMP
0x000b1040 COMP
0x000b1080 COMP
0x000b10c0 COMP
0x000b1100 COMP
0x000b1140 COMP
0x000b1180 COMP
0x000b11c0 COMP
0x000b1200 COMP
0x000b1240 COMP
0x000b1280 COMP
0x000b12c0 COMP
0x000b1300 COMP
0x000b1340 COMP
0x000b1380 COMP
0x000b13c0 COMP
READRES
0x000b1800 G_ACT0
0x080b1800 G_ACT1
0x100b1800 G_ACT2
0x180b1800 G_ACT3
0x000b1800 COMP
0x000b1840 COMP
0x000b1880 COMP
0x000b18c0 COMP
0x000b1900 COMP
0x000b1940 COMP
0x000b1980 COMP
0x000b19c0 COMP
0x000b1a00 COMP
0x000b1a40 COMP
0x000b1a80 COMP
0x000b1ac0 COMP
0x000b1b00 COMP
0x000b1b40 COMP
0x000b1b80 COMP
0x000b1bc0 COMP
READRES
0x000b2000 G_ACT0
0x080b2000 G_ACT1
0x100b2000 G_ACT2
0x180b2000 G_ACT3
0x000b2000 COMP
0x000b2040 COMP
0x000b2080 COMP
0x000b20c0 COMP
0x000b2100 COMP
0x000b2140 COMP
0x000b2180 COMP
0x000b21c0 COMP
0x000b2200 COMP
0x000b2240 COMP
0x000b2280 COMP
0x000b22c0 COMP
0x000b2300 COMP
0x000b2340 COMP
0x000b2380 COMP
0x000b23c0 COMP
READRES
0x000b2800 G_ACT0
0x080b2800 G_ACT1
0x100b2800 G_ACT2
0x180b2800 G_ACT3
0x000b2800 COMP
0x000b2840 COMP
0x000b2880 COMP
0x000b28c0 COMP
0x000b2900 COMP
0x000b2940 COMP
0x000b2980 COMP
0x000b29c0 COMP
0x000b2a00 COMP
0x000b2a40 COMP
0x000b2a80 COMP
0x000b2ac0 COMP
0x000b2b00 COMP
0x000b2b40 COMP
0x000b2b80 COMP
0x000b2bc0 COMP
READRES
0x000b3000 G_ACT0
0x080b3000 G_ACT1
0x100b3000 G_ACT2
0x180b3000 G_ACT3
0x000b3000 COMP
0x000b3040 COMP
0x000b3080 COMP
0x000b30c0 COMP
0x000b3100 COMP
0x000b3140 COMP
0x000b3180 COMP
0x000b31c0 COMP
0x000b3200 COMP
0x000b3240 COMP
0x000b3280 COMP
0x000b32c0 COMP
0x000b3300 COMP
0x000b3340 COMP
0x000b3380 COMP
0x000b33c0 COMP
READRES
0x000b3800 G_ACT0
0x080b3800 G_ACT1
0x100b3800 G_ACT2
0x180b3800 G_ACT3
0x000b3800 COMP
0x000b3840 COMP
0x000b3880 COMP
0x000b38c0 COMP
0x000b3900 COMP
0x000b3940 COMP
0x000b3980 COMP
0x000b39c0 COMP
0x000b3a00 COMP
0x000b3a40 COMP
0x000b3a80 COMP
0x000b3ac0 COMP
0x000b3b00 COMP
0x000b3b40 COMP
0x000b3b80 COMP
0x000b3bc0 COMP
READRES
0x000b4000 G_ACT0
0x080b4000 G_ACT1
0x100b4000 G_ACT2
0x180b4000 G_ACT3
0x000b4000 COMP
0x000b4040 COMP
0x000b4080 COMP
0x000b40c0 COMP
0x000b4100 COMP
0x000b4140 COMP
0x000b4180 COMP
0x000b41c0 COMP
0x000b4200 COMP
0x000b4240 COMP
0x000b4280 COMP
0x000b42c0 COMP
0x000b4300 COMP
0x000b4340 COMP
0x000b4380 COMP
0x000b43c0 COMP
READRES
0x000b4800 G_ACT0
0x080b4800 G_ACT1
0x100b4800 G_ACT2
0x180b4800 G_ACT3
0x000b4800 COMP
0x000b4840 COMP
0x000b4880 COMP
0x000b48c0 COMP
0x000b4900 COMP
0x000b4940 COMP
0x000b4980 COMP
0x000b49c0 COMP
0x000b4a00 COMP
0x000b4a40 COMP
0x000b4a80 COMP
0x000b4ac0 COMP
0x000b4b00 COMP
0x000b4b40 COMP
0x000b4b80 COMP
0x000b4bc0 COMP
READRES
0x000b5000 G_ACT0
0x080b5000 G_ACT1
0x100b5000 G_ACT2
0x180b5000 G_ACT3
0x000b5000 COMP
0x000b5040 COMP
0x000b5080 COMP
0x000b50c0 COMP
0x000b5100 COMP
0x000b5140 COMP
0x000b5180 COMP
0x000b51c0 COMP
0x000b5200 COMP
0x000b5240 COMP
0x000b5280 COMP
0x000b52c0 COMP
0x000b5300 COMP
0x000b5340 COMP
0x000b5380 COMP
0x000b53c0 COMP
READRES
0x000b5800 G_ACT0
0x080b5800 G_ACT1
0x100b5800 G_ACT2
0x180b5800 G_ACT3
0x000b5800 COMP
0x000b5840 COMP
0x000b5880 COMP
0x000b58c0 COMP
0x000b5900 COMP
0x000b5940 COMP
0x000b5980 COMP
0x000b59c0 COMP
0x000b5a00 COMP
0x000b5a40 COMP
0x000b5a80 COMP
0x000b5ac0 COMP
0x000b5b00 COMP
0x000b5b40 COMP
0x000b5b80 COMP
0x000b5bc0 COMP
READRES
0x000b6000 G_ACT0
0x080b6000 G_ACT1
0x100b6000 G_ACT2
0x180b6000 G_ACT3
0x000b6000 COMP
0x000b6040 COMP
0x000b6080 COMP
0x000b60c0 COMP
0x000b6100 COMP
0x000b6140 COMP
0x000b6180 COMP
0x000b61c0 COMP
0x000b6200 COMP
0x000b6240 COMP
0x000b6280 COMP
0x000b62c0 COMP
0x000b6300 COMP
0x000b6340 COMP
0x000b6380 COMP
0x000b63c0 COMP
READRES
0x000b6800 G_ACT0
0x080b6800 G_ACT1
0x100b6800 G_ACT2
0x180b6800 G_ACT3
0x000b6800 COMP
0x000b6840 COMP
0x000b6880 COMP
0x000b68c0 COMP
0x000b6900 COMP
0x000b6940 COMP
0x000b6980 COMP
0x000b69c0 COMP
0x000b6a00 COMP
0x000b6a40 COMP
0x000b6a80 COMP
0x000b6ac0 COMP
0x000b6b00 COMP
0x000b6b40 COMP
0x000b6b80 COMP
0x000b6bc0 COMP
READRES
0x000b7000 G_ACT0
0x080b7000 G_ACT1
0x100b7000 G_ACT2
0x180b7000 G_ACT3
0x000b7000 COMP
0x000b7040 COMP
0x000b7080 COMP
0x000b70c0 COMP
0x000b7100 COMP
0x000b7140 COMP
0x000b7180 COMP
0x000b71c0 COMP
0x000b7200 COMP
0x000b7240 COMP
0x000b7280 COMP
0x000b72c0 COMP
0x000b7300 COMP
0x000b7340 COMP
0x000b7380 COMP
0x000b73c0 COMP
READRES
0x000b7800 G_ACT0
0x080b7800 G_ACT1
0x100b7800 G_ACT2
0x180b7800 G_ACT3
0x000b7800 COMP
0x000b7840 COMP
0x000b7880 COMP
0x000b78c0 COMP
0x000b7900 COMP
0x000b7940 COMP
0x000b7980 COMP
0x000b79c0 COMP
0x000b7a00 COMP
0x000b7a40 COMP
0x000b7a80 COMP
0x000b7ac0 COMP
0x000b7b00 COMP
0x000b7b40 COMP
0x000b7b80 COMP
0x000b7bc0 COMP
READRES
0x000b8000 G_ACT0
0x080b8000 G_ACT1
0x100b8000 G_ACT2
0x180b8000 G_ACT3
0x000b8000 COMP
0x000b8040 COMP
0x000b8080 COMP
0x000b80c0 COMP
0x000b8100 COMP
0x000b8140 COMP
0x000b8180 COMP
0x000b81c0 COMP
0x000b8200 COMP
0x000b8240 COMP
0x000b8280 COMP
0x000b82c0 COMP
0x000b8300 COMP
0x000b8340 COMP
0x000b8380 COMP
0x000b83c0 COMP
READRES
0x000b8800 G_ACT0
0x080b8800 G_ACT1
0x100b8800 G_ACT2
0x180b8800 G_ACT3
0x000b8800 COMP
0x000b8840 COMP
0x000b8880 COMP
0x000b88c0 COMP
0x000b8900 COMP
0x000b8940 COMP
0x000b8980 COMP
0x000b89c0 COMP
0x000b8a00 COMP
0x000b8a40 COMP
0x000b8a80 COMP
0x000b8ac0 COMP
0x000b8b00 COMP
0x000b8b40 COMP
0x000b8b80 COMP
0x000b8bc0 COMP
READRES
0x000b9000 G_ACT0
0x080b9000 G_ACT1
0x100b9000 G_ACT2
0x180b9000 G_ACT3
0x000b9000 COMP
0x000b9040 COMP
0x000b9080 COMP
0x000b90c0 COMP
0x000b9100 COMP
0x000b9140 COMP
0x000b9180 COMP
0x000b91c0 COMP
0x000b9200 COMP
0x000b9240 COMP
0x000b9280 COMP
0x000b92c0 COMP
0x000b9300 COMP
0x000b9340 COMP
0x000b9380 COMP
0x000b93c0 COMP
READRES
0x000b9800 G_ACT0
0x080b9800 G_ACT1
0x100b9800 G_ACT2
0x180b9800 G_ACT3
0x000b9800 COMP
0x000b9840 COMP
0x000b9880 COMP
0x000b98c0 COMP
0x000b9900 COMP
0x000b9940 COMP
0x000b9980 COMP
0x000b99c0 COMP
0x000b9a00 COMP
0x000b9a40 COMP
0x000b9a80 COMP
0x000b9ac0 COMP
0x000b9b00 COMP
0x000b9b40 COMP
0x000b9b80 COMP
0x000b9bc0 COMP
READRES
0x000ba000 G_ACT0
0x080ba000 G_ACT1
0x100ba000 G_ACT2
0x180ba000 G_ACT3
0x000ba000 COMP
0x000ba040 COMP
0x000ba080 COMP
0x000ba0c0 COMP
0x000ba100 COMP
0x000ba140 COMP
0x000ba180 COMP
0x000ba1c0 COMP
0x000ba200 COMP
0x000ba240 COMP
0x000ba280 COMP
0x000ba2c0 COMP
0x000ba300 COMP
0x000ba340 COMP
0x000ba380 COMP
0x000ba3c0 COMP
READRES
0x000ba800 G_ACT0
0x080ba800 G_ACT1
0x100ba800 G_ACT2
0x180ba800 G_ACT3
0x000ba800 COMP
0x000ba840 COMP
0x000ba880 COMP
0x000ba8c0 COMP
0x000ba900 COMP
0x000ba940 COMP
0x000ba980 COMP
0x000ba9c0 COMP
0x000baa00 COMP
0x000baa40 COMP
0x000baa80 COMP
0x000baac0 COMP
0x000bab00 COMP
0x000bab40 COMP
0x000bab80 COMP
0x000babc0 COMP
READRES
0x000bb000 G_ACT0
0x080bb000 G_ACT1
0x100bb000 G_ACT2
0x180bb000 G_ACT3
0x000bb000 COMP
0x000bb040 COMP
0x000bb080 COMP
0x000bb0c0 COMP
0x000bb100 COMP
0x000bb140 COMP
0x000bb180 COMP
0x000bb1c0 COMP
0x000bb200 COMP
0x000bb240 COMP
0x000bb280 COMP
0x000bb2c0 COMP
0x000bb300 COMP
0x000bb340 COMP
0x000bb380 COMP
0x000bb3c0 COMP
READRES
0x000bb800 G_ACT0
0x080bb800 G_ACT1
0x100bb800 G_ACT2
0x180bb800 G_ACT3
0x000bb800 COMP
0x000bb840 COMP
0x000bb880 COMP
0x000bb8c0 COMP
0x000bb900 COMP
0x000bb940 COMP
0x000bb980 COMP
0x000bb9c0 COMP
0x000bba00 COMP
0x000bba40 COMP
0x000bba80 COMP
0x000bbac0 COMP
0x000bbb00 COMP
0x000bbb40 COMP
0x000bbb80 COMP
0x000bbbc0 COMP
READRES
0x000bc000 G_ACT0
0x080bc000 G_ACT1
0x100bc000 G_ACT2
0x180bc000 G_ACT3
0x000bc000 COMP
0x000bc040 COMP
0x000bc080 COMP
0x000bc0c0 COMP
0x000bc100 COMP
0x000bc140 COMP
0x000bc180 COMP
0x000bc1c0 COMP
0x000bc200 COMP
0x000bc240 COMP
0x000bc280 COMP
0x000bc2c0 COMP
0x000bc300 COMP
0x000bc340 COMP
0x000bc380 COMP
0x000bc3c0 COMP
READRES
0x000bc800 G_ACT0
0x080bc800 G_ACT1
0x100bc800 G_ACT2
0x180bc800 G_ACT3
0x000bc800 COMP
0x000bc840 COMP
0x000bc880 COMP
0x000bc8c0 COMP
0x000bc900 COMP
0x000bc940 COMP
0x000bc980 COMP
0x000bc9c0 COMP
0x000bca00 COMP
0x000bca40 COMP
0x000bca80 COMP
0x000bcac0 COMP
0x000bcb00 COMP
0x000bcb40 COMP
0x000bcb80 COMP
0x000bcbc0 COMP
READRES
0x000bd000 G_ACT0
0x080bd000 G_ACT1
0x100bd000 G_ACT2
0x180bd000 G_ACT3
0x000bd000 COMP
0x000bd040 COMP
0x000bd080 COMP
0x000bd0c0 COMP
0x000bd100 COMP
0x000bd140 COMP
0x000bd180 COMP
0x000bd1c0 COMP
0x000bd200 COMP
0x000bd240 COMP
0x000bd280 COMP
0x000bd2c0 COMP
0x000bd300 COMP
0x000bd340 COMP
0x000bd380 COMP
0x000bd3c0 COMP
READRES
0x000bd800 G_ACT0
0x080bd800 G_ACT1
0x100bd800 G_ACT2
0x180bd800 G_ACT3
0x000bd800 COMP
0x000bd840 COMP
0x000bd880 COMP
0x000bd8c0 COMP
0x000bd900 COMP
0x000bd940 COMP
0x000bd980 COMP
0x000bd9c0 COMP
0x000bda00 COMP
0x000bda40 COMP
0x000bda80 COMP
0x000bdac0 COMP
0x000bdb00 COMP
0x000bdb40 COMP
0x000bdb80 COMP
0x000bdbc0 COMP
READRES
0x000be000 G_ACT0
0x080be000 G_ACT1
0x100be000 G_ACT2
0x180be000 G_ACT3
0x000be000 COMP
0x000be040 COMP
0x000be080 COMP
0x000be0c0 COMP
0x000be100 COMP
0x000be140 COMP
0x000be180 COMP
0x000be1c0 COMP
0x000be200 COMP
0x000be240 COMP
0x000be280 COMP
0x000be2c0 COMP
0x000be300 COMP
0x000be340 COMP
0x000be380 COMP
0x000be3c0 COMP
READRES
0x000be800 G_ACT0
0x080be800 G_ACT1
0x100be800 G_ACT2
0x180be800 G_ACT3
0x000be800 COMP
0x000be840 COMP
0x000be880 COMP
0x000be8c0 COMP
0x000be900 COMP
0x000be940 COMP
0x000be980 COMP
0x000be9c0 COMP
0x000bea00 COMP
0x000bea40 COMP
0x000bea80 COMP
0x000beac0 COMP
0x000beb00 COMP
0x000beb40 COMP
0x000beb80 COMP
0x000bebc0 COMP
READRES
0x000bf000 G_ACT0
0x080bf000 G_ACT1
0x100bf000 G_ACT2
0x180bf000 G_ACT3
0x000bf000 COMP
0x000bf040 COMP
0x000bf080 COMP
0x000bf0c0 COMP
0x000bf100 COMP
0x000bf140 COMP
0x000bf180 COMP
0x000bf1c0 COMP
0x000bf200 COMP
0x000bf240 COMP
0x000bf280 COMP
0x000bf2c0 COMP
0x000bf300 COMP
0x000bf340 COMP
0x000bf380 COMP
0x000bf3c0 COMP
READRES
0x000bf800 G_ACT0
0x080bf800 G_ACT1
0x100bf800 G_ACT2
0x180bf800 G_ACT3
0x000bf800 COMP
0x000bf840 COMP
0x000bf880 COMP
0x000bf8c0 COMP
0x000bf900 COMP
0x000bf940 COMP
0x000bf980 COMP
0x000bf9c0 COMP
0x000bfa00 COMP
0x000bfa40 COMP
0x000bfa80 COMP
0x000bfac0 COMP
0x000bfb00 COMP
0x000bfb40 COMP
0x000bfb80 COMP
0x000bfbc0 COMP
READRES
0x000c0000 G_ACT0
0x080c0000 G_ACT1
0x100c0000 G_ACT2
0x180c0000 G_ACT3
0x000c0000 COMP
0x000c0040 COMP
0x000c0080 COMP
0x000c00c0 COMP
0x000c0100 COMP
0x000c0140 COMP
0x000c0180 COMP
0x000c01c0 COMP
0x000c0200 COMP
0x000c0240 COMP
0x000c0280 COMP
0x000c02c0 COMP
0x000c0300 COMP
0x000c0340 COMP
0x000c0380 COMP
0x000c03c0 COMP
READRES
0x000c0800 G_ACT0
0x080c0800 G_ACT1
0x100c0800 G_ACT2
0x180c0800 G_ACT3
0x000c0800 COMP
0x000c0840 COMP
0x000c0880 COMP
0x000c08c0 COMP
0x000c0900 COMP
0x000c0940 COMP
0x000c0980 COMP
0x000c09c0 COMP
0x000c0a00 COMP
0x000c0a40 COMP
0x000c0a80 COMP
0x000c0ac0 COMP
0x000c0b00 COMP
0x000c0b40 COMP
0x000c0b80 COMP
0x000c0bc0 COMP
READRES
0x000c1000 G_ACT0
0x080c1000 G_ACT1
0x100c1000 G_ACT2
0x180c1000 G_ACT3
0x000c1000 COMP
0x000c1040 COMP
0x000c1080 COMP
0x000c10c0 COMP
0x000c1100 COMP
0x000c1140 COMP
0x000c1180 COMP
0x000c11c0 COMP
0x000c1200 COMP
0x000c1240 COMP
0x000c1280 COMP
0x000c12c0 COMP
0x000c1300 COMP
0x000c1340 COMP
0x000c1380 COMP
0x000c13c0 COMP
READRES
0x000c1800 G_ACT0
0x080c1800 G_ACT1
0x100c1800 G_ACT2
0x180c1800 G_ACT3
0x000c1800 COMP
0x000c1840 COMP
0x000c1880 COMP
0x000c18c0 COMP
0x000c1900 COMP
0x000c1940 COMP
0x000c1980 COMP
0x000c19c0 COMP
0x000c1a00 COMP
0x000c1a40 COMP
0x000c1a80 COMP
0x000c1ac0 COMP
0x000c1b00 COMP
0x000c1b40 COMP
0x000c1b80 COMP
0x000c1bc0 COMP
READRES
0x000c2000 G_ACT0
0x080c2000 G_ACT1
0x100c2000 G_ACT2
0x180c2000 G_ACT3
0x000c2000 COMP
0x000c2040 COMP
0x000c2080 COMP
0x000c20c0 COMP
0x000c2100 COMP
0x000c2140 COMP
0x000c2180 COMP
0x000c21c0 COMP
0x000c2200 COMP
0x000c2240 COMP
0x000c2280 COMP
0x000c22c0 COMP
0x000c2300 COMP
0x000c2340 COMP
0x000c2380 COMP
0x000c23c0 COMP
READRES
0x000c2800 G_ACT0
0x080c2800 G_ACT1
0x100c2800 G_ACT2
0x180c2800 G_ACT3
0x000c2800 COMP
0x000c2840 COMP
0x000c2880 COMP
0x000c28c0 COMP
0x000c2900 COMP
0x000c2940 COMP
0x000c2980 COMP
0x000c29c0 COMP
0x000c2a00 COMP
0x000c2a40 COMP
0x000c2a80 COMP
0x000c2ac0 COMP
0x000c2b00 COMP
0x000c2b40 COMP
0x000c2b80 COMP
0x000c2bc0 COMP
READRES
0x000c3000 G_ACT0
0x080c3000 G_ACT1
0x100c3000 G_ACT2
0x180c3000 G_ACT3
0x000c3000 COMP
0x000c3040 COMP
0x000c3080 COMP
0x000c30c0 COMP
0x000c3100 COMP
0x000c3140 COMP
0x000c3180 COMP
0x000c31c0 COMP
0x000c3200 COMP
0x000c3240 COMP
0x000c3280 COMP
0x000c32c0 COMP
0x000c3300 COMP
0x000c3340 COMP
0x000c3380 COMP
0x000c33c0 COMP
READRES
0x000c3800 G_ACT0
0x080c3800 G_ACT1
0x100c3800 G_ACT2
0x180c3800 G_ACT3
0x000c3800 COMP
0x000c3840 COMP
0x000c3880 COMP
0x000c38c0 COMP
0x000c3900 COMP
0x000c3940 COMP
0x000c3980 COMP
0x000c39c0 COMP
0x000c3a00 COMP
0x000c3a40 COMP
0x000c3a80 COMP
0x000c3ac0 COMP
0x000c3b00 COMP
0x000c3b40 COMP
0x000c3b80 COMP
0x000c3bc0 COMP
READRES
0x000c4000 G_ACT0
0x080c4000 G_ACT1
0x100c4000 G_ACT2
0x180c4000 G_ACT3
0x000c4000 COMP
0x000c4040 COMP
0x000c4080 COMP
0x000c40c0 COMP
0x000c4100 COMP
0x000c4140 COMP
0x000c4180 COMP
0x000c41c0 COMP
0x000c4200 COMP
0x000c4240 COMP
0x000c4280 COMP
0x000c42c0 COMP
0x000c4300 COMP
0x000c4340 COMP
0x000c4380 COMP
0x000c43c0 COMP
READRES
0x000c4800 G_ACT0
0x080c4800 G_ACT1
0x100c4800 G_ACT2
0x180c4800 G_ACT3
0x000c4800 COMP
0x000c4840 COMP
0x000c4880 COMP
0x000c48c0 COMP
0x000c4900 COMP
0x000c4940 COMP
0x000c4980 COMP
0x000c49c0 COMP
0x000c4a00 COMP
0x000c4a40 COMP
0x000c4a80 COMP
0x000c4ac0 COMP
0x000c4b00 COMP
0x000c4b40 COMP
0x000c4b80 COMP
0x000c4bc0 COMP
READRES
0x000c5000 G_ACT0
0x080c5000 G_ACT1
0x100c5000 G_ACT2
0x180c5000 G_ACT3
0x000c5000 COMP
0x000c5040 COMP
0x000c5080 COMP
0x000c50c0 COMP
0x000c5100 COMP
0x000c5140 COMP
0x000c5180 COMP
0x000c51c0 COMP
0x000c5200 COMP
0x000c5240 COMP
0x000c5280 COMP
0x000c52c0 COMP
0x000c5300 COMP
0x000c5340 COMP
0x000c5380 COMP
0x000c53c0 COMP
READRES
0x000c5800 G_ACT0
0x080c5800 G_ACT1
0x100c5800 G_ACT2
0x180c5800 G_ACT3
0x000c5800 COMP
0x000c5840 COMP
0x000c5880 COMP
0x000c58c0 COMP
0x000c5900 COMP
0x000c5940 COMP
0x000c5980 COMP
0x000c59c0 COMP
0x000c5a00 COMP
0x000c5a40 COMP
0x000c5a80 COMP
0x000c5ac0 COMP
0x000c5b00 COMP
0x000c5b40 COMP
0x000c5b80 COMP
0x000c5bc0 COMP
READRES
0x000c6000 G_ACT0
0x080c6000 G_ACT1
0x100c6000 G_ACT2
0x180c6000 G_ACT3
0x000c6000 COMP
0x000c6040 COMP
0x000c6080 COMP
0x000c60c0 COMP
0x000c6100 COMP
0x000c6140 COMP
0x000c6180 COMP
0x000c61c0 COMP
0x000c6200 COMP
0x000c6240 COMP
0x000c6280 COMP
0x000c62c0 COMP
0x000c6300 COMP
0x000c6340 COMP
0x000c6380 COMP
0x000c63c0 COMP
READRES
0x000c6800 G_ACT0
0x080c6800 G_ACT1
0x100c6800 G_ACT2
0x180c6800 G_ACT3
0x000c6800 COMP
0x000c6840 COMP
0x000c6880 COMP
0x000c68c0 COMP
0x000c6900 COMP
0x000c6940 COMP
0x000c6980 COMP
0x000c69c0 COMP
0x000c6a00 COMP
0x000c6a40 COMP
0x000c6a80 COMP
0x000c6ac0 COMP
0x000c6b00 COMP
0x000c6b40 COMP
0x000c6b80 COMP
0x000c6bc0 COMP
READRES
0x000c7000 G_ACT0
0x080c7000 G_ACT1
0x100c7000 G_ACT2
0x180c7000 G_ACT3
0x000c7000 COMP
0x000c7040 COMP
0x000c7080 COMP
0x000c70c0 COMP
0x000c7100 COMP
0x000c7140 COMP
0x000c7180 COMP
0x000c71c0 COMP
0x000c7200 COMP
0x000c7240 COMP
0x000c7280 COMP
0x000c72c0 COMP
0x000c7300 COMP
0x000c7340 COMP
0x000c7380 COMP
0x000c73c0 COMP
READRES
0x000c7800 G_ACT0
0x080c7800 G_ACT1
0x100c7800 G_ACT2
0x180c7800 G_ACT3
0x000c7800 COMP
0x000c7840 COMP
0x000c7880 COMP
0x000c78c0 COMP
0x000c7900 COMP
0x000c7940 COMP
0x000c7980 COMP
0x000c79c0 COMP
0x000c7a00 COMP
0x000c7a40 COMP
0x000c7a80 COMP
0x000c7ac0 COMP
0x000c7b00 COMP
0x000c7b40 COMP
0x000c7b80 COMP
0x000c7bc0 COMP
READRES
0x000c8000 G_ACT0
0x080c8000 G_ACT1
0x100c8000 G_ACT2
0x180c8000 G_ACT3
0x000c8000 COMP
0x000c8040 COMP
0x000c8080 COMP
0x000c80c0 COMP
0x000c8100 COMP
0x000c8140 COMP
0x000c8180 COMP
0x000c81c0 COMP
0x000c8200 COMP
0x000c8240 COMP
0x000c8280 COMP
0x000c82c0 COMP
0x000c8300 COMP
0x000c8340 COMP
0x000c8380 COMP
0x000c83c0 COMP
READRES
0x000c8800 G_ACT0
0x080c8800 G_ACT1
0x100c8800 G_ACT2
0x180c8800 G_ACT3
0x000c8800 COMP
0x000c8840 COMP
0x000c8880 COMP
0x000c88c0 COMP
0x000c8900 COMP
0x000c8940 COMP
0x000c8980 COMP
0x000c89c0 COMP
0x000c8a00 COMP
0x000c8a40 COMP
0x000c8a80 COMP
0x000c8ac0 COMP
0x000c8b00 COMP
0x000c8b40 COMP
0x000c8b80 COMP
0x000c8bc0 COMP
READRES
0x000c9000 G_ACT0
0x080c9000 G_ACT1
0x100c9000 G_ACT2
0x180c9000 G_ACT3
0x000c9000 COMP
0x000c9040 COMP
0x000c9080 COMP
0x000c90c0 COMP
0x000c9100 COMP
0x000c9140 COMP
0x000c9180 COMP
0x000c91c0 COMP
0x000c9200 COMP
0x000c9240 COMP
0x000c9280 COMP
0x000c92c0 COMP
0x000c9300 COMP
0x000c9340 COMP
0x000c9380 COMP
0x000c93c0 COMP
READRES
0x000c9800 G_ACT0
0x080c9800 G_ACT1
0x100c9800 G_ACT2
0x180c9800 G_ACT3
0x000c9800 COMP
0x000c9840 COMP
0x000c9880 COMP
0x000c98c0 COMP
0x000c9900 COMP
0x000c9940 COMP
0x000c9980 COMP
0x000c99c0 COMP
0x000c9a00 COMP
0x000c9a40 COMP
0x000c9a80 COMP
0x000c9ac0 COMP
0x000c9b00 COMP
0x000c9b40 COMP
0x000c9b80 COMP
0x000c9bc0 COMP
READRES
0x000ca000 G_ACT0
0x080ca000 G_ACT1
0x100ca000 G_ACT2
0x180ca000 G_ACT3
0x000ca000 COMP
0x000ca040 COMP
0x000ca080 COMP
0x000ca0c0 COMP
0x000ca100 COMP
0x000ca140 COMP
0x000ca180 COMP
0x000ca1c0 COMP
0x000ca200 COMP
0x000ca240 COMP
0x000ca280 COMP
0x000ca2c0 COMP
0x000ca300 COMP
0x000ca340 COMP
0x000ca380 COMP
0x000ca3c0 COMP
READRES
0x000ca800 G_ACT0
0x080ca800 G_ACT1
0x100ca800 G_ACT2
0x180ca800 G_ACT3
0x000ca800 COMP
0x000ca840 COMP
0x000ca880 COMP
0x000ca8c0 COMP
0x000ca900 COMP
0x000ca940 COMP
0x000ca980 COMP
0x000ca9c0 COMP
0x000caa00 COMP
0x000caa40 COMP
0x000caa80 COMP
0x000caac0 COMP
0x000cab00 COMP
0x000cab40 COMP
0x000cab80 COMP
0x000cabc0 COMP
READRES
0x000cb000 G_ACT0
0x080cb000 G_ACT1
0x100cb000 G_ACT2
0x180cb000 G_ACT3
0x000cb000 COMP
0x000cb040 COMP
0x000cb080 COMP
0x000cb0c0 COMP
0x000cb100 COMP
0x000cb140 COMP
0x000cb180 COMP
0x000cb1c0 COMP
0x000cb200 COMP
0x000cb240 COMP
0x000cb280 COMP
0x000cb2c0 COMP
0x000cb300 COMP
0x000cb340 COMP
0x000cb380 COMP
0x000cb3c0 COMP
READRES
0x000cb800 G_ACT0
0x080cb800 G_ACT1
0x100cb800 G_ACT2
0x180cb800 G_ACT3
0x000cb800 COMP
0x000cb840 COMP
0x000cb880 COMP
0x000cb8c0 COMP
0x000cb900 COMP
0x000cb940 COMP
0x000cb980 COMP
0x000cb9c0 COMP
0x000cba00 COMP
0x000cba40 COMP
0x000cba80 COMP
0x000cbac0 COMP
0x000cbb00 COMP
0x000cbb40 COMP
0x000cbb80 COMP
0x000cbbc0 COMP
READRES
0x000cc000 G_ACT0
0x080cc000 G_ACT1
0x100cc000 G_ACT2
0x180cc000 G_ACT3
0x000cc000 COMP
0x000cc040 COMP
0x000cc080 COMP
0x000cc0c0 COMP
0x000cc100 COMP
0x000cc140 COMP
0x000cc180 COMP
0x000cc1c0 COMP
0x000cc200 COMP
0x000cc240 COMP
0x000cc280 COMP
0x000cc2c0 COMP
0x000cc300 COMP
0x000cc340 COMP
0x000cc380 COMP
0x000cc3c0 COMP
READRES
0x000cc800 G_ACT0
0x080cc800 G_ACT1
0x100cc800 G_ACT2
0x180cc800 G_ACT3
0x000cc800 COMP
0x000cc840 COMP
0x000cc880 COMP
0x000cc8c0 COMP
0x000cc900 COMP
0x000cc940 COMP
0x000cc980 COMP
0x000cc9c0 COMP
0x000cca00 COMP
0x000cca40 COMP
0x000cca80 COMP
0x000ccac0 COMP
0x000ccb00 COMP
0x000ccb40 COMP
0x000ccb80 COMP
0x000ccbc0 COMP
READRES
0x000cd000 G_ACT0
0x080cd000 G_ACT1
0x100cd000 G_ACT2
0x180cd000 G_ACT3
0x000cd000 COMP
0x000cd040 COMP
0x000cd080 COMP
0x000cd0c0 COMP
0x000cd100 COMP
0x000cd140 COMP
0x000cd180 COMP
0x000cd1c0 COMP
0x000cd200 COMP
0x000cd240 COMP
0x000cd280 COMP
0x000cd2c0 COMP
0x000cd300 COMP
0x000cd340 COMP
0x000cd380 COMP
0x000cd3c0 COMP
READRES
0x000cd800 G_ACT0
0x080cd800 G_ACT1
0x100cd800 G_ACT2
0x180cd800 G_ACT3
0x000cd800 COMP
0x000cd840 COMP
0x000cd880 COMP
0x000cd8c0 COMP
0x000cd900 COMP
0x000cd940 COMP
0x000cd980 COMP
0x000cd9c0 COMP
0x000cda00 COMP
0x000cda40 COMP
0x000cda80 COMP
0x000cdac0 COMP
0x000cdb00 COMP
0x000cdb40 COMP
0x000cdb80 COMP
0x000cdbc0 COMP
READRES
0x000ce000 G_ACT0
0x080ce000 G_ACT1
0x100ce000 G_ACT2
0x180ce000 G_ACT3
0x000ce000 COMP
0x000ce040 COMP
0x000ce080 COMP
0x000ce0c0 COMP
0x000ce100 COMP
0x000ce140 COMP
0x000ce180 COMP
0x000ce1c0 COMP
0x000ce200 COMP
0x000ce240 COMP
0x000ce280 COMP
0x000ce2c0 COMP
0x000ce300 COMP
0x000ce340 COMP
0x000ce380 COMP
0x000ce3c0 COMP
READRES
0x000ce800 G_ACT0
0x080ce800 G_ACT1
0x100ce800 G_ACT2
0x180ce800 G_ACT3
0x000ce800 COMP
0x000ce840 COMP
0x000ce880 COMP
0x000ce8c0 COMP
0x000ce900 COMP
0x000ce940 COMP
0x000ce980 COMP
0x000ce9c0 COMP
0x000cea00 COMP
0x000cea40 COMP
0x000cea80 COMP
0x000ceac0 COMP
0x000ceb00 COMP
0x000ceb40 COMP
0x000ceb80 COMP
0x000cebc0 COMP
READRES
0x000cf000 G_ACT0
0x080cf000 G_ACT1
0x100cf000 G_ACT2
0x180cf000 G_ACT3
0x000cf000 COMP
0x000cf040 COMP
0x000cf080 COMP
0x000cf0c0 COMP
0x000cf100 COMP
0x000cf140 COMP
0x000cf180 COMP
0x000cf1c0 COMP
0x000cf200 COMP
0x000cf240 COMP
0x000cf280 COMP
0x000cf2c0 COMP
0x000cf300 COMP
0x000cf340 COMP
0x000cf380 COMP
0x000cf3c0 COMP
READRES
0x000cf800 G_ACT0
0x080cf800 G_ACT1
0x100cf800 G_ACT2
0x180cf800 G_ACT3
0x000cf800 COMP
0x000cf840 COMP
0x000cf880 COMP
0x000cf8c0 COMP
0x000cf900 COMP
0x000cf940 COMP
0x000cf980 COMP
0x000cf9c0 COMP
0x000cfa00 COMP
0x000cfa40 COMP
0x000cfa80 COMP
0x000cfac0 COMP
0x000cfb00 COMP
0x000cfb40 COMP
0x000cfb80 COMP
0x000cfbc0 COMP
READRES
0x000d0000 G_ACT0
0x080d0000 G_ACT1
0x100d0000 G_ACT2
0x180d0000 G_ACT3
0x000d0000 COMP
0x000d0040 COMP
0x000d0080 COMP
0x000d00c0 COMP
0x000d0100 COMP
0x000d0140 COMP
0x000d0180 COMP
0x000d01c0 COMP
0x000d0200 COMP
0x000d0240 COMP
0x000d0280 COMP
0x000d02c0 COMP
0x000d0300 COMP
0x000d0340 COMP
0x000d0380 COMP
0x000d03c0 COMP
READRES
0x000d0800 G_ACT0
0x080d0800 G_ACT1
0x100d0800 G_ACT2
0x180d0800 G_ACT3
0x000d0800 COMP
0x000d0840 COMP
0x000d0880 COMP
0x000d08c0 COMP
0x000d0900 COMP
0x000d0940 COMP
0x000d0980 COMP
0x000d09c0 COMP
0x000d0a00 COMP
0x000d0a40 COMP
0x000d0a80 COMP
0x000d0ac0 COMP
0x000d0b00 COMP
0x000d0b40 COMP
0x000d0b80 COMP
0x000d0bc0 COMP
READRES
0x000d1000 G_ACT0
0x080d1000 G_ACT1
0x100d1000 G_ACT2
0x180d1000 G_ACT3
0x000d1000 COMP
0x000d1040 COMP
0x000d1080 COMP
0x000d10c0 COMP
0x000d1100 COMP
0x000d1140 COMP
0x000d1180 COMP
0x000d11c0 COMP
0x000d1200 COMP
0x000d1240 COMP
0x000d1280 COMP
0x000d12c0 COMP
0x000d1300 COMP
0x000d1340 COMP
0x000d1380 COMP
0x000d13c0 COMP
READRES
0x000d1800 G_ACT0
0x080d1800 G_ACT1
0x100d1800 G_ACT2
0x180d1800 G_ACT3
0x000d1800 COMP
0x000d1840 COMP
0x000d1880 COMP
0x000d18c0 COMP
0x000d1900 COMP
0x000d1940 COMP
0x000d1980 COMP
0x000d19c0 COMP
0x000d1a00 COMP
0x000d1a40 COMP
0x000d1a80 COMP
0x000d1ac0 COMP
0x000d1b00 COMP
0x000d1b40 COMP
0x000d1b80 COMP
0x000d1bc0 COMP
READRES
0x000d2000 G_ACT0
0x080d2000 G_ACT1
0x100d2000 G_ACT2
0x180d2000 G_ACT3
0x000d2000 COMP
0x000d2040 COMP
0x000d2080 COMP
0x000d20c0 COMP
0x000d2100 COMP
0x000d2140 COMP
0x000d2180 COMP
0x000d21c0 COMP
0x000d2200 COMP
0x000d2240 COMP
0x000d2280 COMP
0x000d22c0 COMP
0x000d2300 COMP
0x000d2340 COMP
0x000d2380 COMP
0x000d23c0 COMP
READRES
0x000d2800 G_ACT0
0x080d2800 G_ACT1
0x100d2800 G_ACT2
0x180d2800 G_ACT3
0x000d2800 COMP
0x000d2840 COMP
0x000d2880 COMP
0x000d28c0 COMP
0x000d2900 COMP
0x000d2940 COMP
0x000d2980 COMP
0x000d29c0 COMP
0x000d2a00 COMP
0x000d2a40 COMP
0x000d2a80 COMP
0x000d2ac0 COMP
0x000d2b00 COMP
0x000d2b40 COMP
0x000d2b80 COMP
0x000d2bc0 COMP
READRES
0x000d3000 G_ACT0
0x080d3000 G_ACT1
0x100d3000 G_ACT2
0x180d3000 G_ACT3
0x000d3000 COMP
0x000d3040 COMP
0x000d3080 COMP
0x000d30c0 COMP
0x000d3100 COMP
0x000d3140 COMP
0x000d3180 COMP
0x000d31c0 COMP
0x000d3200 COMP
0x000d3240 COMP
0x000d3280 COMP
0x000d32c0 COMP
0x000d3300 COMP
0x000d3340 COMP
0x000d3380 COMP
0x000d33c0 COMP
READRES
0x000d3800 G_ACT0
0x080d3800 G_ACT1
0x100d3800 G_ACT2
0x180d3800 G_ACT3
0x000d3800 COMP
0x000d3840 COMP
0x000d3880 COMP
0x000d38c0 COMP
0x000d3900 COMP
0x000d3940 COMP
0x000d3980 COMP
0x000d39c0 COMP
0x000d3a00 COMP
0x000d3a40 COMP
0x000d3a80 COMP
0x000d3ac0 COMP
0x000d3b00 COMP
0x000d3b40 COMP
0x000d3b80 COMP
0x000d3bc0 COMP
READRES
0x000d4000 G_ACT0
0x080d4000 G_ACT1
0x100d4000 G_ACT2
0x180d4000 G_ACT3
0x000d4000 COMP
0x000d4040 COMP
0x000d4080 COMP
0x000d40c0 COMP
0x000d4100 COMP
0x000d4140 COMP
0x000d4180 COMP
0x000d41c0 COMP
0x000d4200 COMP
0x000d4240 COMP
0x000d4280 COMP
0x000d42c0 COMP
0x000d4300 COMP
0x000d4340 COMP
0x000d4380 COMP
0x000d43c0 COMP
READRES
0x000d4800 G_ACT0
0x080d4800 G_ACT1
0x100d4800 G_ACT2
0x180d4800 G_ACT3
0x000d4800 COMP
0x000d4840 COMP
0x000d4880 COMP
0x000d48c0 COMP
0x000d4900 COMP
0x000d4940 COMP
0x000d4980 COMP
0x000d49c0 COMP
0x000d4a00 COMP
0x000d4a40 COMP
0x000d4a80 COMP
0x000d4ac0 COMP
0x000d4b00 COMP
0x000d4b40 COMP
0x000d4b80 COMP
0x000d4bc0 COMP
READRES
0x000d5000 G_ACT0
0x080d5000 G_ACT1
0x100d5000 G_ACT2
0x180d5000 G_ACT3
0x000d5000 COMP
0x000d5040 COMP
0x000d5080 COMP
0x000d50c0 COMP
0x000d5100 COMP
0x000d5140 COMP
0x000d5180 COMP
0x000d51c0 COMP
0x000d5200 COMP
0x000d5240 COMP
0x000d5280 COMP
0x000d52c0 COMP
0x000d5300 COMP
0x000d5340 COMP
0x000d5380 COMP
0x000d53c0 COMP
READRES
0x000d5800 G_ACT0
0x080d5800 G_ACT1
0x100d5800 G_ACT2
0x180d5800 G_ACT3
0x000d5800 COMP
0x000d5840 COMP
0x000d5880 COMP
0x000d58c0 COMP
0x000d5900 COMP
0x000d5940 COMP
0x000d5980 COMP
0x000d59c0 COMP
0x000d5a00 COMP
0x000d5a40 COMP
0x000d5a80 COMP
0x000d5ac0 COMP
0x000d5b00 COMP
0x000d5b40 COMP
0x000d5b80 COMP
0x000d5bc0 COMP
READRES
0x000d6000 G_ACT0
0x080d6000 G_ACT1
0x100d6000 G_ACT2
0x180d6000 G_ACT3
0x000d6000 COMP
0x000d6040 COMP
0x000d6080 COMP
0x000d60c0 COMP
0x000d6100 COMP
0x000d6140 COMP
0x000d6180 COMP
0x000d61c0 COMP
0x000d6200 COMP
0x000d6240 COMP
0x000d6280 COMP
0x000d62c0 COMP
0x000d6300 COMP
0x000d6340 COMP
0x000d6380 COMP
0x000d63c0 COMP
READRES
0x000d6800 G_ACT0
0x080d6800 G_ACT1
0x100d6800 G_ACT2
0x180d6800 G_ACT3
0x000d6800 COMP
0x000d6840 COMP
0x000d6880 COMP
0x000d68c0 COMP
0x000d6900 COMP
0x000d6940 COMP
0x000d6980 COMP
0x000d69c0 COMP
0x000d6a00 COMP
0x000d6a40 COMP
0x000d6a80 COMP
0x000d6ac0 COMP
0x000d6b00 COMP
0x000d6b40 COMP
0x000d6b80 COMP
0x000d6bc0 COMP
READRES
0x000d7000 G_ACT0
0x080d7000 G_ACT1
0x100d7000 G_ACT2
0x180d7000 G_ACT3
0x000d7000 COMP
0x000d7040 COMP
0x000d7080 COMP
0x000d70c0 COMP
0x000d7100 COMP
0x000d7140 COMP
0x000d7180 COMP
0x000d71c0 COMP
0x000d7200 COMP
0x000d7240 COMP
0x000d7280 COMP
0x000d72c0 COMP
0x000d7300 COMP
0x000d7340 COMP
0x000d7380 COMP
0x000d73c0 COMP
READRES
0x000d7800 G_ACT0
0x080d7800 G_ACT1
0x100d7800 G_ACT2
0x180d7800 G_ACT3
0x000d7800 COMP
0x000d7840 COMP
0x000d7880 COMP
0x000d78c0 COMP
0x000d7900 COMP
0x000d7940 COMP
0x000d7980 COMP
0x000d79c0 COMP
0x000d7a00 COMP
0x000d7a40 COMP
0x000d7a80 COMP
0x000d7ac0 COMP
0x000d7b00 COMP
0x000d7b40 COMP
0x000d7b80 COMP
0x000d7bc0 COMP
READRES
0x000d8000 G_ACT0
0x080d8000 G_ACT1
0x100d8000 G_ACT2
0x180d8000 G_ACT3
0x000d8000 COMP
0x000d8040 COMP
0x000d8080 COMP
0x000d80c0 COMP
0x000d8100 COMP
0x000d8140 COMP
0x000d8180 COMP
0x000d81c0 COMP
0x000d8200 COMP
0x000d8240 COMP
0x000d8280 COMP
0x000d82c0 COMP
0x000d8300 COMP
0x000d8340 COMP
0x000d8380 COMP
0x000d83c0 COMP
READRES
0x000d8800 G_ACT0
0x080d8800 G_ACT1
0x100d8800 G_ACT2
0x180d8800 G_ACT3
0x000d8800 COMP
0x000d8840 COMP
0x000d8880 COMP
0x000d88c0 COMP
0x000d8900 COMP
0x000d8940 COMP
0x000d8980 COMP
0x000d89c0 COMP
0x000d8a00 COMP
0x000d8a40 COMP
0x000d8a80 COMP
0x000d8ac0 COMP
0x000d8b00 COMP
0x000d8b40 COMP
0x000d8b80 COMP
0x000d8bc0 COMP
READRES
0x000d9000 G_ACT0
0x080d9000 G_ACT1
0x100d9000 G_ACT2
0x180d9000 G_ACT3
0x000d9000 COMP
0x000d9040 COMP
0x000d9080 COMP
0x000d90c0 COMP
0x000d9100 COMP
0x000d9140 COMP
0x000d9180 COMP
0x000d91c0 COMP
0x000d9200 COMP
0x000d9240 COMP
0x000d9280 COMP
0x000d92c0 COMP
0x000d9300 COMP
0x000d9340 COMP
0x000d9380 COMP
0x000d93c0 COMP
READRES
0x000d9800 G_ACT0
0x080d9800 G_ACT1
0x100d9800 G_ACT2
0x180d9800 G_ACT3
0x000d9800 COMP
0x000d9840 COMP
0x000d9880 COMP
0x000d98c0 COMP
0x000d9900 COMP
0x000d9940 COMP
0x000d9980 COMP
0x000d99c0 COMP
0x000d9a00 COMP
0x000d9a40 COMP
0x000d9a80 COMP
0x000d9ac0 COMP
0x000d9b00 COMP
0x000d9b40 COMP
0x000d9b80 COMP
0x000d9bc0 COMP
READRES
0x000da000 G_ACT0
0x080da000 G_ACT1
0x100da000 G_ACT2
0x180da000 G_ACT3
0x000da000 COMP
0x000da040 COMP
0x000da080 COMP
0x000da0c0 COMP
0x000da100 COMP
0x000da140 COMP
0x000da180 COMP
0x000da1c0 COMP
0x000da200 COMP
0x000da240 COMP
0x000da280 COMP
0x000da2c0 COMP
0x000da300 COMP
0x000da340 COMP
0x000da380 COMP
0x000da3c0 COMP
READRES
0x000da800 G_ACT0
0x080da800 G_ACT1
0x100da800 G_ACT2
0x180da800 G_ACT3
0x000da800 COMP
0x000da840 COMP
0x000da880 COMP
0x000da8c0 COMP
0x000da900 COMP
0x000da940 COMP
0x000da980 COMP
0x000da9c0 COMP
0x000daa00 COMP
0x000daa40 COMP
0x000daa80 COMP
0x000daac0 COMP
0x000dab00 COMP
0x000dab40 COMP
0x000dab80 COMP
0x000dabc0 COMP
READRES
0x000db000 G_ACT0
0x080db000 G_ACT1
0x100db000 G_ACT2
0x180db000 G_ACT3
0x000db000 COMP
0x000db040 COMP
0x000db080 COMP
0x000db0c0 COMP
0x000db100 COMP
0x000db140 COMP
0x000db180 COMP
0x000db1c0 COMP
0x000db200 COMP
0x000db240 COMP
0x000db280 COMP
0x000db2c0 COMP
0x000db300 COMP
0x000db340 COMP
0x000db380 COMP
0x000db3c0 COMP
READRES
0x000db800 G_ACT0
0x080db800 G_ACT1
0x100db800 G_ACT2
0x180db800 G_ACT3
0x000db800 COMP
0x000db840 COMP
0x000db880 COMP
0x000db8c0 COMP
0x000db900 COMP
0x000db940 COMP
0x000db980 COMP
0x000db9c0 COMP
0x000dba00 COMP
0x000dba40 COMP
0x000dba80 COMP
0x000dbac0 COMP
0x000dbb00 COMP
0x000dbb40 COMP
0x000dbb80 COMP
0x000dbbc0 COMP
READRES
0x000dc000 G_ACT0
0x080dc000 G_ACT1
0x100dc000 G_ACT2
0x180dc000 G_ACT3
0x000dc000 COMP
0x000dc040 COMP
0x000dc080 COMP
0x000dc0c0 COMP
0x000dc100 COMP
0x000dc140 COMP
0x000dc180 COMP
0x000dc1c0 COMP
0x000dc200 COMP
0x000dc240 COMP
0x000dc280 COMP
0x000dc2c0 COMP
0x000dc300 COMP
0x000dc340 COMP
0x000dc380 COMP
0x000dc3c0 COMP
READRES
0x000dc800 G_ACT0
0x080dc800 G_ACT1
0x100dc800 G_ACT2
0x180dc800 G_ACT3
0x000dc800 COMP
0x000dc840 COMP
0x000dc880 COMP
0x000dc8c0 COMP
0x000dc900 COMP
0x000dc940 COMP
0x000dc980 COMP
0x000dc9c0 COMP
0x000dca00 COMP
0x000dca40 COMP
0x000dca80 COMP
0x000dcac0 COMP
0x000dcb00 COMP
0x000dcb40 COMP
0x000dcb80 COMP
0x000dcbc0 COMP
READRES
0x000dd000 G_ACT0
0x080dd000 G_ACT1
0x100dd000 G_ACT2
0x180dd000 G_ACT3
0x000dd000 COMP
0x000dd040 COMP
0x000dd080 COMP
0x000dd0c0 COMP
0x000dd100 COMP
0x000dd140 COMP
0x000dd180 COMP
0x000dd1c0 COMP
0x000dd200 COMP
0x000dd240 COMP
0x000dd280 COMP
0x000dd2c0 COMP
0x000dd300 COMP
0x000dd340 COMP
0x000dd380 COMP
0x000dd3c0 COMP
READRES
0x000dd800 G_ACT0
0x080dd800 G_ACT1
0x100dd800 G_ACT2
0x180dd800 G_ACT3
0x000dd800 COMP
0x000dd840 COMP
0x000dd880 COMP
0x000dd8c0 COMP
0x000dd900 COMP
0x000dd940 COMP
0x000dd980 COMP
0x000dd9c0 COMP
0x000dda00 COMP
0x000dda40 COMP
0x000dda80 COMP
0x000ddac0 COMP
0x000ddb00 COMP
0x000ddb40 COMP
0x000ddb80 COMP
0x000ddbc0 COMP
READRES
0x000de000 G_ACT0
0x080de000 G_ACT1
0x100de000 G_ACT2
0x180de000 G_ACT3
0x000de000 COMP
0x000de040 COMP
0x000de080 COMP
0x000de0c0 COMP
0x000de100 COMP
0x000de140 COMP
0x000de180 COMP
0x000de1c0 COMP
0x000de200 COMP
0x000de240 COMP
0x000de280 COMP
0x000de2c0 COMP
0x000de300 COMP
0x000de340 COMP
0x000de380 COMP
0x000de3c0 COMP
READRES
0x000de800 G_ACT0
0x080de800 G_ACT1
0x100de800 G_ACT2
0x180de800 G_ACT3
0x000de800 COMP
0x000de840 COMP
0x000de880 COMP
0x000de8c0 COMP
0x000de900 COMP
0x000de940 COMP
0x000de980 COMP
0x000de9c0 COMP
0x000dea00 COMP
0x000dea40 COMP
0x000dea80 COMP
0x000deac0 COMP
0x000deb00 COMP
0x000deb40 COMP
0x000deb80 COMP
0x000debc0 COMP
READRES
0x000df000 G_ACT0
0x080df000 G_ACT1
0x100df000 G_ACT2
0x180df000 G_ACT3
0x000df000 COMP
0x000df040 COMP
0x000df080 COMP
0x000df0c0 COMP
0x000df100 COMP
0x000df140 COMP
0x000df180 COMP
0x000df1c0 COMP
0x000df200 COMP
0x000df240 COMP
0x000df280 COMP
0x000df2c0 COMP
0x000df300 COMP
0x000df340 COMP
0x000df380 COMP
0x000df3c0 COMP
READRES
0x000df800 G_ACT0
0x080df800 G_ACT1
0x100df800 G_ACT2
0x180df800 G_ACT3
0x000df800 COMP
0x000df840 COMP
0x000df880 COMP
0x000df8c0 COMP
0x000df900 COMP
0x000df940 COMP
0x000df980 COMP
0x000df9c0 COMP
0x000dfa00 COMP
0x000dfa40 COMP
0x000dfa80 COMP
0x000dfac0 COMP
0x000dfb00 COMP
0x000dfb40 COMP
0x000dfb80 COMP
0x000dfbc0 COMP
READRES
0x000e0000 G_ACT0
0x080e0000 G_ACT1
0x100e0000 G_ACT2
0x180e0000 G_ACT3
0x000e0000 COMP
0x000e0040 COMP
0x000e0080 COMP
0x000e00c0 COMP
0x000e0100 COMP
0x000e0140 COMP
0x000e0180 COMP
0x000e01c0 COMP
0x000e0200 COMP
0x000e0240 COMP
0x000e0280 COMP
0x000e02c0 COMP
0x000e0300 COMP
0x000e0340 COMP
0x000e0380 COMP
0x000e03c0 COMP
READRES
0x000e0800 G_ACT0
0x080e0800 G_ACT1
0x100e0800 G_ACT2
0x180e0800 G_ACT3
0x000e0800 COMP
0x000e0840 COMP
0x000e0880 COMP
0x000e08c0 COMP
0x000e0900 COMP
0x000e0940 COMP
0x000e0980 COMP
0x000e09c0 COMP
0x000e0a00 COMP
0x000e0a40 COMP
0x000e0a80 COMP
0x000e0ac0 COMP
0x000e0b00 COMP
0x000e0b40 COMP
0x000e0b80 COMP
0x000e0bc0 COMP
READRES
0x000e1000 G_ACT0
0x080e1000 G_ACT1
0x100e1000 G_ACT2
0x180e1000 G_ACT3
0x000e1000 COMP
0x000e1040 COMP
0x000e1080 COMP
0x000e10c0 COMP
0x000e1100 COMP
0x000e1140 COMP
0x000e1180 COMP
0x000e11c0 COMP
0x000e1200 COMP
0x000e1240 COMP
0x000e1280 COMP
0x000e12c0 COMP
0x000e1300 COMP
0x000e1340 COMP
0x000e1380 COMP
0x000e13c0 COMP
READRES
0x000e1800 G_ACT0
0x080e1800 G_ACT1
0x100e1800 G_ACT2
0x180e1800 G_ACT3
0x000e1800 COMP
0x000e1840 COMP
0x000e1880 COMP
0x000e18c0 COMP
0x000e1900 COMP
0x000e1940 COMP
0x000e1980 COMP
0x000e19c0 COMP
0x000e1a00 COMP
0x000e1a40 COMP
0x000e1a80 COMP
0x000e1ac0 COMP
0x000e1b00 COMP
0x000e1b40 COMP
0x000e1b80 COMP
0x000e1bc0 COMP
READRES
0x000e2000 G_ACT0
0x080e2000 G_ACT1
0x100e2000 G_ACT2
0x180e2000 G_ACT3
0x000e2000 COMP
0x000e2040 COMP
0x000e2080 COMP
0x000e20c0 COMP
0x000e2100 COMP
0x000e2140 COMP
0x000e2180 COMP
0x000e21c0 COMP
0x000e2200 COMP
0x000e2240 COMP
0x000e2280 COMP
0x000e22c0 COMP
0x000e2300 COMP
0x000e2340 COMP
0x000e2380 COMP
0x000e23c0 COMP
READRES
0x000e2800 G_ACT0
0x080e2800 G_ACT1
0x100e2800 G_ACT2
0x180e2800 G_ACT3
0x000e2800 COMP
0x000e2840 COMP
0x000e2880 COMP
0x000e28c0 COMP
0x000e2900 COMP
0x000e2940 COMP
0x000e2980 COMP
0x000e29c0 COMP
0x000e2a00 COMP
0x000e2a40 COMP
0x000e2a80 COMP
0x000e2ac0 COMP
0x000e2b00 COMP
0x000e2b40 COMP
0x000e2b80 COMP
0x000e2bc0 COMP
READRES
0x000e3000 G_ACT0
0x080e3000 G_ACT1
0x100e3000 G_ACT2
0x180e3000 G_ACT3
0x000e3000 COMP
0x000e3040 COMP
0x000e3080 COMP
0x000e30c0 COMP
0x000e3100 COMP
0x000e3140 COMP
0x000e3180 COMP
0x000e31c0 COMP
0x000e3200 COMP
0x000e3240 COMP
0x000e3280 COMP
0x000e32c0 COMP
0x000e3300 COMP
0x000e3340 COMP
0x000e3380 COMP
0x000e33c0 COMP
READRES
0x000e3800 G_ACT0
0x080e3800 G_ACT1
0x100e3800 G_ACT2
0x180e3800 G_ACT3
0x000e3800 COMP
0x000e3840 COMP
0x000e3880 COMP
0x000e38c0 COMP
0x000e3900 COMP
0x000e3940 COMP
0x000e3980 COMP
0x000e39c0 COMP
0x000e3a00 COMP
0x000e3a40 COMP
0x000e3a80 COMP
0x000e3ac0 COMP
0x000e3b00 COMP
0x000e3b40 COMP
0x000e3b80 COMP
0x000e3bc0 COMP
READRES
0x000e4000 G_ACT0
0x080e4000 G_ACT1
0x100e4000 G_ACT2
0x180e4000 G_ACT3
0x000e4000 COMP
0x000e4040 COMP
0x000e4080 COMP
0x000e40c0 COMP
0x000e4100 COMP
0x000e4140 COMP
0x000e4180 COMP
0x000e41c0 COMP
0x000e4200 COMP
0x000e4240 COMP
0x000e4280 COMP
0x000e42c0 COMP
0x000e4300 COMP
0x000e4340 COMP
0x000e4380 COMP
0x000e43c0 COMP
READRES
0x000e4800 G_ACT0
0x080e4800 G_ACT1
0x100e4800 G_ACT2
0x180e4800 G_ACT3
0x000e4800 COMP
0x000e4840 COMP
0x000e4880 COMP
0x000e48c0 COMP
0x000e4900 COMP
0x000e4940 COMP
0x000e4980 COMP
0x000e49c0 COMP
0x000e4a00 COMP
0x000e4a40 COMP
0x000e4a80 COMP
0x000e4ac0 COMP
0x000e4b00 COMP
0x000e4b40 COMP
0x000e4b80 COMP
0x000e4bc0 COMP
READRES
0x000e5000 G_ACT0
0x080e5000 G_ACT1
0x100e5000 G_ACT2
0x180e5000 G_ACT3
0x000e5000 COMP
0x000e5040 COMP
0x000e5080 COMP
0x000e50c0 COMP
0x000e5100 COMP
0x000e5140 COMP
0x000e5180 COMP
0x000e51c0 COMP
0x000e5200 COMP
0x000e5240 COMP
0x000e5280 COMP
0x000e52c0 COMP
0x000e5300 COMP
0x000e5340 COMP
0x000e5380 COMP
0x000e53c0 COMP
READRES
0x000e5800 G_ACT0
0x080e5800 G_ACT1
0x100e5800 G_ACT2
0x180e5800 G_ACT3
0x000e5800 COMP
0x000e5840 COMP
0x000e5880 COMP
0x000e58c0 COMP
0x000e5900 COMP
0x000e5940 COMP
0x000e5980 COMP
0x000e59c0 COMP
0x000e5a00 COMP
0x000e5a40 COMP
0x000e5a80 COMP
0x000e5ac0 COMP
0x000e5b00 COMP
0x000e5b40 COMP
0x000e5b80 COMP
0x000e5bc0 COMP
READRES
0x000e6000 G_ACT0
0x080e6000 G_ACT1
0x100e6000 G_ACT2
0x180e6000 G_ACT3
0x000e6000 COMP
0x000e6040 COMP
0x000e6080 COMP
0x000e60c0 COMP
0x000e6100 COMP
0x000e6140 COMP
0x000e6180 COMP
0x000e61c0 COMP
0x000e6200 COMP
0x000e6240 COMP
0x000e6280 COMP
0x000e62c0 COMP
0x000e6300 COMP
0x000e6340 COMP
0x000e6380 COMP
0x000e63c0 COMP
READRES
0x000e6800 G_ACT0
0x080e6800 G_ACT1
0x100e6800 G_ACT2
0x180e6800 G_ACT3
0x000e6800 COMP
0x000e6840 COMP
0x000e6880 COMP
0x000e68c0 COMP
0x000e6900 COMP
0x000e6940 COMP
0x000e6980 COMP
0x000e69c0 COMP
0x000e6a00 COMP
0x000e6a40 COMP
0x000e6a80 COMP
0x000e6ac0 COMP
0x000e6b00 COMP
0x000e6b40 COMP
0x000e6b80 COMP
0x000e6bc0 COMP
READRES
0x000e7000 G_ACT0
0x080e7000 G_ACT1
0x100e7000 G_ACT2
0x180e7000 G_ACT3
0x000e7000 COMP
0x000e7040 COMP
0x000e7080 COMP
0x000e70c0 COMP
0x000e7100 COMP
0x000e7140 COMP
0x000e7180 COMP
0x000e71c0 COMP
0x000e7200 COMP
0x000e7240 COMP
0x000e7280 COMP
0x000e72c0 COMP
0x000e7300 COMP
0x000e7340 COMP
0x000e7380 COMP
0x000e73c0 COMP
READRES
0x000e7800 G_ACT0
0x080e7800 G_ACT1
0x100e7800 G_ACT2
0x180e7800 G_ACT3
0x000e7800 COMP
0x000e7840 COMP
0x000e7880 COMP
0x000e78c0 COMP
0x000e7900 COMP
0x000e7940 COMP
0x000e7980 COMP
0x000e79c0 COMP
0x000e7a00 COMP
0x000e7a40 COMP
0x000e7a80 COMP
0x000e7ac0 COMP
0x000e7b00 COMP
0x000e7b40 COMP
0x000e7b80 COMP
0x000e7bc0 COMP
READRES
0x000e8000 G_ACT0
0x080e8000 G_ACT1
0x100e8000 G_ACT2
0x180e8000 G_ACT3
0x000e8000 COMP
0x000e8040 COMP
0x000e8080 COMP
0x000e80c0 COMP
0x000e8100 COMP
0x000e8140 COMP
0x000e8180 COMP
0x000e81c0 COMP
0x000e8200 COMP
0x000e8240 COMP
0x000e8280 COMP
0x000e82c0 COMP
0x000e8300 COMP
0x000e8340 COMP
0x000e8380 COMP
0x000e83c0 COMP
READRES
0x000e8800 G_ACT0
0x080e8800 G_ACT1
0x100e8800 G_ACT2
0x180e8800 G_ACT3
0x000e8800 COMP
0x000e8840 COMP
0x000e8880 COMP
0x000e88c0 COMP
0x000e8900 COMP
0x000e8940 COMP
0x000e8980 COMP
0x000e89c0 COMP
0x000e8a00 COMP
0x000e8a40 COMP
0x000e8a80 COMP
0x000e8ac0 COMP
0x000e8b00 COMP
0x000e8b40 COMP
0x000e8b80 COMP
0x000e8bc0 COMP
READRES
0x000e9000 G_ACT0
0x080e9000 G_ACT1
0x100e9000 G_ACT2
0x180e9000 G_ACT3
0x000e9000 COMP
0x000e9040 COMP
0x000e9080 COMP
0x000e90c0 COMP
0x000e9100 COMP
0x000e9140 COMP
0x000e9180 COMP
0x000e91c0 COMP
0x000e9200 COMP
0x000e9240 COMP
0x000e9280 COMP
0x000e92c0 COMP
0x000e9300 COMP
0x000e9340 COMP
0x000e9380 COMP
0x000e93c0 COMP
READRES
0x000e9800 G_ACT0
0x080e9800 G_ACT1
0x100e9800 G_ACT2
0x180e9800 G_ACT3
0x000e9800 COMP
0x000e9840 COMP
0x000e9880 COMP
0x000e98c0 COMP
0x000e9900 COMP
0x000e9940 COMP
0x000e9980 COMP
0x000e99c0 COMP
0x000e9a00 COMP
0x000e9a40 COMP
0x000e9a80 COMP
0x000e9ac0 COMP
0x000e9b00 COMP
0x000e9b40 COMP
0x000e9b80 COMP
0x000e9bc0 COMP
READRES
0x000ea000 G_ACT0
0x080ea000 G_ACT1
0x100ea000 G_ACT2
0x180ea000 G_ACT3
0x000ea000 COMP
0x000ea040 COMP
0x000ea080 COMP
0x000ea0c0 COMP
0x000ea100 COMP
0x000ea140 COMP
0x000ea180 COMP
0x000ea1c0 COMP
0x000ea200 COMP
0x000ea240 COMP
0x000ea280 COMP
0x000ea2c0 COMP
0x000ea300 COMP
0x000ea340 COMP
0x000ea380 COMP
0x000ea3c0 COMP
READRES
0x000ea800 G_ACT0
0x080ea800 G_ACT1
0x100ea800 G_ACT2
0x180ea800 G_ACT3
0x000ea800 COMP
0x000ea840 COMP
0x000ea880 COMP
0x000ea8c0 COMP
0x000ea900 COMP
0x000ea940 COMP
0x000ea980 COMP
0x000ea9c0 COMP
0x000eaa00 COMP
0x000eaa40 COMP
0x000eaa80 COMP
0x000eaac0 COMP
0x000eab00 COMP
0x000eab40 COMP
0x000eab80 COMP
0x000eabc0 COMP
READRES
0x000eb000 G_ACT0
0x080eb000 G_ACT1
0x100eb000 G_ACT2
0x180eb000 G_ACT3
0x000eb000 COMP
0x000eb040 COMP
0x000eb080 COMP
0x000eb0c0 COMP
0x000eb100 COMP
0x000eb140 COMP
0x000eb180 COMP
0x000eb1c0 COMP
0x000eb200 COMP
0x000eb240 COMP
0x000eb280 COMP
0x000eb2c0 COMP
0x000eb300 COMP
0x000eb340 COMP
0x000eb380 COMP
0x000eb3c0 COMP
READRES
0x000eb800 G_ACT0
0x080eb800 G_ACT1
0x100eb800 G_ACT2
0x180eb800 G_ACT3
0x000eb800 COMP
0x000eb840 COMP
0x000eb880 COMP
0x000eb8c0 COMP
0x000eb900 COMP
0x000eb940 COMP
0x000eb980 COMP
0x000eb9c0 COMP
0x000eba00 COMP
0x000eba40 COMP
0x000eba80 COMP
0x000ebac0 COMP
0x000ebb00 COMP
0x000ebb40 COMP
0x000ebb80 COMP
0x000ebbc0 COMP
READRES
0x000ec000 G_ACT0
0x080ec000 G_ACT1
0x100ec000 G_ACT2
0x180ec000 G_ACT3
0x000ec000 COMP
0x000ec040 COMP
0x000ec080 COMP
0x000ec0c0 COMP
0x000ec100 COMP
0x000ec140 COMP
0x000ec180 COMP
0x000ec1c0 COMP
0x000ec200 COMP
0x000ec240 COMP
0x000ec280 COMP
0x000ec2c0 COMP
0x000ec300 COMP
0x000ec340 COMP
0x000ec380 COMP
0x000ec3c0 COMP
READRES
0x000ec800 G_ACT0
0x080ec800 G_ACT1
0x100ec800 G_ACT2
0x180ec800 G_ACT3
0x000ec800 COMP
0x000ec840 COMP
0x000ec880 COMP
0x000ec8c0 COMP
0x000ec900 COMP
0x000ec940 COMP
0x000ec980 COMP
0x000ec9c0 COMP
0x000eca00 COMP
0x000eca40 COMP
0x000eca80 COMP
0x000ecac0 COMP
0x000ecb00 COMP
0x000ecb40 COMP
0x000ecb80 COMP
0x000ecbc0 COMP
READRES
0x000ed000 G_ACT0
0x080ed000 G_ACT1
0x100ed000 G_ACT2
0x180ed000 G_ACT3
0x000ed000 COMP
0x000ed040 COMP
0x000ed080 COMP
0x000ed0c0 COMP
0x000ed100 COMP
0x000ed140 COMP
0x000ed180 COMP
0x000ed1c0 COMP
0x000ed200 COMP
0x000ed240 COMP
0x000ed280 COMP
0x000ed2c0 COMP
0x000ed300 COMP
0x000ed340 COMP
0x000ed380 COMP
0x000ed3c0 COMP
READRES
0x000ed800 G_ACT0
0x080ed800 G_ACT1
0x100ed800 G_ACT2
0x180ed800 G_ACT3
0x000ed800 COMP
0x000ed840 COMP
0x000ed880 COMP
0x000ed8c0 COMP
0x000ed900 COMP
0x000ed940 COMP
0x000ed980 COMP
0x000ed9c0 COMP
0x000eda00 COMP
0x000eda40 COMP
0x000eda80 COMP
0x000edac0 COMP
0x000edb00 COMP
0x000edb40 COMP
0x000edb80 COMP
0x000edbc0 COMP
READRES
0x000ee000 G_ACT0
0x080ee000 G_ACT1
0x100ee000 G_ACT2
0x180ee000 G_ACT3
0x000ee000 COMP
0x000ee040 COMP
0x000ee080 COMP
0x000ee0c0 COMP
0x000ee100 COMP
0x000ee140 COMP
0x000ee180 COMP
0x000ee1c0 COMP
0x000ee200 COMP
0x000ee240 COMP
0x000ee280 COMP
0x000ee2c0 COMP
0x000ee300 COMP
0x000ee340 COMP
0x000ee380 COMP
0x000ee3c0 COMP
READRES
0x000ee800 G_ACT0
0x080ee800 G_ACT1
0x100ee800 G_ACT2
0x180ee800 G_ACT3
0x000ee800 COMP
0x000ee840 COMP
0x000ee880 COMP
0x000ee8c0 COMP
0x000ee900 COMP
0x000ee940 COMP
0x000ee980 COMP
0x000ee9c0 COMP
0x000eea00 COMP
0x000eea40 COMP
0x000eea80 COMP
0x000eeac0 COMP
0x000eeb00 COMP
0x000eeb40 COMP
0x000eeb80 COMP
0x000eebc0 COMP
READRES
0x000ef000 G_ACT0
0x080ef000 G_ACT1
0x100ef000 G_ACT2
0x180ef000 G_ACT3
0x000ef000 COMP
0x000ef040 COMP
0x000ef080 COMP
0x000ef0c0 COMP
0x000ef100 COMP
0x000ef140 COMP
0x000ef180 COMP
0x000ef1c0 COMP
0x000ef200 COMP
0x000ef240 COMP
0x000ef280 COMP
0x000ef2c0 COMP
0x000ef300 COMP
0x000ef340 COMP
0x000ef380 COMP
0x000ef3c0 COMP
READRES
0x000ef800 G_ACT0
0x080ef800 G_ACT1
0x100ef800 G_ACT2
0x180ef800 G_ACT3
0x000ef800 COMP
0x000ef840 COMP
0x000ef880 COMP
0x000ef8c0 COMP
0x000ef900 COMP
0x000ef940 COMP
0x000ef980 COMP
0x000ef9c0 COMP
0x000efa00 COMP
0x000efa40 COMP
0x000efa80 COMP
0x000efac0 COMP
0x000efb00 COMP
0x000efb40 COMP
0x000efb80 COMP
0x000efbc0 COMP
READRES
0x000f0000 G_ACT0
0x080f0000 G_ACT1
0x100f0000 G_ACT2
0x180f0000 G_ACT3
0x000f0000 COMP
0x000f0040 COMP
0x000f0080 COMP
0x000f00c0 COMP
0x000f0100 COMP
0x000f0140 COMP
0x000f0180 COMP
0x000f01c0 COMP
0x000f0200 COMP
0x000f0240 COMP
0x000f0280 COMP
0x000f02c0 COMP
0x000f0300 COMP
0x000f0340 COMP
0x000f0380 COMP
0x000f03c0 COMP
READRES
0x000f0800 G_ACT0
0x080f0800 G_ACT1
0x100f0800 G_ACT2
0x180f0800 G_ACT3
0x000f0800 COMP
0x000f0840 COMP
0x000f0880 COMP
0x000f08c0 COMP
0x000f0900 COMP
0x000f0940 COMP
0x000f0980 COMP
0x000f09c0 COMP
0x000f0a00 COMP
0x000f0a40 COMP
0x000f0a80 COMP
0x000f0ac0 COMP
0x000f0b00 COMP
0x000f0b40 COMP
0x000f0b80 COMP
0x000f0bc0 COMP
READRES
0x000f1000 G_ACT0
0x080f1000 G_ACT1
0x100f1000 G_ACT2
0x180f1000 G_ACT3
0x000f1000 COMP
0x000f1040 COMP
0x000f1080 COMP
0x000f10c0 COMP
0x000f1100 COMP
0x000f1140 COMP
0x000f1180 COMP
0x000f11c0 COMP
0x000f1200 COMP
0x000f1240 COMP
0x000f1280 COMP
0x000f12c0 COMP
0x000f1300 COMP
0x000f1340 COMP
0x000f1380 COMP
0x000f13c0 COMP
READRES
0x000f1800 G_ACT0
0x080f1800 G_ACT1
0x100f1800 G_ACT2
0x180f1800 G_ACT3
0x000f1800 COMP
0x000f1840 COMP
0x000f1880 COMP
0x000f18c0 COMP
0x000f1900 COMP
0x000f1940 COMP
0x000f1980 COMP
0x000f19c0 COMP
0x000f1a00 COMP
0x000f1a40 COMP
0x000f1a80 COMP
0x000f1ac0 COMP
0x000f1b00 COMP
0x000f1b40 COMP
0x000f1b80 COMP
0x000f1bc0 COMP
READRES
0x000f2000 G_ACT0
0x080f2000 G_ACT1
0x100f2000 G_ACT2
0x180f2000 G_ACT3
0x000f2000 COMP
0x000f2040 COMP
0x000f2080 COMP
0x000f20c0 COMP
0x000f2100 COMP
0x000f2140 COMP
0x000f2180 COMP
0x000f21c0 COMP
0x000f2200 COMP
0x000f2240 COMP
0x000f2280 COMP
0x000f22c0 COMP
0x000f2300 COMP
0x000f2340 COMP
0x000f2380 COMP
0x000f23c0 COMP
READRES
0x000f2800 G_ACT0
0x080f2800 G_ACT1
0x100f2800 G_ACT2
0x180f2800 G_ACT3
0x000f2800 COMP
0x000f2840 COMP
0x000f2880 COMP
0x000f28c0 COMP
0x000f2900 COMP
0x000f2940 COMP
0x000f2980 COMP
0x000f29c0 COMP
0x000f2a00 COMP
0x000f2a40 COMP
0x000f2a80 COMP
0x000f2ac0 COMP
0x000f2b00 COMP
0x000f2b40 COMP
0x000f2b80 COMP
0x000f2bc0 COMP
READRES
0x000f3000 G_ACT0
0x080f3000 G_ACT1
0x100f3000 G_ACT2
0x180f3000 G_ACT3
0x000f3000 COMP
0x000f3040 COMP
0x000f3080 COMP
0x000f30c0 COMP
0x000f3100 COMP
0x000f3140 COMP
0x000f3180 COMP
0x000f31c0 COMP
0x000f3200 COMP
0x000f3240 COMP
0x000f3280 COMP
0x000f32c0 COMP
0x000f3300 COMP
0x000f3340 COMP
0x000f3380 COMP
0x000f33c0 COMP
READRES
0x000f3800 G_ACT0
0x080f3800 G_ACT1
0x100f3800 G_ACT2
0x180f3800 G_ACT3
0x000f3800 COMP
0x000f3840 COMP
0x000f3880 COMP
0x000f38c0 COMP
0x000f3900 COMP
0x000f3940 COMP
0x000f3980 COMP
0x000f39c0 COMP
0x000f3a00 COMP
0x000f3a40 COMP
0x000f3a80 COMP
0x000f3ac0 COMP
0x000f3b00 COMP
0x000f3b40 COMP
0x000f3b80 COMP
0x000f3bc0 COMP
READRES
0x000f4000 G_ACT0
0x080f4000 G_ACT1
0x100f4000 G_ACT2
0x180f4000 G_ACT3
0x000f4000 COMP
0x000f4040 COMP
0x000f4080 COMP
0x000f40c0 COMP
0x000f4100 COMP
0x000f4140 COMP
0x000f4180 COMP
0x000f41c0 COMP
0x000f4200 COMP
0x000f4240 COMP
0x000f4280 COMP
0x000f42c0 COMP
0x000f4300 COMP
0x000f4340 COMP
0x000f4380 COMP
0x000f43c0 COMP
READRES
0x000f4800 G_ACT0
0x080f4800 G_ACT1
0x100f4800 G_ACT2
0x180f4800 G_ACT3
0x000f4800 COMP
0x000f4840 COMP
0x000f4880 COMP
0x000f48c0 COMP
0x000f4900 COMP
0x000f4940 COMP
0x000f4980 COMP
0x000f49c0 COMP
0x000f4a00 COMP
0x000f4a40 COMP
0x000f4a80 COMP
0x000f4ac0 COMP
0x000f4b00 COMP
0x000f4b40 COMP
0x000f4b80 COMP
0x000f4bc0 COMP
READRES
0x000f5000 G_ACT0
0x080f5000 G_ACT1
0x100f5000 G_ACT2
0x180f5000 G_ACT3
0x000f5000 COMP
0x000f5040 COMP
0x000f5080 COMP
0x000f50c0 COMP
0x000f5100 COMP
0x000f5140 COMP
0x000f5180 COMP
0x000f51c0 COMP
0x000f5200 COMP
0x000f5240 COMP
0x000f5280 COMP
0x000f52c0 COMP
0x000f5300 COMP
0x000f5340 COMP
0x000f5380 COMP
0x000f53c0 COMP
READRES
0x000f5800 G_ACT0
0x080f5800 G_ACT1
0x100f5800 G_ACT2
0x180f5800 G_ACT3
0x000f5800 COMP
0x000f5840 COMP
0x000f5880 COMP
0x000f58c0 COMP
0x000f5900 COMP
0x000f5940 COMP
0x000f5980 COMP
0x000f59c0 COMP
0x000f5a00 COMP
0x000f5a40 COMP
0x000f5a80 COMP
0x000f5ac0 COMP
0x000f5b00 COMP
0x000f5b40 COMP
0x000f5b80 COMP
0x000f5bc0 COMP
READRES
0x000f6000 G_ACT0
0x080f6000 G_ACT1
0x100f6000 G_ACT2
0x180f6000 G_ACT3
0x000f6000 COMP
0x000f6040 COMP
0x000f6080 COMP
0x000f60c0 COMP
0x000f6100 COMP
0x000f6140 COMP
0x000f6180 COMP
0x000f61c0 COMP
0x000f6200 COMP
0x000f6240 COMP
0x000f6280 COMP
0x000f62c0 COMP
0x000f6300 COMP
0x000f6340 COMP
0x000f6380 COMP
0x000f63c0 COMP
READRES
0x000f6800 G_ACT0
0x080f6800 G_ACT1
0x100f6800 G_ACT2
0x180f6800 G_ACT3
0x000f6800 COMP
0x000f6840 COMP
0x000f6880 COMP
0x000f68c0 COMP
0x000f6900 COMP
0x000f6940 COMP
0x000f6980 COMP
0x000f69c0 COMP
0x000f6a00 COMP
0x000f6a40 COMP
0x000f6a80 COMP
0x000f6ac0 COMP
0x000f6b00 COMP
0x000f6b40 COMP
0x000f6b80 COMP
0x000f6bc0 COMP
READRES
0x000f7000 G_ACT0
0x080f7000 G_ACT1
0x100f7000 G_ACT2
0x180f7000 G_ACT3
0x000f7000 COMP
0x000f7040 COMP
0x000f7080 COMP
0x000f70c0 COMP
0x000f7100 COMP
0x000f7140 COMP
0x000f7180 COMP
0x000f71c0 COMP
0x000f7200 COMP
0x000f7240 COMP
0x000f7280 COMP
0x000f72c0 COMP
0x000f7300 COMP
0x000f7340 COMP
0x000f7380 COMP
0x000f73c0 COMP
READRES
0x000f7800 G_ACT0
0x080f7800 G_ACT1
0x100f7800 G_ACT2
0x180f7800 G_ACT3
0x000f7800 COMP
0x000f7840 COMP
0x000f7880 COMP
0x000f78c0 COMP
0x000f7900 COMP
0x000f7940 COMP
0x000f7980 COMP
0x000f79c0 COMP
0x000f7a00 COMP
0x000f7a40 COMP
0x000f7a80 COMP
0x000f7ac0 COMP
0x000f7b00 COMP
0x000f7b40 COMP
0x000f7b80 COMP
0x000f7bc0 COMP
READRES
0x000f8000 G_ACT0
0x080f8000 G_ACT1
0x100f8000 G_ACT2
0x180f8000 G_ACT3
0x000f8000 COMP
0x000f8040 COMP
0x000f8080 COMP
0x000f80c0 COMP
0x000f8100 COMP
0x000f8140 COMP
0x000f8180 COMP
0x000f81c0 COMP
0x000f8200 COMP
0x000f8240 COMP
0x000f8280 COMP
0x000f82c0 COMP
0x000f8300 COMP
0x000f8340 COMP
0x000f8380 COMP
0x000f83c0 COMP
READRES
0x000f8800 G_ACT0
0x080f8800 G_ACT1
0x100f8800 G_ACT2
0x180f8800 G_ACT3
0x000f8800 COMP
0x000f8840 COMP
0x000f8880 COMP
0x000f88c0 COMP
0x000f8900 COMP
0x000f8940 COMP
0x000f8980 COMP
0x000f89c0 COMP
0x000f8a00 COMP
0x000f8a40 COMP
0x000f8a80 COMP
0x000f8ac0 COMP
0x000f8b00 COMP
0x000f8b40 COMP
0x000f8b80 COMP
0x000f8bc0 COMP
READRES
0x000f9000 G_ACT0
0x080f9000 G_ACT1
0x100f9000 G_ACT2
0x180f9000 G_ACT3
0x000f9000 COMP
0x000f9040 COMP
0x000f9080 COMP
0x000f90c0 COMP
0x000f9100 COMP
0x000f9140 COMP
0x000f9180 COMP
0x000f91c0 COMP
0x000f9200 COMP
0x000f9240 COMP
0x000f9280 COMP
0x000f92c0 COMP
0x000f9300 COMP
0x000f9340 COMP
0x000f9380 COMP
0x000f93c0 COMP
READRES
0x000f9800 G_ACT0
0x080f9800 G_ACT1
0x100f9800 G_ACT2
0x180f9800 G_ACT3
0x000f9800 COMP
0x000f9840 COMP
0x000f9880 COMP
0x000f98c0 COMP
0x000f9900 COMP
0x000f9940 COMP
0x000f9980 COMP
0x000f99c0 COMP
0x000f9a00 COMP
0x000f9a40 COMP
0x000f9a80 COMP
0x000f9ac0 COMP
0x000f9b00 COMP
0x000f9b40 COMP
0x000f9b80 COMP
0x000f9bc0 COMP
READRES
0x000fa000 G_ACT0
0x080fa000 G_ACT1
0x100fa000 G_ACT2
0x180fa000 G_ACT3
0x000fa000 COMP
0x000fa040 COMP
0x000fa080 COMP
0x000fa0c0 COMP
0x000fa100 COMP
0x000fa140 COMP
0x000fa180 COMP
0x000fa1c0 COMP
0x000fa200 COMP
0x000fa240 COMP
0x000fa280 COMP
0x000fa2c0 COMP
0x000fa300 COMP
0x000fa340 COMP
0x000fa380 COMP
0x000fa3c0 COMP
READRES
0x000fa800 G_ACT0
0x080fa800 G_ACT1
0x100fa800 G_ACT2
0x180fa800 G_ACT3
0x000fa800 COMP
0x000fa840 COMP
0x000fa880 COMP
0x000fa8c0 COMP
0x000fa900 COMP
0x000fa940 COMP
0x000fa980 COMP
0x000fa9c0 COMP
0x000faa00 COMP
0x000faa40 COMP
0x000faa80 COMP
0x000faac0 COMP
0x000fab00 COMP
0x000fab40 COMP
0x000fab80 COMP
0x000fabc0 COMP
READRES
0x000fb000 G_ACT0
0x080fb000 G_ACT1
0x100fb000 G_ACT2
0x180fb000 G_ACT3
0x000fb000 COMP
0x000fb040 COMP
0x000fb080 COMP
0x000fb0c0 COMP
0x000fb100 COMP
0x000fb140 COMP
0x000fb180 COMP
0x000fb1c0 COMP
0x000fb200 COMP
0x000fb240 COMP
0x000fb280 COMP
0x000fb2c0 COMP
0x000fb300 COMP
0x000fb340 COMP
0x000fb380 COMP
0x000fb3c0 COMP
READRES
0x000fb800 G_ACT0
0x080fb800 G_ACT1
0x100fb800 G_ACT2
0x180fb800 G_ACT3
0x000fb800 COMP
0x000fb840 COMP
0x000fb880 COMP
0x000fb8c0 COMP
0x000fb900 COMP
0x000fb940 COMP
0x000fb980 COMP
0x000fb9c0 COMP
0x000fba00 COMP
0x000fba40 COMP
0x000fba80 COMP
0x000fbac0 COMP
0x000fbb00 COMP
0x000fbb40 COMP
0x000fbb80 COMP
0x000fbbc0 COMP
READRES
0x000fc000 G_ACT0
0x080fc000 G_ACT1
0x100fc000 G_ACT2
0x180fc000 G_ACT3
0x000fc000 COMP
0x000fc040 COMP
0x000fc080 COMP
0x000fc0c0 COMP
0x000fc100 COMP
0x000fc140 COMP
0x000fc180 COMP
0x000fc1c0 COMP
0x000fc200 COMP
0x000fc240 COMP
0x000fc280 COMP
0x000fc2c0 COMP
0x000fc300 COMP
0x000fc340 COMP
0x000fc380 COMP
0x000fc3c0 COMP
READRES
0x000fc800 G_ACT0
0x080fc800 G_ACT1
0x100fc800 G_ACT2
0x180fc800 G_ACT3
0x000fc800 COMP
0x000fc840 COMP
0x000fc880 COMP
0x000fc8c0 COMP
0x000fc900 COMP
0x000fc940 COMP
0x000fc980 COMP
0x000fc9c0 COMP
0x000fca00 COMP
0x000fca40 COMP
0x000fca80 COMP
0x000fcac0 COMP
0x000fcb00 COMP
0x000fcb40 COMP
0x000fcb80 COMP
0x000fcbc0 COMP
READRES
0x000fd000 G_ACT0
0x080fd000 G_ACT1
0x100fd000 G_ACT2
0x180fd000 G_ACT3
0x000fd000 COMP
0x000fd040 COMP
0x000fd080 COMP
0x000fd0c0 COMP
0x000fd100 COMP
0x000fd140 COMP
0x000fd180 COMP
0x000fd1c0 COMP
0x000fd200 COMP
0x000fd240 COMP
0x000fd280 COMP
0x000fd2c0 COMP
0x000fd300 COMP
0x000fd340 COMP
0x000fd380 COMP
0x000fd3c0 COMP
READRES
0x000fd800 G_ACT0
0x080fd800 G_ACT1
0x100fd800 G_ACT2
0x180fd800 G_ACT3
0x000fd800 COMP
0x000fd840 COMP
0x000fd880 COMP
0x000fd8c0 COMP
0x000fd900 COMP
0x000fd940 COMP
0x000fd980 COMP
0x000fd9c0 COMP
0x000fda00 COMP
0x000fda40 COMP
0x000fda80 COMP
0x000fdac0 COMP
0x000fdb00 COMP
0x000fdb40 COMP
0x000fdb80 COMP
0x000fdbc0 COMP
READRES
0x000fe000 G_ACT0
0x080fe000 G_ACT1
0x100fe000 G_ACT2
0x180fe000 G_ACT3
0x000fe000 COMP
0x000fe040 COMP
0x000fe080 COMP
0x000fe0c0 COMP
0x000fe100 COMP
0x000fe140 COMP
0x000fe180 COMP
0x000fe1c0 COMP
0x000fe200 COMP
0x000fe240 COMP
0x000fe280 COMP
0x000fe2c0 COMP
0x000fe300 COMP
0x000fe340 COMP
0x000fe380 COMP
0x000fe3c0 COMP
READRES
0x000fe800 G_ACT0
0x080fe800 G_ACT1
0x100fe800 G_ACT2
0x180fe800 G_ACT3
0x000fe800 COMP
0x000fe840 COMP
0x000fe880 COMP
0x000fe8c0 COMP
0x000fe900 COMP
0x000fe940 COMP
0x000fe980 COMP
0x000fe9c0 COMP
0x000fea00 COMP
0x000fea40 COMP
0x000fea80 COMP
0x000feac0 COMP
0x000feb00 COMP
0x000feb40 COMP
0x000feb80 COMP
0x000febc0 COMP
READRES
0x000ff000 G_ACT0
0x080ff000 G_ACT1
0x100ff000 G_ACT2
0x180ff000 G_ACT3
0x000ff000 COMP
0x000ff040 COMP
0x000ff080 COMP
0x000ff0c0 COMP
0x000ff100 COMP
0x000ff140 COMP
0x000ff180 COMP
0x000ff1c0 COMP
0x000ff200 COMP
0x000ff240 COMP
0x000ff280 COMP
0x000ff2c0 COMP
0x000ff300 COMP
0x000ff340 COMP
0x000ff380 COMP
0x000ff3c0 COMP
READRES
0x000ff800 G_ACT0
0x080ff800 G_ACT1
0x100ff800 G_ACT2
0x180ff800 G_ACT3
0x000ff800 COMP
0x000ff840 COMP
0x000ff880 COMP
0x000ff8c0 COMP
0x000ff900 COMP
0x000ff940 COMP
0x000ff980 COMP
0x000ff9c0 COMP
0x000ffa00 COMP
0x000ffa40 COMP
0x000ffa80 COMP
0x000ffac0 COMP
0x000ffb00 COMP
0x000ffb40 COMP
0x000ffb80 COMP
0x000ffbc0 COMP
READRES