0x00000000 GWRITE
0x00000000 G_ACT0
0x08000000 G_ACT1
0x00000000 COMP
0x00000040 COMP
0x00000080 COMP
0x000000c0 COMP
0x00000100 COMP
0x00000140 COMP
0x00000180 COMP
0x000001c0 COMP
0x00000200 COMP
0x00000240 COMP
0x00000280 COMP
0x000002c0 COMP
0x00000300 COMP
0x00000340 COMP
0x00000380 COMP
0x000003c0 COMP
READRES
0x00000800 G_ACT0
0x08000800 G_ACT1
0x00000800 COMP
0x00000840 COMP
0x00000880 COMP
0x000008c0 COMP
0x00000900 COMP
0x00000940 COMP
0x00000980 COMP
0x000009c0 COMP
0x00000a00 COMP
0x00000a40 COMP
0x00000a80 COMP
0x00000ac0 COMP
0x00000b00 COMP
0x00000b40 COMP
0x00000b80 COMP
0x00000bc0 COMP
READRES
0x00001000 G_ACT0
0x08001000 G_ACT1
0x00001000 COMP
0x00001040 COMP
0x00001080 COMP
0x000010c0 COMP
0x00001100 COMP
0x00001140 COMP
0x00001180 COMP
0x000011c0 COMP
0x00001200 COMP
0x00001240 COMP
0x00001280 COMP
0x000012c0 COMP
0x00001300 COMP
0x00001340 COMP
0x00001380 COMP
0x000013c0 COMP
READRES
0x00001800 G_ACT0
0x08001800 G_ACT1
0x00001800 COMP
0x00001840 COMP
0x00001880 COMP
0x000018c0 COMP
0x00001900 COMP
0x00001940 COMP
0x00001980 COMP
0x000019c0 COMP
0x00001a00 COMP
0x00001a40 COMP
0x00001a80 COMP
0x00001ac0 COMP
0x00001b00 COMP
0x00001b40 COMP
0x00001b80 COMP
0x00001bc0 COMP
READRES
0x00002000 G_ACT0
0x08002000 G_ACT1
0x00002000 COMP
0x00002040 COMP
0x00002080 COMP
0x000020c0 COMP
0x00002100 COMP
0x00002140 COMP
0x00002180 COMP
0x000021c0 COMP
0x00002200 COMP
0x00002240 COMP
0x00002280 COMP
0x000022c0 COMP
0x00002300 COMP
0x00002340 COMP
0x00002380 COMP
0x000023c0 COMP
READRES
0x00002800 G_ACT0
0x08002800 G_ACT1
0x00002800 COMP
0x00002840 COMP
0x00002880 COMP
0x000028c0 COMP
0x00002900 COMP
0x00002940 COMP
0x00002980 COMP
0x000029c0 COMP
0x00002a00 COMP
0x00002a40 COMP
0x00002a80 COMP
0x00002ac0 COMP
0x00002b00 COMP
0x00002b40 COMP
0x00002b80 COMP
0x00002bc0 COMP
READRES
0x00003000 G_ACT0
0x08003000 G_ACT1
0x00003000 COMP
0x00003040 COMP
0x00003080 COMP
0x000030c0 COMP
0x00003100 COMP
0x00003140 COMP
0x00003180 COMP
0x000031c0 COMP
0x00003200 COMP
0x00003240 COMP
0x00003280 COMP
0x000032c0 COMP
0x00003300 COMP
0x00003340 COMP
0x00003380 COMP
0x000033c0 COMP
READRES
0x00003800 G_ACT0
0x08003800 G_ACT1
0x00003800 COMP
0x00003840 COMP
0x00003880 COMP
0x000038c0 COMP
0x00003900 COMP
0x00003940 COMP
0x00003980 COMP
0x000039c0 COMP
0x00003a00 COMP
0x00003a40 COMP
0x00003a80 COMP
0x00003ac0 COMP
0x00003b00 COMP
0x00003b40 COMP
0x00003b80 COMP
0x00003bc0 COMP
READRES
0x00004000 G_ACT0
0x08004000 G_ACT1
0x00004000 COMP
0x00004040 COMP
0x00004080 COMP
0x000040c0 COMP
0x00004100 COMP
0x00004140 COMP
0x00004180 COMP
0x000041c0 COMP
0x00004200 COMP
0x00004240 COMP
0x00004280 COMP
0x000042c0 COMP
0x00004300 COMP
0x00004340 COMP
0x00004380 COMP
0x000043c0 COMP
READRES
0x00004800 G_ACT0
0x08004800 G_ACT1
0x00004800 COMP
0x00004840 COMP
0x00004880 COMP
0x000048c0 COMP
0x00004900 COMP
0x00004940 COMP
0x00004980 COMP
0x000049c0 COMP
0x00004a00 COMP
0x00004a40 COMP
0x00004a80 COMP
0x00004ac0 COMP
0x00004b00 COMP
0x00004b40 COMP
0x00004b80 COMP
0x00004bc0 COMP
READRES
0x00005000 G_ACT0
0x08005000 G_ACT1
0x00005000 COMP
0x00005040 COMP
0x00005080 COMP
0x000050c0 COMP
0x00005100 COMP
0x00005140 COMP
0x00005180 COMP
0x000051c0 COMP
0x00005200 COMP
0x00005240 COMP
0x00005280 COMP
0x000052c0 COMP
0x00005300 COMP
0x00005340 COMP
0x00005380 COMP
0x000053c0 COMP
READRES
0x00005800 G_ACT0
0x08005800 G_ACT1
0x00005800 COMP
0x00005840 COMP
0x00005880 COMP
0x000058c0 COMP
0x00005900 COMP
0x00005940 COMP
0x00005980 COMP
0x000059c0 COMP
0x00005a00 COMP
0x00005a40 COMP
0x00005a80 COMP
0x00005ac0 COMP
0x00005b00 COMP
0x00005b40 COMP
0x00005b80 COMP
0x00005bc0 COMP
READRES
0x00006000 G_ACT0
0x08006000 G_ACT1
0x00006000 COMP
0x00006040 COMP
0x00006080 COMP
0x000060c0 COMP
0x00006100 COMP
0x00006140 COMP
0x00006180 COMP
0x000061c0 COMP
0x00006200 COMP
0x00006240 COMP
0x00006280 COMP
0x000062c0 COMP
0x00006300 COMP
0x00006340 COMP
0x00006380 COMP
0x000063c0 COMP
READRES
0x00006800 G_ACT0
0x08006800 G_ACT1
0x00006800 COMP
0x00006840 COMP
0x00006880 COMP
0x000068c0 COMP
0x00006900 COMP
0x00006940 COMP
0x00006980 COMP
0x000069c0 COMP
0x00006a00 COMP
0x00006a40 COMP
0x00006a80 COMP
0x00006ac0 COMP
0x00006b00 COMP
0x00006b40 COMP
0x00006b80 COMP
0x00006bc0 COMP
READRES
0x00007000 G_ACT0
0x08007000 G_ACT1
0x00007000 COMP
0x00007040 COMP
0x00007080 COMP
0x000070c0 COMP
0x00007100 COMP
0x00007140 COMP
0x00007180 COMP
0x000071c0 COMP
0x00007200 COMP
0x00007240 COMP
0x00007280 COMP
0x000072c0 COMP
0x00007300 COMP
0x00007340 COMP
0x00007380 COMP
0x000073c0 COMP
READRES
0x00007800 G_ACT0
0x08007800 G_ACT1
0x00007800 COMP
0x00007840 COMP
0x00007880 COMP
0x000078c0 COMP
0x00007900 COMP
0x00007940 COMP
0x00007980 COMP
0x000079c0 COMP
0x00007a00 COMP
0x00007a40 COMP
0x00007a80 COMP
0x00007ac0 COMP
0x00007b00 COMP
0x00007b40 COMP
0x00007b80 COMP
0x00007bc0 COMP
READRES
0x00008000 G_ACT0
0x08008000 G_ACT1
0x00008000 COMP
0x00008040 COMP
0x00008080 COMP
0x000080c0 COMP
0x00008100 COMP
0x00008140 COMP
0x00008180 COMP
0x000081c0 COMP
0x00008200 COMP
0x00008240 COMP
0x00008280 COMP
0x000082c0 COMP
0x00008300 COMP
0x00008340 COMP
0x00008380 COMP
0x000083c0 COMP
READRES
0x00008800 G_ACT0
0x08008800 G_ACT1
0x00008800 COMP
0x00008840 COMP
0x00008880 COMP
0x000088c0 COMP
0x00008900 COMP
0x00008940 COMP
0x00008980 COMP
0x000089c0 COMP
0x00008a00 COMP
0x00008a40 COMP
0x00008a80 COMP
0x00008ac0 COMP
0x00008b00 COMP
0x00008b40 COMP
0x00008b80 COMP
0x00008bc0 COMP
READRES
0x00009000 G_ACT0
0x08009000 G_ACT1
0x00009000 COMP
0x00009040 COMP
0x00009080 COMP
0x000090c0 COMP
0x00009100 COMP
0x00009140 COMP
0x00009180 COMP
0x000091c0 COMP
0x00009200 COMP
0x00009240 COMP
0x00009280 COMP
0x000092c0 COMP
0x00009300 COMP
0x00009340 COMP
0x00009380 COMP
0x000093c0 COMP
READRES
0x00009800 G_ACT0
0x08009800 G_ACT1
0x00009800 COMP
0x00009840 COMP
0x00009880 COMP
0x000098c0 COMP
0x00009900 COMP
0x00009940 COMP
0x00009980 COMP
0x000099c0 COMP
0x00009a00 COMP
0x00009a40 COMP
0x00009a80 COMP
0x00009ac0 COMP
0x00009b00 COMP
0x00009b40 COMP
0x00009b80 COMP
0x00009bc0 COMP
READRES
0x0000a000 G_ACT0
0x0800a000 G_ACT1
0x0000a000 COMP
0x0000a040 COMP
0x0000a080 COMP
0x0000a0c0 COMP
0x0000a100 COMP
0x0000a140 COMP
0x0000a180 COMP
0x0000a1c0 COMP
0x0000a200 COMP
0x0000a240 COMP
0x0000a280 COMP
0x0000a2c0 COMP
0x0000a300 COMP
0x0000a340 COMP
0x0000a380 COMP
0x0000a3c0 COMP
READRES
0x0000a800 G_ACT0
0x0800a800 G_ACT1
0x0000a800 COMP
0x0000a840 COMP
0x0000a880 COMP
0x0000a8c0 COMP
0x0000a900 COMP
0x0000a940 COMP
0x0000a980 COMP
0x0000a9c0 COMP
0x0000aa00 COMP
0x0000aa40 COMP
0x0000aa80 COMP
0x0000aac0 COMP
0x0000ab00 COMP
0x0000ab40 COMP
0x0000ab80 COMP
0x0000abc0 COMP
READRES
0x0000b000 G_ACT0
0x0800b000 G_ACT1
0x0000b000 COMP
0x0000b040 COMP
0x0000b080 COMP
0x0000b0c0 COMP
0x0000b100 COMP
0x0000b140 COMP
0x0000b180 COMP
0x0000b1c0 COMP
0x0000b200 COMP
0x0000b240 COMP
0x0000b280 COMP
0x0000b2c0 COMP
0x0000b300 COMP
0x0000b340 COMP
0x0000b380 COMP
0x0000b3c0 COMP
READRES
0x0000b800 G_ACT0
0x0800b800 G_ACT1
0x0000b800 COMP
0x0000b840 COMP
0x0000b880 COMP
0x0000b8c0 COMP
0x0000b900 COMP
0x0000b940 COMP
0x0000b980 COMP
0x0000b9c0 COMP
0x0000ba00 COMP
0x0000ba40 COMP
0x0000ba80 COMP
0x0000bac0 COMP
0x0000bb00 COMP
0x0000bb40 COMP
0x0000bb80 COMP
0x0000bbc0 COMP
READRES
0x0000c000 G_ACT0
0x0800c000 G_ACT1
0x0000c000 COMP
0x0000c040 COMP
0x0000c080 COMP
0x0000c0c0 COMP
0x0000c100 COMP
0x0000c140 COMP
0x0000c180 COMP
0x0000c1c0 COMP
0x0000c200 COMP
0x0000c240 COMP
0x0000c280 COMP
0x0000c2c0 COMP
0x0000c300 COMP
0x0000c340 COMP
0x0000c380 COMP
0x0000c3c0 COMP
READRES
0x0000c800 G_ACT0
0x0800c800 G_ACT1
0x0000c800 COMP
0x0000c840 COMP
0x0000c880 COMP
0x0000c8c0 COMP
0x0000c900 COMP
0x0000c940 COMP
0x0000c980 COMP
0x0000c9c0 COMP
0x0000ca00 COMP
0x0000ca40 COMP
0x0000ca80 COMP
0x0000cac0 COMP
0x0000cb00 COMP
0x0000cb40 COMP
0x0000cb80 COMP
0x0000cbc0 COMP
READRES
0x0000d000 G_ACT0
0x0800d000 G_ACT1
0x0000d000 COMP
0x0000d040 COMP
0x0000d080 COMP
0x0000d0c0 COMP
0x0000d100 COMP
0x0000d140 COMP
0x0000d180 COMP
0x0000d1c0 COMP
0x0000d200 COMP
0x0000d240 COMP
0x0000d280 COMP
0x0000d2c0 COMP
0x0000d300 COMP
0x0000d340 COMP
0x0000d380 COMP
0x0000d3c0 COMP
READRES
0x0000d800 G_ACT0
0x0800d800 G_ACT1
0x0000d800 COMP
0x0000d840 COMP
0x0000d880 COMP
0x0000d8c0 COMP
0x0000d900 COMP
0x0000d940 COMP
0x0000d980 COMP
0x0000d9c0 COMP
0x0000da00 COMP
0x0000da40 COMP
0x0000da80 COMP
0x0000dac0 COMP
0x0000db00 COMP
0x0000db40 COMP
0x0000db80 COMP
0x0000dbc0 COMP
READRES
0x0000e000 G_ACT0
0x0800e000 G_ACT1
0x0000e000 COMP
0x0000e040 COMP
0x0000e080 COMP
0x0000e0c0 COMP
0x0000e100 COMP
0x0000e140 COMP
0x0000e180 COMP
0x0000e1c0 COMP
0x0000e200 COMP
0x0000e240 COMP
0x0000e280 COMP
0x0000e2c0 COMP
0x0000e300 COMP
0x0000e340 COMP
0x0000e380 COMP
0x0000e3c0 COMP
READRES
0x0000e800 G_ACT0
0x0800e800 G_ACT1
0x0000e800 COMP
0x0000e840 COMP
0x0000e880 COMP
0x0000e8c0 COMP
0x0000e900 COMP
0x0000e940 COMP
0x0000e980 COMP
0x0000e9c0 COMP
0x0000ea00 COMP
0x0000ea40 COMP
0x0000ea80 COMP
0x0000eac0 COMP
0x0000eb00 COMP
0x0000eb40 COMP
0x0000eb80 COMP
0x0000ebc0 COMP
READRES
0x0000f000 G_ACT0
0x0800f000 G_ACT1
0x0000f000 COMP
0x0000f040 COMP
0x0000f080 COMP
0x0000f0c0 COMP
0x0000f100 COMP
0x0000f140 COMP
0x0000f180 COMP
0x0000f1c0 COMP
0x0000f200 COMP
0x0000f240 COMP
0x0000f280 COMP
0x0000f2c0 COMP
0x0000f300 COMP
0x0000f340 COMP
0x0000f380 COMP
0x0000f3c0 COMP
READRES
0x0000f800 G_ACT0
0x0800f800 G_ACT1
0x0000f800 COMP
0x0000f840 COMP
0x0000f880 COMP
0x0000f8c0 COMP
0x0000f900 COMP
0x0000f940 COMP
0x0000f980 COMP
0x0000f9c0 COMP
0x0000fa00 COMP
0x0000fa40 COMP
0x0000fa80 COMP
0x0000fac0 COMP
0x0000fb00 COMP
0x0000fb40 COMP
0x0000fb80 COMP
0x0000fbc0 COMP
READRES
0x00010000 G_ACT0
0x08010000 G_ACT1
0x00010000 COMP
0x00010040 COMP
0x00010080 COMP
0x000100c0 COMP
0x00010100 COMP
0x00010140 COMP
0x00010180 COMP
0x000101c0 COMP
0x00010200 COMP
0x00010240 COMP
0x00010280 COMP
0x000102c0 COMP
0x00010300 COMP
0x00010340 COMP
0x00010380 COMP
0x000103c0 COMP
READRES
0x00010800 G_ACT0
0x08010800 G_ACT1
0x00010800 COMP
0x00010840 COMP
0x00010880 COMP
0x000108c0 COMP
0x00010900 COMP
0x00010940 COMP
0x00010980 COMP
0x000109c0 COMP
0x00010a00 COMP
0x00010a40 COMP
0x00010a80 COMP
0x00010ac0 COMP
0x00010b00 COMP
0x00010b40 COMP
0x00010b80 COMP
0x00010bc0 COMP
READRES
0x00011000 G_ACT0
0x08011000 G_ACT1
0x00011000 COMP
0x00011040 COMP
0x00011080 COMP
0x000110c0 COMP
0x00011100 COMP
0x00011140 COMP
0x00011180 COMP
0x000111c0 COMP
0x00011200 COMP
0x00011240 COMP
0x00011280 COMP
0x000112c0 COMP
0x00011300 COMP
0x00011340 COMP
0x00011380 COMP
0x000113c0 COMP
READRES
0x00011800 G_ACT0
0x08011800 G_ACT1
0x00011800 COMP
0x00011840 COMP
0x00011880 COMP
0x000118c0 COMP
0x00011900 COMP
0x00011940 COMP
0x00011980 COMP
0x000119c0 COMP
0x00011a00 COMP
0x00011a40 COMP
0x00011a80 COMP
0x00011ac0 COMP
0x00011b00 COMP
0x00011b40 COMP
0x00011b80 COMP
0x00011bc0 COMP
READRES
0x00012000 G_ACT0
0x08012000 G_ACT1
0x00012000 COMP
0x00012040 COMP
0x00012080 COMP
0x000120c0 COMP
0x00012100 COMP
0x00012140 COMP
0x00012180 COMP
0x000121c0 COMP
0x00012200 COMP
0x00012240 COMP
0x00012280 COMP
0x000122c0 COMP
0x00012300 COMP
0x00012340 COMP
0x00012380 COMP
0x000123c0 COMP
READRES
0x00012800 G_ACT0
0x08012800 G_ACT1
0x00012800 COMP
0x00012840 COMP
0x00012880 COMP
0x000128c0 COMP
0x00012900 COMP
0x00012940 COMP
0x00012980 COMP
0x000129c0 COMP
0x00012a00 COMP
0x00012a40 COMP
0x00012a80 COMP
0x00012ac0 COMP
0x00012b00 COMP
0x00012b40 COMP
0x00012b80 COMP
0x00012bc0 COMP
READRES
0x00013000 G_ACT0
0x08013000 G_ACT1
0x00013000 COMP
0x00013040 COMP
0x00013080 COMP
0x000130c0 COMP
0x00013100 COMP
0x00013140 COMP
0x00013180 COMP
0x000131c0 COMP
0x00013200 COMP
0x00013240 COMP
0x00013280 COMP
0x000132c0 COMP
0x00013300 COMP
0x00013340 COMP
0x00013380 COMP
0x000133c0 COMP
READRES
0x00013800 G_ACT0
0x08013800 G_ACT1
0x00013800 COMP
0x00013840 COMP
0x00013880 COMP
0x000138c0 COMP
0x00013900 COMP
0x00013940 COMP
0x00013980 COMP
0x000139c0 COMP
0x00013a00 COMP
0x00013a40 COMP
0x00013a80 COMP
0x00013ac0 COMP
0x00013b00 COMP
0x00013b40 COMP
0x00013b80 COMP
0x00013bc0 COMP
READRES
0x00014000 G_ACT0
0x08014000 G_ACT1
0x00014000 COMP
0x00014040 COMP
0x00014080 COMP
0x000140c0 COMP
0x00014100 COMP
0x00014140 COMP
0x00014180 COMP
0x000141c0 COMP
0x00014200 COMP
0x00014240 COMP
0x00014280 COMP
0x000142c0 COMP
0x00014300 COMP
0x00014340 COMP
0x00014380 COMP
0x000143c0 COMP
READRES
0x00014800 G_ACT0
0x08014800 G_ACT1
0x00014800 COMP
0x00014840 COMP
0x00014880 COMP
0x000148c0 COMP
0x00014900 COMP
0x00014940 COMP
0x00014980 COMP
0x000149c0 COMP
0x00014a00 COMP
0x00014a40 COMP
0x00014a80 COMP
0x00014ac0 COMP
0x00014b00 COMP
0x00014b40 COMP
0x00014b80 COMP
0x00014bc0 COMP
READRES
0x00015000 G_ACT0
0x08015000 G_ACT1
0x00015000 COMP
0x00015040 COMP
0x00015080 COMP
0x000150c0 COMP
0x00015100 COMP
0x00015140 COMP
0x00015180 COMP
0x000151c0 COMP
0x00015200 COMP
0x00015240 COMP
0x00015280 COMP
0x000152c0 COMP
0x00015300 COMP
0x00015340 COMP
0x00015380 COMP
0x000153c0 COMP
READRES
0x00015800 G_ACT0
0x08015800 G_ACT1
0x00015800 COMP
0x00015840 COMP
0x00015880 COMP
0x000158c0 COMP
0x00015900 COMP
0x00015940 COMP
0x00015980 COMP
0x000159c0 COMP
0x00015a00 COMP
0x00015a40 COMP
0x00015a80 COMP
0x00015ac0 COMP
0x00015b00 COMP
0x00015b40 COMP
0x00015b80 COMP
0x00015bc0 COMP
READRES
0x00016000 G_ACT0
0x08016000 G_ACT1
0x00016000 COMP
0x00016040 COMP
0x00016080 COMP
0x000160c0 COMP
0x00016100 COMP
0x00016140 COMP
0x00016180 COMP
0x000161c0 COMP
0x00016200 COMP
0x00016240 COMP
0x00016280 COMP
0x000162c0 COMP
0x00016300 COMP
0x00016340 COMP
0x00016380 COMP
0x000163c0 COMP
READRES
0x00016800 G_ACT0
0x08016800 G_ACT1
0x00016800 COMP
0x00016840 COMP
0x00016880 COMP
0x000168c0 COMP
0x00016900 COMP
0x00016940 COMP
0x00016980 COMP
0x000169c0 COMP
0x00016a00 COMP
0x00016a40 COMP
0x00016a80 COMP
0x00016ac0 COMP
0x00016b00 COMP
0x00016b40 COMP
0x00016b80 COMP
0x00016bc0 COMP
READRES
0x00017000 G_ACT0
0x08017000 G_ACT1
0x00017000 COMP
0x00017040 COMP
0x00017080 COMP
0x000170c0 COMP
0x00017100 COMP
0x00017140 COMP
0x00017180 COMP
0x000171c0 COMP
0x00017200 COMP
0x00017240 COMP
0x00017280 COMP
0x000172c0 COMP
0x00017300 COMP
0x00017340 COMP
0x00017380 COMP
0x000173c0 COMP
READRES
0x00017800 G_ACT0
0x08017800 G_ACT1
0x00017800 COMP
0x00017840 COMP
0x00017880 COMP
0x000178c0 COMP
0x00017900 COMP
0x00017940 COMP
0x00017980 COMP
0x000179c0 COMP
0x00017a00 COMP
0x00017a40 COMP
0x00017a80 COMP
0x00017ac0 COMP
0x00017b00 COMP
0x00017b40 COMP
0x00017b80 COMP
0x00017bc0 COMP
READRES
0x00018000 G_ACT0
0x08018000 G_ACT1
0x00018000 COMP
0x00018040 COMP
0x00018080 COMP
0x000180c0 COMP
0x00018100 COMP
0x00018140 COMP
0x00018180 COMP
0x000181c0 COMP
0x00018200 COMP
0x00018240 COMP
0x00018280 COMP
0x000182c0 COMP
0x00018300 COMP
0x00018340 COMP
0x00018380 COMP
0x000183c0 COMP
READRES
0x00018800 G_ACT0
0x08018800 G_ACT1
0x00018800 COMP
0x00018840 COMP
0x00018880 COMP
0x000188c0 COMP
0x00018900 COMP
0x00018940 COMP
0x00018980 COMP
0x000189c0 COMP
0x00018a00 COMP
0x00018a40 COMP
0x00018a80 COMP
0x00018ac0 COMP
0x00018b00 COMP
0x00018b40 COMP
0x00018b80 COMP
0x00018bc0 COMP
READRES
0x00019000 G_ACT0
0x08019000 G_ACT1
0x00019000 COMP
0x00019040 COMP
0x00019080 COMP
0x000190c0 COMP
0x00019100 COMP
0x00019140 COMP
0x00019180 COMP
0x000191c0 COMP
0x00019200 COMP
0x00019240 COMP
0x00019280 COMP
0x000192c0 COMP
0x00019300 COMP
0x00019340 COMP
0x00019380 COMP
0x000193c0 COMP
READRES
0x00019800 G_ACT0
0x08019800 G_ACT1
0x00019800 COMP
0x00019840 COMP
0x00019880 COMP
0x000198c0 COMP
0x00019900 COMP
0x00019940 COMP
0x00019980 COMP
0x000199c0 COMP
0x00019a00 COMP
0x00019a40 COMP
0x00019a80 COMP
0x00019ac0 COMP
0x00019b00 COMP
0x00019b40 COMP
0x00019b80 COMP
0x00019bc0 COMP
READRES
0x0001a000 G_ACT0
0x0801a000 G_ACT1
0x0001a000 COMP
0x0001a040 COMP
0x0001a080 COMP
0x0001a0c0 COMP
0x0001a100 COMP
0x0001a140 COMP
0x0001a180 COMP
0x0001a1c0 COMP
0x0001a200 COMP
0x0001a240 COMP
0x0001a280 COMP
0x0001a2c0 COMP
0x0001a300 COMP
0x0001a340 COMP
0x0001a380 COMP
0x0001a3c0 COMP
READRES
0x0001a800 G_ACT0
0x0801a800 G_ACT1
0x0001a800 COMP
0x0001a840 COMP
0x0001a880 COMP
0x0001a8c0 COMP
0x0001a900 COMP
0x0001a940 COMP
0x0001a980 COMP
0x0001a9c0 COMP
0x0001aa00 COMP
0x0001aa40 COMP
0x0001aa80 COMP
0x0001aac0 COMP
0x0001ab00 COMP
0x0001ab40 COMP
0x0001ab80 COMP
0x0001abc0 COMP
READRES
0x0001b000 G_ACT0
0x0801b000 G_ACT1
0x0001b000 COMP
0x0001b040 COMP
0x0001b080 COMP
0x0001b0c0 COMP
0x0001b100 COMP
0x0001b140 COMP
0x0001b180 COMP
0x0001b1c0 COMP
0x0001b200 COMP
0x0001b240 COMP
0x0001b280 COMP
0x0001b2c0 COMP
0x0001b300 COMP
0x0001b340 COMP
0x0001b380 COMP
0x0001b3c0 COMP
READRES
0x0001b800 G_ACT0
0x0801b800 G_ACT1
0x0001b800 COMP
0x0001b840 COMP
0x0001b880 COMP
0x0001b8c0 COMP
0x0001b900 COMP
0x0001b940 COMP
0x0001b980 COMP
0x0001b9c0 COMP
0x0001ba00 COMP
0x0001ba40 COMP
0x0001ba80 COMP
0x0001bac0 COMP
0x0001bb00 COMP
0x0001bb40 COMP
0x0001bb80 COMP
0x0001bbc0 COMP
READRES
0x0001c000 G_ACT0
0x0801c000 G_ACT1
0x0001c000 COMP
0x0001c040 COMP
0x0001c080 COMP
0x0001c0c0 COMP
0x0001c100 COMP
0x0001c140 COMP
0x0001c180 COMP
0x0001c1c0 COMP
0x0001c200 COMP
0x0001c240 COMP
0x0001c280 COMP
0x0001c2c0 COMP
0x0001c300 COMP
0x0001c340 COMP
0x0001c380 COMP
0x0001c3c0 COMP
READRES
0x0001c800 G_ACT0
0x0801c800 G_ACT1
0x0001c800 COMP
0x0001c840 COMP
0x0001c880 COMP
0x0001c8c0 COMP
0x0001c900 COMP
0x0001c940 COMP
0x0001c980 COMP
0x0001c9c0 COMP
0x0001ca00 COMP
0x0001ca40 COMP
0x0001ca80 COMP
0x0001cac0 COMP
0x0001cb00 COMP
0x0001cb40 COMP
0x0001cb80 COMP
0x0001cbc0 COMP
READRES
0x0001d000 G_ACT0
0x0801d000 G_ACT1
0x0001d000 COMP
0x0001d040 COMP
0x0001d080 COMP
0x0001d0c0 COMP
0x0001d100 COMP
0x0001d140 COMP
0x0001d180 COMP
0x0001d1c0 COMP
0x0001d200 COMP
0x0001d240 COMP
0x0001d280 COMP
0x0001d2c0 COMP
0x0001d300 COMP
0x0001d340 COMP
0x0001d380 COMP
0x0001d3c0 COMP
READRES
0x0001d800 G_ACT0
0x0801d800 G_ACT1
0x0001d800 COMP
0x0001d840 COMP
0x0001d880 COMP
0x0001d8c0 COMP
0x0001d900 COMP
0x0001d940 COMP
0x0001d980 COMP
0x0001d9c0 COMP
0x0001da00 COMP
0x0001da40 COMP
0x0001da80 COMP
0x0001dac0 COMP
0x0001db00 COMP
0x0001db40 COMP
0x0001db80 COMP
0x0001dbc0 COMP
READRES
0x0001e000 G_ACT0
0x0801e000 G_ACT1
0x0001e000 COMP
0x0001e040 COMP
0x0001e080 COMP
0x0001e0c0 COMP
0x0001e100 COMP
0x0001e140 COMP
0x0001e180 COMP
0x0001e1c0 COMP
0x0001e200 COMP
0x0001e240 COMP
0x0001e280 COMP
0x0001e2c0 COMP
0x0001e300 COMP
0x0001e340 COMP
0x0001e380 COMP
0x0001e3c0 COMP
READRES
0x0001e800 G_ACT0
0x0801e800 G_ACT1
0x0001e800 COMP
0x0001e840 COMP
0x0001e880 COMP
0x0001e8c0 COMP
0x0001e900 COMP
0x0001e940 COMP
0x0001e980 COMP
0x0001e9c0 COMP
0x0001ea00 COMP
0x0001ea40 COMP
0x0001ea80 COMP
0x0001eac0 COMP
0x0001eb00 COMP
0x0001eb40 COMP
0x0001eb80 COMP
0x0001ebc0 COMP
READRES
0x0001f000 G_ACT0
0x0801f000 G_ACT1
0x0001f000 COMP
0x0001f040 COMP
0x0001f080 COMP
0x0001f0c0 COMP
0x0001f100 COMP
0x0001f140 COMP
0x0001f180 COMP
0x0001f1c0 COMP
0x0001f200 COMP
0x0001f240 COMP
0x0001f280 COMP
0x0001f2c0 COMP
0x0001f300 COMP
0x0001f340 COMP
0x0001f380 COMP
0x0001f3c0 COMP
READRES
0x0001f800 G_ACT0
0x0801f800 G_ACT1
0x0001f800 COMP
0x0001f840 COMP
0x0001f880 COMP
0x0001f8c0 COMP
0x0001f900 COMP
0x0001f940 COMP
0x0001f980 COMP
0x0001f9c0 COMP
0x0001fa00 COMP
0x0001fa40 COMP
0x0001fa80 COMP
0x0001fac0 COMP
0x0001fb00 COMP
0x0001fb40 COMP
0x0001fb80 COMP
0x0001fbc0 COMP
READRES
0x00020000 G_ACT0
0x08020000 G_ACT1
0x00020000 COMP
0x00020040 COMP
0x00020080 COMP
0x000200c0 COMP
0x00020100 COMP
0x00020140 COMP
0x00020180 COMP
0x000201c0 COMP
0x00020200 COMP
0x00020240 COMP
0x00020280 COMP
0x000202c0 COMP
0x00020300 COMP
0x00020340 COMP
0x00020380 COMP
0x000203c0 COMP
READRES
0x00020800 G_ACT0
0x08020800 G_ACT1
0x00020800 COMP
0x00020840 COMP
0x00020880 COMP
0x000208c0 COMP
0x00020900 COMP
0x00020940 COMP
0x00020980 COMP
0x000209c0 COMP
0x00020a00 COMP
0x00020a40 COMP
0x00020a80 COMP
0x00020ac0 COMP
0x00020b00 COMP
0x00020b40 COMP
0x00020b80 COMP
0x00020bc0 COMP
READRES
0x00021000 G_ACT0
0x08021000 G_ACT1
0x00021000 COMP
0x00021040 COMP
0x00021080 COMP
0x000210c0 COMP
0x00021100 COMP
0x00021140 COMP
0x00021180 COMP
0x000211c0 COMP
0x00021200 COMP
0x00021240 COMP
0x00021280 COMP
0x000212c0 COMP
0x00021300 COMP
0x00021340 COMP
0x00021380 COMP
0x000213c0 COMP
READRES
0x00021800 G_ACT0
0x08021800 G_ACT1
0x00021800 COMP
0x00021840 COMP
0x00021880 COMP
0x000218c0 COMP
0x00021900 COMP
0x00021940 COMP
0x00021980 COMP
0x000219c0 COMP
0x00021a00 COMP
0x00021a40 COMP
0x00021a80 COMP
0x00021ac0 COMP
0x00021b00 COMP
0x00021b40 COMP
0x00021b80 COMP
0x00021bc0 COMP
READRES
0x00022000 G_ACT0
0x08022000 G_ACT1
0x00022000 COMP
0x00022040 COMP
0x00022080 COMP
0x000220c0 COMP
0x00022100 COMP
0x00022140 COMP
0x00022180 COMP
0x000221c0 COMP
0x00022200 COMP
0x00022240 COMP
0x00022280 COMP
0x000222c0 COMP
0x00022300 COMP
0x00022340 COMP
0x00022380 COMP
0x000223c0 COMP
READRES
0x00022800 G_ACT0
0x08022800 G_ACT1
0x00022800 COMP
0x00022840 COMP
0x00022880 COMP
0x000228c0 COMP
0x00022900 COMP
0x00022940 COMP
0x00022980 COMP
0x000229c0 COMP
0x00022a00 COMP
0x00022a40 COMP
0x00022a80 COMP
0x00022ac0 COMP
0x00022b00 COMP
0x00022b40 COMP
0x00022b80 COMP
0x00022bc0 COMP
READRES
0x00023000 G_ACT0
0x08023000 G_ACT1
0x00023000 COMP
0x00023040 COMP
0x00023080 COMP
0x000230c0 COMP
0x00023100 COMP
0x00023140 COMP
0x00023180 COMP
0x000231c0 COMP
0x00023200 COMP
0x00023240 COMP
0x00023280 COMP
0x000232c0 COMP
0x00023300 COMP
0x00023340 COMP
0x00023380 COMP
0x000233c0 COMP
READRES
0x00023800 G_ACT0
0x08023800 G_ACT1
0x00023800 COMP
0x00023840 COMP
0x00023880 COMP
0x000238c0 COMP
0x00023900 COMP
0x00023940 COMP
0x00023980 COMP
0x000239c0 COMP
0x00023a00 COMP
0x00023a40 COMP
0x00023a80 COMP
0x00023ac0 COMP
0x00023b00 COMP
0x00023b40 COMP
0x00023b80 COMP
0x00023bc0 COMP
READRES
0x00024000 G_ACT0
0x08024000 G_ACT1
0x00024000 COMP
0x00024040 COMP
0x00024080 COMP
0x000240c0 COMP
0x00024100 COMP
0x00024140 COMP
0x00024180 COMP
0x000241c0 COMP
0x00024200 COMP
0x00024240 COMP
0x00024280 COMP
0x000242c0 COMP
0x00024300 COMP
0x00024340 COMP
0x00024380 COMP
0x000243c0 COMP
READRES
0x00024800 G_ACT0
0x08024800 G_ACT1
0x00024800 COMP
0x00024840 COMP
0x00024880 COMP
0x000248c0 COMP
0x00024900 COMP
0x00024940 COMP
0x00024980 COMP
0x000249c0 COMP
0x00024a00 COMP
0x00024a40 COMP
0x00024a80 COMP
0x00024ac0 COMP
0x00024b00 COMP
0x00024b40 COMP
0x00024b80 COMP
0x00024bc0 COMP
READRES
0x00025000 G_ACT0
0x08025000 G_ACT1
0x00025000 COMP
0x00025040 COMP
0x00025080 COMP
0x000250c0 COMP
0x00025100 COMP
0x00025140 COMP
0x00025180 COMP
0x000251c0 COMP
0x00025200 COMP
0x00025240 COMP
0x00025280 COMP
0x000252c0 COMP
0x00025300 COMP
0x00025340 COMP
0x00025380 COMP
0x000253c0 COMP
READRES
0x00025800 G_ACT0
0x08025800 G_ACT1
0x00025800 COMP
0x00025840 COMP
0x00025880 COMP
0x000258c0 COMP
0x00025900 COMP
0x00025940 COMP
0x00025980 COMP
0x000259c0 COMP
0x00025a00 COMP
0x00025a40 COMP
0x00025a80 COMP
0x00025ac0 COMP
0x00025b00 COMP
0x00025b40 COMP
0x00025b80 COMP
0x00025bc0 COMP
READRES
0x00026000 G_ACT0
0x08026000 G_ACT1
0x00026000 COMP
0x00026040 COMP
0x00026080 COMP
0x000260c0 COMP
0x00026100 COMP
0x00026140 COMP
0x00026180 COMP
0x000261c0 COMP
0x00026200 COMP
0x00026240 COMP
0x00026280 COMP
0x000262c0 COMP
0x00026300 COMP
0x00026340 COMP
0x00026380 COMP
0x000263c0 COMP
READRES
0x00026800 G_ACT0
0x08026800 G_ACT1
0x00026800 COMP
0x00026840 COMP
0x00026880 COMP
0x000268c0 COMP
0x00026900 COMP
0x00026940 COMP
0x00026980 COMP
0x000269c0 COMP
0x00026a00 COMP
0x00026a40 COMP
0x00026a80 COMP
0x00026ac0 COMP
0x00026b00 COMP
0x00026b40 COMP
0x00026b80 COMP
0x00026bc0 COMP
READRES
0x00027000 G_ACT0
0x08027000 G_ACT1
0x00027000 COMP
0x00027040 COMP
0x00027080 COMP
0x000270c0 COMP
0x00027100 COMP
0x00027140 COMP
0x00027180 COMP
0x000271c0 COMP
0x00027200 COMP
0x00027240 COMP
0x00027280 COMP
0x000272c0 COMP
0x00027300 COMP
0x00027340 COMP
0x00027380 COMP
0x000273c0 COMP
READRES
0x00027800 G_ACT0
0x08027800 G_ACT1
0x00027800 COMP
0x00027840 COMP
0x00027880 COMP
0x000278c0 COMP
0x00027900 COMP
0x00027940 COMP
0x00027980 COMP
0x000279c0 COMP
0x00027a00 COMP
0x00027a40 COMP
0x00027a80 COMP
0x00027ac0 COMP
0x00027b00 COMP
0x00027b40 COMP
0x00027b80 COMP
0x00027bc0 COMP
READRES
0x00028000 G_ACT0
0x08028000 G_ACT1
0x00028000 COMP
0x00028040 COMP
0x00028080 COMP
0x000280c0 COMP
0x00028100 COMP
0x00028140 COMP
0x00028180 COMP
0x000281c0 COMP
0x00028200 COMP
0x00028240 COMP
0x00028280 COMP
0x000282c0 COMP
0x00028300 COMP
0x00028340 COMP
0x00028380 COMP
0x000283c0 COMP
READRES
0x00028800 G_ACT0
0x08028800 G_ACT1
0x00028800 COMP
0x00028840 COMP
0x00028880 COMP
0x000288c0 COMP
0x00028900 COMP
0x00028940 COMP
0x00028980 COMP
0x000289c0 COMP
0x00028a00 COMP
0x00028a40 COMP
0x00028a80 COMP
0x00028ac0 COMP
0x00028b00 COMP
0x00028b40 COMP
0x00028b80 COMP
0x00028bc0 COMP
READRES
0x00029000 G_ACT0
0x08029000 G_ACT1
0x00029000 COMP
0x00029040 COMP
0x00029080 COMP
0x000290c0 COMP
0x00029100 COMP
0x00029140 COMP
0x00029180 COMP
0x000291c0 COMP
0x00029200 COMP
0x00029240 COMP
0x00029280 COMP
0x000292c0 COMP
0x00029300 COMP
0x00029340 COMP
0x00029380 COMP
0x000293c0 COMP
READRES
0x00029800 G_ACT0
0x08029800 G_ACT1
0x00029800 COMP
0x00029840 COMP
0x00029880 COMP
0x000298c0 COMP
0x00029900 COMP
0x00029940 COMP
0x00029980 COMP
0x000299c0 COMP
0x00029a00 COMP
0x00029a40 COMP
0x00029a80 COMP
0x00029ac0 COMP
0x00029b00 COMP
0x00029b40 COMP
0x00029b80 COMP
0x00029bc0 COMP
READRES
0x0002a000 G_ACT0
0x0802a000 G_ACT1
0x0002a000 COMP
0x0002a040 COMP
0x0002a080 COMP
0x0002a0c0 COMP
0x0002a100 COMP
0x0002a140 COMP
0x0002a180 COMP
0x0002a1c0 COMP
0x0002a200 COMP
0x0002a240 COMP
0x0002a280 COMP
0x0002a2c0 COMP
0x0002a300 COMP
0x0002a340 COMP
0x0002a380 COMP
0x0002a3c0 COMP
READRES
0x0002a800 G_ACT0
0x0802a800 G_ACT1
0x0002a800 COMP
0x0002a840 COMP
0x0002a880 COMP
0x0002a8c0 COMP
0x0002a900 COMP
0x0002a940 COMP
0x0002a980 COMP
0x0002a9c0 COMP
0x0002aa00 COMP
0x0002aa40 COMP
0x0002aa80 COMP
0x0002aac0 COMP
0x0002ab00 COMP
0x0002ab40 COMP
0x0002ab80 COMP
0x0002abc0 COMP
READRES
0x0002b000 G_ACT0
0x0802b000 G_ACT1
0x0002b000 COMP
0x0002b040 COMP
0x0002b080 COMP
0x0002b0c0 COMP
0x0002b100 COMP
0x0002b140 COMP
0x0002b180 COMP
0x0002b1c0 COMP
0x0002b200 COMP
0x0002b240 COMP
0x0002b280 COMP
0x0002b2c0 COMP
0x0002b300 COMP
0x0002b340 COMP
0x0002b380 COMP
0x0002b3c0 COMP
READRES
0x0002b800 G_ACT0
0x0802b800 G_ACT1
0x0002b800 COMP
0x0002b840 COMP
0x0002b880 COMP
0x0002b8c0 COMP
0x0002b900 COMP
0x0002b940 COMP
0x0002b980 COMP
0x0002b9c0 COMP
0x0002ba00 COMP
0x0002ba40 COMP
0x0002ba80 COMP
0x0002bac0 COMP
0x0002bb00 COMP
0x0002bb40 COMP
0x0002bb80 COMP
0x0002bbc0 COMP
READRES
0x0002c000 G_ACT0
0x0802c000 G_ACT1
0x0002c000 COMP
0x0002c040 COMP
0x0002c080 COMP
0x0002c0c0 COMP
0x0002c100 COMP
0x0002c140 COMP
0x0002c180 COMP
0x0002c1c0 COMP
0x0002c200 COMP
0x0002c240 COMP
0x0002c280 COMP
0x0002c2c0 COMP
0x0002c300 COMP
0x0002c340 COMP
0x0002c380 COMP
0x0002c3c0 COMP
READRES
0x0002c800 G_ACT0
0x0802c800 G_ACT1
0x0002c800 COMP
0x0002c840 COMP
0x0002c880 COMP
0x0002c8c0 COMP
0x0002c900 COMP
0x0002c940 COMP
0x0002c980 COMP
0x0002c9c0 COMP
0x0002ca00 COMP
0x0002ca40 COMP
0x0002ca80 COMP
0x0002cac0 COMP
0x0002cb00 COMP
0x0002cb40 COMP
0x0002cb80 COMP
0x0002cbc0 COMP
READRES
0x0002d000 G_ACT0
0x0802d000 G_ACT1
0x0002d000 COMP
0x0002d040 COMP
0x0002d080 COMP
0x0002d0c0 COMP
0x0002d100 COMP
0x0002d140 COMP
0x0002d180 COMP
0x0002d1c0 COMP
0x0002d200 COMP
0x0002d240 COMP
0x0002d280 COMP
0x0002d2c0 COMP
0x0002d300 COMP
0x0002d340 COMP
0x0002d380 COMP
0x0002d3c0 COMP
READRES
0x0002d800 G_ACT0
0x0802d800 G_ACT1
0x0002d800 COMP
0x0002d840 COMP
0x0002d880 COMP
0x0002d8c0 COMP
0x0002d900 COMP
0x0002d940 COMP
0x0002d980 COMP
0x0002d9c0 COMP
0x0002da00 COMP
0x0002da40 COMP
0x0002da80 COMP
0x0002dac0 COMP
0x0002db00 COMP
0x0002db40 COMP
0x0002db80 COMP
0x0002dbc0 COMP
READRES
0x0002e000 G_ACT0
0x0802e000 G_ACT1
0x0002e000 COMP
0x0002e040 COMP
0x0002e080 COMP
0x0002e0c0 COMP
0x0002e100 COMP
0x0002e140 COMP
0x0002e180 COMP
0x0002e1c0 COMP
0x0002e200 COMP
0x0002e240 COMP
0x0002e280 COMP
0x0002e2c0 COMP
0x0002e300 COMP
0x0002e340 COMP
0x0002e380 COMP
0x0002e3c0 COMP
READRES
0x0002e800 G_ACT0
0x0802e800 G_ACT1
0x0002e800 COMP
0x0002e840 COMP
0x0002e880 COMP
0x0002e8c0 COMP
0x0002e900 COMP
0x0002e940 COMP
0x0002e980 COMP
0x0002e9c0 COMP
0x0002ea00 COMP
0x0002ea40 COMP
0x0002ea80 COMP
0x0002eac0 COMP
0x0002eb00 COMP
0x0002eb40 COMP
0x0002eb80 COMP
0x0002ebc0 COMP
READRES
0x0002f000 G_ACT0
0x0802f000 G_ACT1
0x0002f000 COMP
0x0002f040 COMP
0x0002f080 COMP
0x0002f0c0 COMP
0x0002f100 COMP
0x0002f140 COMP
0x0002f180 COMP
0x0002f1c0 COMP
0x0002f200 COMP
0x0002f240 COMP
0x0002f280 COMP
0x0002f2c0 COMP
0x0002f300 COMP
0x0002f340 COMP
0x0002f380 COMP
0x0002f3c0 COMP
READRES
0x0002f800 G_ACT0
0x0802f800 G_ACT1
0x0002f800 COMP
0x0002f840 COMP
0x0002f880 COMP
0x0002f8c0 COMP
0x0002f900 COMP
0x0002f940 COMP
0x0002f980 COMP
0x0002f9c0 COMP
0x0002fa00 COMP
0x0002fa40 COMP
0x0002fa80 COMP
0x0002fac0 COMP
0x0002fb00 COMP
0x0002fb40 COMP
0x0002fb80 COMP
0x0002fbc0 COMP
READRES
0x00030000 G_ACT0
0x08030000 G_ACT1
0x00030000 COMP
0x00030040 COMP
0x00030080 COMP
0x000300c0 COMP
0x00030100 COMP
0x00030140 COMP
0x00030180 COMP
0x000301c0 COMP
0x00030200 COMP
0x00030240 COMP
0x00030280 COMP
0x000302c0 COMP
0x00030300 COMP
0x00030340 COMP
0x00030380 COMP
0x000303c0 COMP
READRES
0x00030800 G_ACT0
0x08030800 G_ACT1
0x00030800 COMP
0x00030840 COMP
0x00030880 COMP
0x000308c0 COMP
0x00030900 COMP
0x00030940 COMP
0x00030980 COMP
0x000309c0 COMP
0x00030a00 COMP
0x00030a40 COMP
0x00030a80 COMP
0x00030ac0 COMP
0x00030b00 COMP
0x00030b40 COMP
0x00030b80 COMP
0x00030bc0 COMP
READRES
0x00031000 G_ACT0
0x08031000 G_ACT1
0x00031000 COMP
0x00031040 COMP
0x00031080 COMP
0x000310c0 COMP
0x00031100 COMP
0x00031140 COMP
0x00031180 COMP
0x000311c0 COMP
0x00031200 COMP
0x00031240 COMP
0x00031280 COMP
0x000312c0 COMP
0x00031300 COMP
0x00031340 COMP
0x00031380 COMP
0x000313c0 COMP
READRES
0x00031800 G_ACT0
0x08031800 G_ACT1
0x00031800 COMP
0x00031840 COMP
0x00031880 COMP
0x000318c0 COMP
0x00031900 COMP
0x00031940 COMP
0x00031980 COMP
0x000319c0 COMP
0x00031a00 COMP
0x00031a40 COMP
0x00031a80 COMP
0x00031ac0 COMP
0x00031b00 COMP
0x00031b40 COMP
0x00031b80 COMP
0x00031bc0 COMP
READRES
0x00032000 G_ACT0
0x08032000 G_ACT1
0x00032000 COMP
0x00032040 COMP
0x00032080 COMP
0x000320c0 COMP
0x00032100 COMP
0x00032140 COMP
0x00032180 COMP
0x000321c0 COMP
0x00032200 COMP
0x00032240 COMP
0x00032280 COMP
0x000322c0 COMP
0x00032300 COMP
0x00032340 COMP
0x00032380 COMP
0x000323c0 COMP
READRES
0x00032800 G_ACT0
0x08032800 G_ACT1
0x00032800 COMP
0x00032840 COMP
0x00032880 COMP
0x000328c0 COMP
0x00032900 COMP
0x00032940 COMP
0x00032980 COMP
0x000329c0 COMP
0x00032a00 COMP
0x00032a40 COMP
0x00032a80 COMP
0x00032ac0 COMP
0x00032b00 COMP
0x00032b40 COMP
0x00032b80 COMP
0x00032bc0 COMP
READRES
0x00033000 G_ACT0
0x08033000 G_ACT1
0x00033000 COMP
0x00033040 COMP
0x00033080 COMP
0x000330c0 COMP
0x00033100 COMP
0x00033140 COMP
0x00033180 COMP
0x000331c0 COMP
0x00033200 COMP
0x00033240 COMP
0x00033280 COMP
0x000332c0 COMP
0x00033300 COMP
0x00033340 COMP
0x00033380 COMP
0x000333c0 COMP
READRES
0x00033800 G_ACT0
0x08033800 G_ACT1
0x00033800 COMP
0x00033840 COMP
0x00033880 COMP
0x000338c0 COMP
0x00033900 COMP
0x00033940 COMP
0x00033980 COMP
0x000339c0 COMP
0x00033a00 COMP
0x00033a40 COMP
0x00033a80 COMP
0x00033ac0 COMP
0x00033b00 COMP
0x00033b40 COMP
0x00033b80 COMP
0x00033bc0 COMP
READRES
0x00034000 G_ACT0
0x08034000 G_ACT1
0x00034000 COMP
0x00034040 COMP
0x00034080 COMP
0x000340c0 COMP
0x00034100 COMP
0x00034140 COMP
0x00034180 COMP
0x000341c0 COMP
0x00034200 COMP
0x00034240 COMP
0x00034280 COMP
0x000342c0 COMP
0x00034300 COMP
0x00034340 COMP
0x00034380 COMP
0x000343c0 COMP
READRES
0x00034800 G_ACT0
0x08034800 G_ACT1
0x00034800 COMP
0x00034840 COMP
0x00034880 COMP
0x000348c0 COMP
0x00034900 COMP
0x00034940 COMP
0x00034980 COMP
0x000349c0 COMP
0x00034a00 COMP
0x00034a40 COMP
0x00034a80 COMP
0x00034ac0 COMP
0x00034b00 COMP
0x00034b40 COMP
0x00034b80 COMP
0x00034bc0 COMP
READRES
0x00035000 G_ACT0
0x08035000 G_ACT1
0x00035000 COMP
0x00035040 COMP
0x00035080 COMP
0x000350c0 COMP
0x00035100 COMP
0x00035140 COMP
0x00035180 COMP
0x000351c0 COMP
0x00035200 COMP
0x00035240 COMP
0x00035280 COMP
0x000352c0 COMP
0x00035300 COMP
0x00035340 COMP
0x00035380 COMP
0x000353c0 COMP
READRES
0x00035800 G_ACT0
0x08035800 G_ACT1
0x00035800 COMP
0x00035840 COMP
0x00035880 COMP
0x000358c0 COMP
0x00035900 COMP
0x00035940 COMP
0x00035980 COMP
0x000359c0 COMP
0x00035a00 COMP
0x00035a40 COMP
0x00035a80 COMP
0x00035ac0 COMP
0x00035b00 COMP
0x00035b40 COMP
0x00035b80 COMP
0x00035bc0 COMP
READRES
0x00036000 G_ACT0
0x08036000 G_ACT1
0x00036000 COMP
0x00036040 COMP
0x00036080 COMP
0x000360c0 COMP
0x00036100 COMP
0x00036140 COMP
0x00036180 COMP
0x000361c0 COMP
0x00036200 COMP
0x00036240 COMP
0x00036280 COMP
0x000362c0 COMP
0x00036300 COMP
0x00036340 COMP
0x00036380 COMP
0x000363c0 COMP
READRES
0x00036800 G_ACT0
0x08036800 G_ACT1
0x00036800 COMP
0x00036840 COMP
0x00036880 COMP
0x000368c0 COMP
0x00036900 COMP
0x00036940 COMP
0x00036980 COMP
0x000369c0 COMP
0x00036a00 COMP
0x00036a40 COMP
0x00036a80 COMP
0x00036ac0 COMP
0x00036b00 COMP
0x00036b40 COMP
0x00036b80 COMP
0x00036bc0 COMP
READRES
0x00037000 G_ACT0
0x08037000 G_ACT1
0x00037000 COMP
0x00037040 COMP
0x00037080 COMP
0x000370c0 COMP
0x00037100 COMP
0x00037140 COMP
0x00037180 COMP
0x000371c0 COMP
0x00037200 COMP
0x00037240 COMP
0x00037280 COMP
0x000372c0 COMP
0x00037300 COMP
0x00037340 COMP
0x00037380 COMP
0x000373c0 COMP
READRES
0x00037800 G_ACT0
0x08037800 G_ACT1
0x00037800 COMP
0x00037840 COMP
0x00037880 COMP
0x000378c0 COMP
0x00037900 COMP
0x00037940 COMP
0x00037980 COMP
0x000379c0 COMP
0x00037a00 COMP
0x00037a40 COMP
0x00037a80 COMP
0x00037ac0 COMP
0x00037b00 COMP
0x00037b40 COMP
0x00037b80 COMP
0x00037bc0 COMP
READRES
0x00038000 G_ACT0
0x08038000 G_ACT1
0x00038000 COMP
0x00038040 COMP
0x00038080 COMP
0x000380c0 COMP
0x00038100 COMP
0x00038140 COMP
0x00038180 COMP
0x000381c0 COMP
0x00038200 COMP
0x00038240 COMP
0x00038280 COMP
0x000382c0 COMP
0x00038300 COMP
0x00038340 COMP
0x00038380 COMP
0x000383c0 COMP
READRES
0x00038800 G_ACT0
0x08038800 G_ACT1
0x00038800 COMP
0x00038840 COMP
0x00038880 COMP
0x000388c0 COMP
0x00038900 COMP
0x00038940 COMP
0x00038980 COMP
0x000389c0 COMP
0x00038a00 COMP
0x00038a40 COMP
0x00038a80 COMP
0x00038ac0 COMP
0x00038b00 COMP
0x00038b40 COMP
0x00038b80 COMP
0x00038bc0 COMP
READRES
0x00039000 G_ACT0
0x08039000 G_ACT1
0x00039000 COMP
0x00039040 COMP
0x00039080 COMP
0x000390c0 COMP
0x00039100 COMP
0x00039140 COMP
0x00039180 COMP
0x000391c0 COMP
0x00039200 COMP
0x00039240 COMP
0x00039280 COMP
0x000392c0 COMP
0x00039300 COMP
0x00039340 COMP
0x00039380 COMP
0x000393c0 COMP
READRES
0x00039800 G_ACT0
0x08039800 G_ACT1
0x00039800 COMP
0x00039840 COMP
0x00039880 COMP
0x000398c0 COMP
0x00039900 COMP
0x00039940 COMP
0x00039980 COMP
0x000399c0 COMP
0x00039a00 COMP
0x00039a40 COMP
0x00039a80 COMP
0x00039ac0 COMP
0x00039b00 COMP
0x00039b40 COMP
0x00039b80 COMP
0x00039bc0 COMP
READRES
0x0003a000 G_ACT0
0x0803a000 G_ACT1
0x0003a000 COMP
0x0003a040 COMP
0x0003a080 COMP
0x0003a0c0 COMP
0x0003a100 COMP
0x0003a140 COMP
0x0003a180 COMP
0x0003a1c0 COMP
0x0003a200 COMP
0x0003a240 COMP
0x0003a280 COMP
0x0003a2c0 COMP
0x0003a300 COMP
0x0003a340 COMP
0x0003a380 COMP
0x0003a3c0 COMP
READRES
0x0003a800 G_ACT0
0x0803a800 G_ACT1
0x0003a800 COMP
0x0003a840 COMP
0x0003a880 COMP
0x0003a8c0 COMP
0x0003a900 COMP
0x0003a940 COMP
0x0003a980 COMP
0x0003a9c0 COMP
0x0003aa00 COMP
0x0003aa40 COMP
0x0003aa80 COMP
0x0003aac0 COMP
0x0003ab00 COMP
0x0003ab40 COMP
0x0003ab80 COMP
0x0003abc0 COMP
READRES
0x0003b000 G_ACT0
0x0803b000 G_ACT1
0x0003b000 COMP
0x0003b040 COMP
0x0003b080 COMP
0x0003b0c0 COMP
0x0003b100 COMP
0x0003b140 COMP
0x0003b180 COMP
0x0003b1c0 COMP
0x0003b200 COMP
0x0003b240 COMP
0x0003b280 COMP
0x0003b2c0 COMP
0x0003b300 COMP
0x0003b340 COMP
0x0003b380 COMP
0x0003b3c0 COMP
READRES
0x0003b800 G_ACT0
0x0803b800 G_ACT1
0x0003b800 COMP
0x0003b840 COMP
0x0003b880 COMP
0x0003b8c0 COMP
0x0003b900 COMP
0x0003b940 COMP
0x0003b980 COMP
0x0003b9c0 COMP
0x0003ba00 COMP
0x0003ba40 COMP
0x0003ba80 COMP
0x0003bac0 COMP
0x0003bb00 COMP
0x0003bb40 COMP
0x0003bb80 COMP
0x0003bbc0 COMP
READRES
0x0003c000 G_ACT0
0x0803c000 G_ACT1
0x0003c000 COMP
0x0003c040 COMP
0x0003c080 COMP
0x0003c0c0 COMP
0x0003c100 COMP
0x0003c140 COMP
0x0003c180 COMP
0x0003c1c0 COMP
0x0003c200 COMP
0x0003c240 COMP
0x0003c280 COMP
0x0003c2c0 COMP
0x0003c300 COMP
0x0003c340 COMP
0x0003c380 COMP
0x0003c3c0 COMP
READRES
0x0003c800 G_ACT0
0x0803c800 G_ACT1
0x0003c800 COMP
0x0003c840 COMP
0x0003c880 COMP
0x0003c8c0 COMP
0x0003c900 COMP
0x0003c940 COMP
0x0003c980 COMP
0x0003c9c0 COMP
0x0003ca00 COMP
0x0003ca40 COMP
0x0003ca80 COMP
0x0003cac0 COMP
0x0003cb00 COMP
0x0003cb40 COMP
0x0003cb80 COMP
0x0003cbc0 COMP
READRES
0x0003d000 G_ACT0
0x0803d000 G_ACT1
0x0003d000 COMP
0x0003d040 COMP
0x0003d080 COMP
0x0003d0c0 COMP
0x0003d100 COMP
0x0003d140 COMP
0x0003d180 COMP
0x0003d1c0 COMP
0x0003d200 COMP
0x0003d240 COMP
0x0003d280 COMP
0x0003d2c0 COMP
0x0003d300 COMP
0x0003d340 COMP
0x0003d380 COMP
0x0003d3c0 COMP
READRES
0x0003d800 G_ACT0
0x0803d800 G_ACT1
0x0003d800 COMP
0x0003d840 COMP
0x0003d880 COMP
0x0003d8c0 COMP
0x0003d900 COMP
0x0003d940 COMP
0x0003d980 COMP
0x0003d9c0 COMP
0x0003da00 COMP
0x0003da40 COMP
0x0003da80 COMP
0x0003dac0 COMP
0x0003db00 COMP
0x0003db40 COMP
0x0003db80 COMP
0x0003dbc0 COMP
READRES
0x0003e000 G_ACT0
0x0803e000 G_ACT1
0x0003e000 COMP
0x0003e040 COMP
0x0003e080 COMP
0x0003e0c0 COMP
0x0003e100 COMP
0x0003e140 COMP
0x0003e180 COMP
0x0003e1c0 COMP
0x0003e200 COMP
0x0003e240 COMP
0x0003e280 COMP
0x0003e2c0 COMP
0x0003e300 COMP
0x0003e340 COMP
0x0003e380 COMP
0x0003e3c0 COMP
READRES
0x0003e800 G_ACT0
0x0803e800 G_ACT1
0x0003e800 COMP
0x0003e840 COMP
0x0003e880 COMP
0x0003e8c0 COMP
0x0003e900 COMP
0x0003e940 COMP
0x0003e980 COMP
0x0003e9c0 COMP
0x0003ea00 COMP
0x0003ea40 COMP
0x0003ea80 COMP
0x0003eac0 COMP
0x0003eb00 COMP
0x0003eb40 COMP
0x0003eb80 COMP
0x0003ebc0 COMP
READRES
0x0003f000 G_ACT0
0x0803f000 G_ACT1
0x0003f000 COMP
0x0003f040 COMP
0x0003f080 COMP
0x0003f0c0 COMP
0x0003f100 COMP
0x0003f140 COMP
0x0003f180 COMP
0x0003f1c0 COMP
0x0003f200 COMP
0x0003f240 COMP
0x0003f280 COMP
0x0003f2c0 COMP
0x0003f300 COMP
0x0003f340 COMP
0x0003f380 COMP
0x0003f3c0 COMP
READRES
0x0003f800 G_ACT0
0x0803f800 G_ACT1
0x0003f800 COMP
0x0003f840 COMP
0x0003f880 COMP
0x0003f8c0 COMP
0x0003f900 COMP
0x0003f940 COMP
0x0003f980 COMP
0x0003f9c0 COMP
0x0003fa00 COMP
0x0003fa40 COMP
0x0003fa80 COMP
0x0003fac0 COMP
0x0003fb00 COMP
0x0003fb40 COMP
0x0003fb80 COMP
0x0003fbc0 COMP
READRES
0x00040000 G_ACT0
0x08040000 G_ACT1
0x00040000 COMP
0x00040040 COMP
0x00040080 COMP
0x000400c0 COMP
0x00040100 COMP
0x00040140 COMP
0x00040180 COMP
0x000401c0 COMP
0x00040200 COMP
0x00040240 COMP
0x00040280 COMP
0x000402c0 COMP
0x00040300 COMP
0x00040340 COMP
0x00040380 COMP
0x000403c0 COMP
READRES
0x00040800 G_ACT0
0x08040800 G_ACT1
0x00040800 COMP
0x00040840 COMP
0x00040880 COMP
0x000408c0 COMP
0x00040900 COMP
0x00040940 COMP
0x00040980 COMP
0x000409c0 COMP
0x00040a00 COMP
0x00040a40 COMP
0x00040a80 COMP
0x00040ac0 COMP
0x00040b00 COMP
0x00040b40 COMP
0x00040b80 COMP
0x00040bc0 COMP
READRES
0x00041000 G_ACT0
0x08041000 G_ACT1
0x00041000 COMP
0x00041040 COMP
0x00041080 COMP
0x000410c0 COMP
0x00041100 COMP
0x00041140 COMP
0x00041180 COMP
0x000411c0 COMP
0x00041200 COMP
0x00041240 COMP
0x00041280 COMP
0x000412c0 COMP
0x00041300 COMP
0x00041340 COMP
0x00041380 COMP
0x000413c0 COMP
READRES
0x00041800 G_ACT0
0x08041800 G_ACT1
0x00041800 COMP
0x00041840 COMP
0x00041880 COMP
0x000418c0 COMP
0x00041900 COMP
0x00041940 COMP
0x00041980 COMP
0x000419c0 COMP
0x00041a00 COMP
0x00041a40 COMP
0x00041a80 COMP
0x00041ac0 COMP
0x00041b00 COMP
0x00041b40 COMP
0x00041b80 COMP
0x00041bc0 COMP
READRES
0x00042000 G_ACT0
0x08042000 G_ACT1
0x00042000 COMP
0x00042040 COMP
0x00042080 COMP
0x000420c0 COMP
0x00042100 COMP
0x00042140 COMP
0x00042180 COMP
0x000421c0 COMP
0x00042200 COMP
0x00042240 COMP
0x00042280 COMP
0x000422c0 COMP
0x00042300 COMP
0x00042340 COMP
0x00042380 COMP
0x000423c0 COMP
READRES
0x00042800 G_ACT0
0x08042800 G_ACT1
0x00042800 COMP
0x00042840 COMP
0x00042880 COMP
0x000428c0 COMP
0x00042900 COMP
0x00042940 COMP
0x00042980 COMP
0x000429c0 COMP
0x00042a00 COMP
0x00042a40 COMP
0x00042a80 COMP
0x00042ac0 COMP
0x00042b00 COMP
0x00042b40 COMP
0x00042b80 COMP
0x00042bc0 COMP
READRES
0x00043000 G_ACT0
0x08043000 G_ACT1
0x00043000 COMP
0x00043040 COMP
0x00043080 COMP
0x000430c0 COMP
0x00043100 COMP
0x00043140 COMP
0x00043180 COMP
0x000431c0 COMP
0x00043200 COMP
0x00043240 COMP
0x00043280 COMP
0x000432c0 COMP
0x00043300 COMP
0x00043340 COMP
0x00043380 COMP
0x000433c0 COMP
READRES
0x00043800 G_ACT0
0x08043800 G_ACT1
0x00043800 COMP
0x00043840 COMP
0x00043880 COMP
0x000438c0 COMP
0x00043900 COMP
0x00043940 COMP
0x00043980 COMP
0x000439c0 COMP
0x00043a00 COMP
0x00043a40 COMP
0x00043a80 COMP
0x00043ac0 COMP
0x00043b00 COMP
0x00043b40 COMP
0x00043b80 COMP
0x00043bc0 COMP
READRES
0x00044000 G_ACT0
0x08044000 G_ACT1
0x00044000 COMP
0x00044040 COMP
0x00044080 COMP
0x000440c0 COMP
0x00044100 COMP
0x00044140 COMP
0x00044180 COMP
0x000441c0 COMP
0x00044200 COMP
0x00044240 COMP
0x00044280 COMP
0x000442c0 COMP
0x00044300 COMP
0x00044340 COMP
0x00044380 COMP
0x000443c0 COMP
READRES
0x00044800 G_ACT0
0x08044800 G_ACT1
0x00044800 COMP
0x00044840 COMP
0x00044880 COMP
0x000448c0 COMP
0x00044900 COMP
0x00044940 COMP
0x00044980 COMP
0x000449c0 COMP
0x00044a00 COMP
0x00044a40 COMP
0x00044a80 COMP
0x00044ac0 COMP
0x00044b00 COMP
0x00044b40 COMP
0x00044b80 COMP
0x00044bc0 COMP
READRES
0x00045000 G_ACT0
0x08045000 G_ACT1
0x00045000 COMP
0x00045040 COMP
0x00045080 COMP
0x000450c0 COMP
0x00045100 COMP
0x00045140 COMP
0x00045180 COMP
0x000451c0 COMP
0x00045200 COMP
0x00045240 COMP
0x00045280 COMP
0x000452c0 COMP
0x00045300 COMP
0x00045340 COMP
0x00045380 COMP
0x000453c0 COMP
READRES
0x00045800 G_ACT0
0x08045800 G_ACT1
0x00045800 COMP
0x00045840 COMP
0x00045880 COMP
0x000458c0 COMP
0x00045900 COMP
0x00045940 COMP
0x00045980 COMP
0x000459c0 COMP
0x00045a00 COMP
0x00045a40 COMP
0x00045a80 COMP
0x00045ac0 COMP
0x00045b00 COMP
0x00045b40 COMP
0x00045b80 COMP
0x00045bc0 COMP
READRES
0x00046000 G_ACT0
0x08046000 G_ACT1
0x00046000 COMP
0x00046040 COMP
0x00046080 COMP
0x000460c0 COMP
0x00046100 COMP
0x00046140 COMP
0x00046180 COMP
0x000461c0 COMP
0x00046200 COMP
0x00046240 COMP
0x00046280 COMP
0x000462c0 COMP
0x00046300 COMP
0x00046340 COMP
0x00046380 COMP
0x000463c0 COMP
READRES
0x00046800 G_ACT0
0x08046800 G_ACT1
0x00046800 COMP
0x00046840 COMP
0x00046880 COMP
0x000468c0 COMP
0x00046900 COMP
0x00046940 COMP
0x00046980 COMP
0x000469c0 COMP
0x00046a00 COMP
0x00046a40 COMP
0x00046a80 COMP
0x00046ac0 COMP
0x00046b00 COMP
0x00046b40 COMP
0x00046b80 COMP
0x00046bc0 COMP
READRES
0x00047000 G_ACT0
0x08047000 G_ACT1
0x00047000 COMP
0x00047040 COMP
0x00047080 COMP
0x000470c0 COMP
0x00047100 COMP
0x00047140 COMP
0x00047180 COMP
0x000471c0 COMP
0x00047200 COMP
0x00047240 COMP
0x00047280 COMP
0x000472c0 COMP
0x00047300 COMP
0x00047340 COMP
0x00047380 COMP
0x000473c0 COMP
READRES
0x00047800 G_ACT0
0x08047800 G_ACT1
0x00047800 COMP
0x00047840 COMP
0x00047880 COMP
0x000478c0 COMP
0x00047900 COMP
0x00047940 COMP
0x00047980 COMP
0x000479c0 COMP
0x00047a00 COMP
0x00047a40 COMP
0x00047a80 COMP
0x00047ac0 COMP
0x00047b00 COMP
0x00047b40 COMP
0x00047b80 COMP
0x00047bc0 COMP
READRES
0x00048000 G_ACT0
0x08048000 G_ACT1
0x00048000 COMP
0x00048040 COMP
0x00048080 COMP
0x000480c0 COMP
0x00048100 COMP
0x00048140 COMP
0x00048180 COMP
0x000481c0 COMP
0x00048200 COMP
0x00048240 COMP
0x00048280 COMP
0x000482c0 COMP
0x00048300 COMP
0x00048340 COMP
0x00048380 COMP
0x000483c0 COMP
READRES
0x00048800 G_ACT0
0x08048800 G_ACT1
0x00048800 COMP
0x00048840 COMP
0x00048880 COMP
0x000488c0 COMP
0x00048900 COMP
0x00048940 COMP
0x00048980 COMP
0x000489c0 COMP
0x00048a00 COMP
0x00048a40 COMP
0x00048a80 COMP
0x00048ac0 COMP
0x00048b00 COMP
0x00048b40 COMP
0x00048b80 COMP
0x00048bc0 COMP
READRES
0x00049000 G_ACT0
0x08049000 G_ACT1
0x00049000 COMP
0x00049040 COMP
0x00049080 COMP
0x000490c0 COMP
0x00049100 COMP
0x00049140 COMP
0x00049180 COMP
0x000491c0 COMP
0x00049200 COMP
0x00049240 COMP
0x00049280 COMP
0x000492c0 COMP
0x00049300 COMP
0x00049340 COMP
0x00049380 COMP
0x000493c0 COMP
READRES
0x00049800 G_ACT0
0x08049800 G_ACT1
0x00049800 COMP
0x00049840 COMP
0x00049880 COMP
0x000498c0 COMP
0x00049900 COMP
0x00049940 COMP
0x00049980 COMP
0x000499c0 COMP
0x00049a00 COMP
0x00049a40 COMP
0x00049a80 COMP
0x00049ac0 COMP
0x00049b00 COMP
0x00049b40 COMP
0x00049b80 COMP
0x00049bc0 COMP
READRES
0x0004a000 G_ACT0
0x0804a000 G_ACT1
0x0004a000 COMP
0x0004a040 COMP
0x0004a080 COMP
0x0004a0c0 COMP
0x0004a100 COMP
0x0004a140 COMP
0x0004a180 COMP
0x0004a1c0 COMP
0x0004a200 COMP
0x0004a240 COMP
0x0004a280 COMP
0x0004a2c0 COMP
0x0004a300 COMP
0x0004a340 COMP
0x0004a380 COMP
0x0004a3c0 COMP
READRES
0x0004a800 G_ACT0
0x0804a800 G_ACT1
0x0004a800 COMP
0x0004a840 COMP
0x0004a880 COMP
0x0004a8c0 COMP
0x0004a900 COMP
0x0004a940 COMP
0x0004a980 COMP
0x0004a9c0 COMP
0x0004aa00 COMP
0x0004aa40 COMP
0x0004aa80 COMP
0x0004aac0 COMP
0x0004ab00 COMP
0x0004ab40 COMP
0x0004ab80 COMP
0x0004abc0 COMP
READRES
0x0004b000 G_ACT0
0x0804b000 G_ACT1
0x0004b000 COMP
0x0004b040 COMP
0x0004b080 COMP
0x0004b0c0 COMP
0x0004b100 COMP
0x0004b140 COMP
0x0004b180 COMP
0x0004b1c0 COMP
0x0004b200 COMP
0x0004b240 COMP
0x0004b280 COMP
0x0004b2c0 COMP
0x0004b300 COMP
0x0004b340 COMP
0x0004b380 COMP
0x0004b3c0 COMP
READRES
0x0004b800 G_ACT0
0x0804b800 G_ACT1
0x0004b800 COMP
0x0004b840 COMP
0x0004b880 COMP
0x0004b8c0 COMP
0x0004b900 COMP
0x0004b940 COMP
0x0004b980 COMP
0x0004b9c0 COMP
0x0004ba00 COMP
0x0004ba40 COMP
0x0004ba80 COMP
0x0004bac0 COMP
0x0004bb00 COMP
0x0004bb40 COMP
0x0004bb80 COMP
0x0004bbc0 COMP
READRES
0x0004c000 G_ACT0
0x0804c000 G_ACT1
0x0004c000 COMP
0x0004c040 COMP
0x0004c080 COMP
0x0004c0c0 COMP
0x0004c100 COMP
0x0004c140 COMP
0x0004c180 COMP
0x0004c1c0 COMP
0x0004c200 COMP
0x0004c240 COMP
0x0004c280 COMP
0x0004c2c0 COMP
0x0004c300 COMP
0x0004c340 COMP
0x0004c380 COMP
0x0004c3c0 COMP
READRES
0x0004c800 G_ACT0
0x0804c800 G_ACT1
0x0004c800 COMP
0x0004c840 COMP
0x0004c880 COMP
0x0004c8c0 COMP
0x0004c900 COMP
0x0004c940 COMP
0x0004c980 COMP
0x0004c9c0 COMP
0x0004ca00 COMP
0x0004ca40 COMP
0x0004ca80 COMP
0x0004cac0 COMP
0x0004cb00 COMP
0x0004cb40 COMP
0x0004cb80 COMP
0x0004cbc0 COMP
READRES
0x0004d000 G_ACT0
0x0804d000 G_ACT1
0x0004d000 COMP
0x0004d040 COMP
0x0004d080 COMP
0x0004d0c0 COMP
0x0004d100 COMP
0x0004d140 COMP
0x0004d180 COMP
0x0004d1c0 COMP
0x0004d200 COMP
0x0004d240 COMP
0x0004d280 COMP
0x0004d2c0 COMP
0x0004d300 COMP
0x0004d340 COMP
0x0004d380 COMP
0x0004d3c0 COMP
READRES
0x0004d800 G_ACT0
0x0804d800 G_ACT1
0x0004d800 COMP
0x0004d840 COMP
0x0004d880 COMP
0x0004d8c0 COMP
0x0004d900 COMP
0x0004d940 COMP
0x0004d980 COMP
0x0004d9c0 COMP
0x0004da00 COMP
0x0004da40 COMP
0x0004da80 COMP
0x0004dac0 COMP
0x0004db00 COMP
0x0004db40 COMP
0x0004db80 COMP
0x0004dbc0 COMP
READRES
0x0004e000 G_ACT0
0x0804e000 G_ACT1
0x0004e000 COMP
0x0004e040 COMP
0x0004e080 COMP
0x0004e0c0 COMP
0x0004e100 COMP
0x0004e140 COMP
0x0004e180 COMP
0x0004e1c0 COMP
0x0004e200 COMP
0x0004e240 COMP
0x0004e280 COMP
0x0004e2c0 COMP
0x0004e300 COMP
0x0004e340 COMP
0x0004e380 COMP
0x0004e3c0 COMP
READRES
0x0004e800 G_ACT0
0x0804e800 G_ACT1
0x0004e800 COMP
0x0004e840 COMP
0x0004e880 COMP
0x0004e8c0 COMP
0x0004e900 COMP
0x0004e940 COMP
0x0004e980 COMP
0x0004e9c0 COMP
0x0004ea00 COMP
0x0004ea40 COMP
0x0004ea80 COMP
0x0004eac0 COMP
0x0004eb00 COMP
0x0004eb40 COMP
0x0004eb80 COMP
0x0004ebc0 COMP
READRES
0x0004f000 G_ACT0
0x0804f000 G_ACT1
0x0004f000 COMP
0x0004f040 COMP
0x0004f080 COMP
0x0004f0c0 COMP
0x0004f100 COMP
0x0004f140 COMP
0x0004f180 COMP
0x0004f1c0 COMP
0x0004f200 COMP
0x0004f240 COMP
0x0004f280 COMP
0x0004f2c0 COMP
0x0004f300 COMP
0x0004f340 COMP
0x0004f380 COMP
0x0004f3c0 COMP
READRES
0x0004f800 G_ACT0
0x0804f800 G_ACT1
0x0004f800 COMP
0x0004f840 COMP
0x0004f880 COMP
0x0004f8c0 COMP
0x0004f900 COMP
0x0004f940 COMP
0x0004f980 COMP
0x0004f9c0 COMP
0x0004fa00 COMP
0x0004fa40 COMP
0x0004fa80 COMP
0x0004fac0 COMP
0x0004fb00 COMP
0x0004fb40 COMP
0x0004fb80 COMP
0x0004fbc0 COMP
READRES
0x00050000 G_ACT0
0x08050000 G_ACT1
0x00050000 COMP
0x00050040 COMP
0x00050080 COMP
0x000500c0 COMP
0x00050100 COMP
0x00050140 COMP
0x00050180 COMP
0x000501c0 COMP
0x00050200 COMP
0x00050240 COMP
0x00050280 COMP
0x000502c0 COMP
0x00050300 COMP
0x00050340 COMP
0x00050380 COMP
0x000503c0 COMP
READRES
0x00050800 G_ACT0
0x08050800 G_ACT1
0x00050800 COMP
0x00050840 COMP
0x00050880 COMP
0x000508c0 COMP
0x00050900 COMP
0x00050940 COMP
0x00050980 COMP
0x000509c0 COMP
0x00050a00 COMP
0x00050a40 COMP
0x00050a80 COMP
0x00050ac0 COMP
0x00050b00 COMP
0x00050b40 COMP
0x00050b80 COMP
0x00050bc0 COMP
READRES
0x00051000 G_ACT0
0x08051000 G_ACT1
0x00051000 COMP
0x00051040 COMP
0x00051080 COMP
0x000510c0 COMP
0x00051100 COMP
0x00051140 COMP
0x00051180 COMP
0x000511c0 COMP
0x00051200 COMP
0x00051240 COMP
0x00051280 COMP
0x000512c0 COMP
0x00051300 COMP
0x00051340 COMP
0x00051380 COMP
0x000513c0 COMP
READRES
0x00051800 G_ACT0
0x08051800 G_ACT1
0x00051800 COMP
0x00051840 COMP
0x00051880 COMP
0x000518c0 COMP
0x00051900 COMP
0x00051940 COMP
0x00051980 COMP
0x000519c0 COMP
0x00051a00 COMP
0x00051a40 COMP
0x00051a80 COMP
0x00051ac0 COMP
0x00051b00 COMP
0x00051b40 COMP
0x00051b80 COMP
0x00051bc0 COMP
READRES
0x00052000 G_ACT0
0x08052000 G_ACT1
0x00052000 COMP
0x00052040 COMP
0x00052080 COMP
0x000520c0 COMP
0x00052100 COMP
0x00052140 COMP
0x00052180 COMP
0x000521c0 COMP
0x00052200 COMP
0x00052240 COMP
0x00052280 COMP
0x000522c0 COMP
0x00052300 COMP
0x00052340 COMP
0x00052380 COMP
0x000523c0 COMP
READRES
0x00052800 G_ACT0
0x08052800 G_ACT1
0x00052800 COMP
0x00052840 COMP
0x00052880 COMP
0x000528c0 COMP
0x00052900 COMP
0x00052940 COMP
0x00052980 COMP
0x000529c0 COMP
0x00052a00 COMP
0x00052a40 COMP
0x00052a80 COMP
0x00052ac0 COMP
0x00052b00 COMP
0x00052b40 COMP
0x00052b80 COMP
0x00052bc0 COMP
READRES
0x00053000 G_ACT0
0x08053000 G_ACT1
0x00053000 COMP
0x00053040 COMP
0x00053080 COMP
0x000530c0 COMP
0x00053100 COMP
0x00053140 COMP
0x00053180 COMP
0x000531c0 COMP
0x00053200 COMP
0x00053240 COMP
0x00053280 COMP
0x000532c0 COMP
0x00053300 COMP
0x00053340 COMP
0x00053380 COMP
0x000533c0 COMP
READRES
0x00053800 G_ACT0
0x08053800 G_ACT1
0x00053800 COMP
0x00053840 COMP
0x00053880 COMP
0x000538c0 COMP
0x00053900 COMP
0x00053940 COMP
0x00053980 COMP
0x000539c0 COMP
0x00053a00 COMP
0x00053a40 COMP
0x00053a80 COMP
0x00053ac0 COMP
0x00053b00 COMP
0x00053b40 COMP
0x00053b80 COMP
0x00053bc0 COMP
READRES
0x00054000 G_ACT0
0x08054000 G_ACT1
0x00054000 COMP
0x00054040 COMP
0x00054080 COMP
0x000540c0 COMP
0x00054100 COMP
0x00054140 COMP
0x00054180 COMP
0x000541c0 COMP
0x00054200 COMP
0x00054240 COMP
0x00054280 COMP
0x000542c0 COMP
0x00054300 COMP
0x00054340 COMP
0x00054380 COMP
0x000543c0 COMP
READRES
0x00054800 G_ACT0
0x08054800 G_ACT1
0x00054800 COMP
0x00054840 COMP
0x00054880 COMP
0x000548c0 COMP
0x00054900 COMP
0x00054940 COMP
0x00054980 COMP
0x000549c0 COMP
0x00054a00 COMP
0x00054a40 COMP
0x00054a80 COMP
0x00054ac0 COMP
0x00054b00 COMP
0x00054b40 COMP
0x00054b80 COMP
0x00054bc0 COMP
READRES
0x00055000 G_ACT0
0x08055000 G_ACT1
0x00055000 COMP
0x00055040 COMP
0x00055080 COMP
0x000550c0 COMP
0x00055100 COMP
0x00055140 COMP
0x00055180 COMP
0x000551c0 COMP
0x00055200 COMP
0x00055240 COMP
0x00055280 COMP
0x000552c0 COMP
0x00055300 COMP
0x00055340 COMP
0x00055380 COMP
0x000553c0 COMP
READRES
0x00055800 G_ACT0
0x08055800 G_ACT1
0x00055800 COMP
0x00055840 COMP
0x00055880 COMP
0x000558c0 COMP
0x00055900 COMP
0x00055940 COMP
0x00055980 COMP
0x000559c0 COMP
0x00055a00 COMP
0x00055a40 COMP
0x00055a80 COMP
0x00055ac0 COMP
0x00055b00 COMP
0x00055b40 COMP
0x00055b80 COMP
0x00055bc0 COMP
READRES
0x00056000 G_ACT0
0x08056000 G_ACT1
0x00056000 COMP
0x00056040 COMP
0x00056080 COMP
0x000560c0 COMP
0x00056100 COMP
0x00056140 COMP
0x00056180 COMP
0x000561c0 COMP
0x00056200 COMP
0x00056240 COMP
0x00056280 COMP
0x000562c0 COMP
0x00056300 COMP
0x00056340 COMP
0x00056380 COMP
0x000563c0 COMP
READRES
0x00056800 G_ACT0
0x08056800 G_ACT1
0x00056800 COMP
0x00056840 COMP
0x00056880 COMP
0x000568c0 COMP
0x00056900 COMP
0x00056940 COMP
0x00056980 COMP
0x000569c0 COMP
0x00056a00 COMP
0x00056a40 COMP
0x00056a80 COMP
0x00056ac0 COMP
0x00056b00 COMP
0x00056b40 COMP
0x00056b80 COMP
0x00056bc0 COMP
READRES
0x00057000 G_ACT0
0x08057000 G_ACT1
0x00057000 COMP
0x00057040 COMP
0x00057080 COMP
0x000570c0 COMP
0x00057100 COMP
0x00057140 COMP
0x00057180 COMP
0x000571c0 COMP
0x00057200 COMP
0x00057240 COMP
0x00057280 COMP
0x000572c0 COMP
0x00057300 COMP
0x00057340 COMP
0x00057380 COMP
0x000573c0 COMP
READRES
0x00057800 G_ACT0
0x08057800 G_ACT1
0x00057800 COMP
0x00057840 COMP
0x00057880 COMP
0x000578c0 COMP
0x00057900 COMP
0x00057940 COMP
0x00057980 COMP
0x000579c0 COMP
0x00057a00 COMP
0x00057a40 COMP
0x00057a80 COMP
0x00057ac0 COMP
0x00057b00 COMP
0x00057b40 COMP
0x00057b80 COMP
0x00057bc0 COMP
READRES
0x00058000 G_ACT0
0x08058000 G_ACT1
0x00058000 COMP
0x00058040 COMP
0x00058080 COMP
0x000580c0 COMP
0x00058100 COMP
0x00058140 COMP
0x00058180 COMP
0x000581c0 COMP
0x00058200 COMP
0x00058240 COMP
0x00058280 COMP
0x000582c0 COMP
0x00058300 COMP
0x00058340 COMP
0x00058380 COMP
0x000583c0 COMP
READRES
0x00058800 G_ACT0
0x08058800 G_ACT1
0x00058800 COMP
0x00058840 COMP
0x00058880 COMP
0x000588c0 COMP
0x00058900 COMP
0x00058940 COMP
0x00058980 COMP
0x000589c0 COMP
0x00058a00 COMP
0x00058a40 COMP
0x00058a80 COMP
0x00058ac0 COMP
0x00058b00 COMP
0x00058b40 COMP
0x00058b80 COMP
0x00058bc0 COMP
READRES
0x00059000 G_ACT0
0x08059000 G_ACT1
0x00059000 COMP
0x00059040 COMP
0x00059080 COMP
0x000590c0 COMP
0x00059100 COMP
0x00059140 COMP
0x00059180 COMP
0x000591c0 COMP
0x00059200 COMP
0x00059240 COMP
0x00059280 COMP
0x000592c0 COMP
0x00059300 COMP
0x00059340 COMP
0x00059380 COMP
0x000593c0 COMP
READRES
0x00059800 G_ACT0
0x08059800 G_ACT1
0x00059800 COMP
0x00059840 COMP
0x00059880 COMP
0x000598c0 COMP
0x00059900 COMP
0x00059940 COMP
0x00059980 COMP
0x000599c0 COMP
0x00059a00 COMP
0x00059a40 COMP
0x00059a80 COMP
0x00059ac0 COMP
0x00059b00 COMP
0x00059b40 COMP
0x00059b80 COMP
0x00059bc0 COMP
READRES
0x0005a000 G_ACT0
0x0805a000 G_ACT1
0x0005a000 COMP
0x0005a040 COMP
0x0005a080 COMP
0x0005a0c0 COMP
0x0005a100 COMP
0x0005a140 COMP
0x0005a180 COMP
0x0005a1c0 COMP
0x0005a200 COMP
0x0005a240 COMP
0x0005a280 COMP
0x0005a2c0 COMP
0x0005a300 COMP
0x0005a340 COMP
0x0005a380 COMP
0x0005a3c0 COMP
READRES
0x0005a800 G_ACT0
0x0805a800 G_ACT1
0x0005a800 COMP
0x0005a840 COMP
0x0005a880 COMP
0x0005a8c0 COMP
0x0005a900 COMP
0x0005a940 COMP
0x0005a980 COMP
0x0005a9c0 COMP
0x0005aa00 COMP
0x0005aa40 COMP
0x0005aa80 COMP
0x0005aac0 COMP
0x0005ab00 COMP
0x0005ab40 COMP
0x0005ab80 COMP
0x0005abc0 COMP
READRES
0x0005b000 G_ACT0
0x0805b000 G_ACT1
0x0005b000 COMP
0x0005b040 COMP
0x0005b080 COMP
0x0005b0c0 COMP
0x0005b100 COMP
0x0005b140 COMP
0x0005b180 COMP
0x0005b1c0 COMP
0x0005b200 COMP
0x0005b240 COMP
0x0005b280 COMP
0x0005b2c0 COMP
0x0005b300 COMP
0x0005b340 COMP
0x0005b380 COMP
0x0005b3c0 COMP
READRES
0x0005b800 G_ACT0
0x0805b800 G_ACT1
0x0005b800 COMP
0x0005b840 COMP
0x0005b880 COMP
0x0005b8c0 COMP
0x0005b900 COMP
0x0005b940 COMP
0x0005b980 COMP
0x0005b9c0 COMP
0x0005ba00 COMP
0x0005ba40 COMP
0x0005ba80 COMP
0x0005bac0 COMP
0x0005bb00 COMP
0x0005bb40 COMP
0x0005bb80 COMP
0x0005bbc0 COMP
READRES
0x0005c000 G_ACT0
0x0805c000 G_ACT1
0x0005c000 COMP
0x0005c040 COMP
0x0005c080 COMP
0x0005c0c0 COMP
0x0005c100 COMP
0x0005c140 COMP
0x0005c180 COMP
0x0005c1c0 COMP
0x0005c200 COMP
0x0005c240 COMP
0x0005c280 COMP
0x0005c2c0 COMP
0x0005c300 COMP
0x0005c340 COMP
0x0005c380 COMP
0x0005c3c0 COMP
READRES
0x0005c800 G_ACT0
0x0805c800 G_ACT1
0x0005c800 COMP
0x0005c840 COMP
0x0005c880 COMP
0x0005c8c0 COMP
0x0005c900 COMP
0x0005c940 COMP
0x0005c980 COMP
0x0005c9c0 COMP
0x0005ca00 COMP
0x0005ca40 COMP
0x0005ca80 COMP
0x0005cac0 COMP
0x0005cb00 COMP
0x0005cb40 COMP
0x0005cb80 COMP
0x0005cbc0 COMP
READRES
0x0005d000 G_ACT0
0x0805d000 G_ACT1
0x0005d000 COMP
0x0005d040 COMP
0x0005d080 COMP
0x0005d0c0 COMP
0x0005d100 COMP
0x0005d140 COMP
0x0005d180 COMP
0x0005d1c0 COMP
0x0005d200 COMP
0x0005d240 COMP
0x0005d280 COMP
0x0005d2c0 COMP
0x0005d300 COMP
0x0005d340 COMP
0x0005d380 COMP
0x0005d3c0 COMP
READRES
0x0005d800 G_ACT0
0x0805d800 G_ACT1
0x0005d800 COMP
0x0005d840 COMP
0x0005d880 COMP
0x0005d8c0 COMP
0x0005d900 COMP
0x0005d940 COMP
0x0005d980 COMP
0x0005d9c0 COMP
0x0005da00 COMP
0x0005da40 COMP
0x0005da80 COMP
0x0005dac0 COMP
0x0005db00 COMP
0x0005db40 COMP
0x0005db80 COMP
0x0005dbc0 COMP
READRES
0x0005e000 G_ACT0
0x0805e000 G_ACT1
0x0005e000 COMP
0x0005e040 COMP
0x0005e080 COMP
0x0005e0c0 COMP
0x0005e100 COMP
0x0005e140 COMP
0x0005e180 COMP
0x0005e1c0 COMP
0x0005e200 COMP
0x0005e240 COMP
0x0005e280 COMP
0x0005e2c0 COMP
0x0005e300 COMP
0x0005e340 COMP
0x0005e380 COMP
0x0005e3c0 COMP
READRES
0x0005e800 G_ACT0
0x0805e800 G_ACT1
0x0005e800 COMP
0x0005e840 COMP
0x0005e880 COMP
0x0005e8c0 COMP
0x0005e900 COMP
0x0005e940 COMP
0x0005e980 COMP
0x0005e9c0 COMP
0x0005ea00 COMP
0x0005ea40 COMP
0x0005ea80 COMP
0x0005eac0 COMP
0x0005eb00 COMP
0x0005eb40 COMP
0x0005eb80 COMP
0x0005ebc0 COMP
READRES
0x0005f000 G_ACT0
0x0805f000 G_ACT1
0x0005f000 COMP
0x0005f040 COMP
0x0005f080 COMP
0x0005f0c0 COMP
0x0005f100 COMP
0x0005f140 COMP
0x0005f180 COMP
0x0005f1c0 COMP
0x0005f200 COMP
0x0005f240 COMP
0x0005f280 COMP
0x0005f2c0 COMP
0x0005f300 COMP
0x0005f340 COMP
0x0005f380 COMP
0x0005f3c0 COMP
READRES
0x0005f800 G_ACT0
0x0805f800 G_ACT1
0x0005f800 COMP
0x0005f840 COMP
0x0005f880 COMP
0x0005f8c0 COMP
0x0005f900 COMP
0x0005f940 COMP
0x0005f980 COMP
0x0005f9c0 COMP
0x0005fa00 COMP
0x0005fa40 COMP
0x0005fa80 COMP
0x0005fac0 COMP
0x0005fb00 COMP
0x0005fb40 COMP
0x0005fb80 COMP
0x0005fbc0 COMP
READRES
0x00060000 G_ACT0
0x08060000 G_ACT1
0x00060000 COMP
0x00060040 COMP
0x00060080 COMP
0x000600c0 COMP
0x00060100 COMP
0x00060140 COMP
0x00060180 COMP
0x000601c0 COMP
0x00060200 COMP
0x00060240 COMP
0x00060280 COMP
0x000602c0 COMP
0x00060300 COMP
0x00060340 COMP
0x00060380 COMP
0x000603c0 COMP
READRES
0x00060800 G_ACT0
0x08060800 G_ACT1
0x00060800 COMP
0x00060840 COMP
0x00060880 COMP
0x000608c0 COMP
0x00060900 COMP
0x00060940 COMP
0x00060980 COMP
0x000609c0 COMP
0x00060a00 COMP
0x00060a40 COMP
0x00060a80 COMP
0x00060ac0 COMP
0x00060b00 COMP
0x00060b40 COMP
0x00060b80 COMP
0x00060bc0 COMP
READRES
0x00061000 G_ACT0
0x08061000 G_ACT1
0x00061000 COMP
0x00061040 COMP
0x00061080 COMP
0x000610c0 COMP
0x00061100 COMP
0x00061140 COMP
0x00061180 COMP
0x000611c0 COMP
0x00061200 COMP
0x00061240 COMP
0x00061280 COMP
0x000612c0 COMP
0x00061300 COMP
0x00061340 COMP
0x00061380 COMP
0x000613c0 COMP
READRES
0x00061800 G_ACT0
0x08061800 G_ACT1
0x00061800 COMP
0x00061840 COMP
0x00061880 COMP
0x000618c0 COMP
0x00061900 COMP
0x00061940 COMP
0x00061980 COMP
0x000619c0 COMP
0x00061a00 COMP
0x00061a40 COMP
0x00061a80 COMP
0x00061ac0 COMP
0x00061b00 COMP
0x00061b40 COMP
0x00061b80 COMP
0x00061bc0 COMP
READRES
0x00062000 G_ACT0
0x08062000 G_ACT1
0x00062000 COMP
0x00062040 COMP
0x00062080 COMP
0x000620c0 COMP
0x00062100 COMP
0x00062140 COMP
0x00062180 COMP
0x000621c0 COMP
0x00062200 COMP
0x00062240 COMP
0x00062280 COMP
0x000622c0 COMP
0x00062300 COMP
0x00062340 COMP
0x00062380 COMP
0x000623c0 COMP
READRES
0x00062800 G_ACT0
0x08062800 G_ACT1
0x00062800 COMP
0x00062840 COMP
0x00062880 COMP
0x000628c0 COMP
0x00062900 COMP
0x00062940 COMP
0x00062980 COMP
0x000629c0 COMP
0x00062a00 COMP
0x00062a40 COMP
0x00062a80 COMP
0x00062ac0 COMP
0x00062b00 COMP
0x00062b40 COMP
0x00062b80 COMP
0x00062bc0 COMP
READRES
0x00063000 G_ACT0
0x08063000 G_ACT1
0x00063000 COMP
0x00063040 COMP
0x00063080 COMP
0x000630c0 COMP
0x00063100 COMP
0x00063140 COMP
0x00063180 COMP
0x000631c0 COMP
0x00063200 COMP
0x00063240 COMP
0x00063280 COMP
0x000632c0 COMP
0x00063300 COMP
0x00063340 COMP
0x00063380 COMP
0x000633c0 COMP
READRES
0x00063800 G_ACT0
0x08063800 G_ACT1
0x00063800 COMP
0x00063840 COMP
0x00063880 COMP
0x000638c0 COMP
0x00063900 COMP
0x00063940 COMP
0x00063980 COMP
0x000639c0 COMP
0x00063a00 COMP
0x00063a40 COMP
0x00063a80 COMP
0x00063ac0 COMP
0x00063b00 COMP
0x00063b40 COMP
0x00063b80 COMP
0x00063bc0 COMP
READRES
0x00064000 G_ACT0
0x08064000 G_ACT1
0x00064000 COMP
0x00064040 COMP
0x00064080 COMP
0x000640c0 COMP
0x00064100 COMP
0x00064140 COMP
0x00064180 COMP
0x000641c0 COMP
0x00064200 COMP
0x00064240 COMP
0x00064280 COMP
0x000642c0 COMP
0x00064300 COMP
0x00064340 COMP
0x00064380 COMP
0x000643c0 COMP
READRES
0x00064800 G_ACT0
0x08064800 G_ACT1
0x00064800 COMP
0x00064840 COMP
0x00064880 COMP
0x000648c0 COMP
0x00064900 COMP
0x00064940 COMP
0x00064980 COMP
0x000649c0 COMP
0x00064a00 COMP
0x00064a40 COMP
0x00064a80 COMP
0x00064ac0 COMP
0x00064b00 COMP
0x00064b40 COMP
0x00064b80 COMP
0x00064bc0 COMP
READRES
0x00065000 G_ACT0
0x08065000 G_ACT1
0x00065000 COMP
0x00065040 COMP
0x00065080 COMP
0x000650c0 COMP
0x00065100 COMP
0x00065140 COMP
0x00065180 COMP
0x000651c0 COMP
0x00065200 COMP
0x00065240 COMP
0x00065280 COMP
0x000652c0 COMP
0x00065300 COMP
0x00065340 COMP
0x00065380 COMP
0x000653c0 COMP
READRES
0x00065800 G_ACT0
0x08065800 G_ACT1
0x00065800 COMP
0x00065840 COMP
0x00065880 COMP
0x000658c0 COMP
0x00065900 COMP
0x00065940 COMP
0x00065980 COMP
0x000659c0 COMP
0x00065a00 COMP
0x00065a40 COMP
0x00065a80 COMP
0x00065ac0 COMP
0x00065b00 COMP
0x00065b40 COMP
0x00065b80 COMP
0x00065bc0 COMP
READRES
0x00066000 G_ACT0
0x08066000 G_ACT1
0x00066000 COMP
0x00066040 COMP
0x00066080 COMP
0x000660c0 COMP
0x00066100 COMP
0x00066140 COMP
0x00066180 COMP
0x000661c0 COMP
0x00066200 COMP
0x00066240 COMP
0x00066280 COMP
0x000662c0 COMP
0x00066300 COMP
0x00066340 COMP
0x00066380 COMP
0x000663c0 COMP
READRES
0x00066800 G_ACT0
0x08066800 G_ACT1
0x00066800 COMP
0x00066840 COMP
0x00066880 COMP
0x000668c0 COMP
0x00066900 COMP
0x00066940 COMP
0x00066980 COMP
0x000669c0 COMP
0x00066a00 COMP
0x00066a40 COMP
0x00066a80 COMP
0x00066ac0 COMP
0x00066b00 COMP
0x00066b40 COMP
0x00066b80 COMP
0x00066bc0 COMP
READRES
0x00067000 G_ACT0
0x08067000 G_ACT1
0x00067000 COMP
0x00067040 COMP
0x00067080 COMP
0x000670c0 COMP
0x00067100 COMP
0x00067140 COMP
0x00067180 COMP
0x000671c0 COMP
0x00067200 COMP
0x00067240 COMP
0x00067280 COMP
0x000672c0 COMP
0x00067300 COMP
0x00067340 COMP
0x00067380 COMP
0x000673c0 COMP
READRES
0x00067800 G_ACT0
0x08067800 G_ACT1
0x00067800 COMP
0x00067840 COMP
0x00067880 COMP
0x000678c0 COMP
0x00067900 COMP
0x00067940 COMP
0x00067980 COMP
0x000679c0 COMP
0x00067a00 COMP
0x00067a40 COMP
0x00067a80 COMP
0x00067ac0 COMP
0x00067b00 COMP
0x00067b40 COMP
0x00067b80 COMP
0x00067bc0 COMP
READRES
0x00068000 G_ACT0
0x08068000 G_ACT1
0x00068000 COMP
0x00068040 COMP
0x00068080 COMP
0x000680c0 COMP
0x00068100 COMP
0x00068140 COMP
0x00068180 COMP
0x000681c0 COMP
0x00068200 COMP
0x00068240 COMP
0x00068280 COMP
0x000682c0 COMP
0x00068300 COMP
0x00068340 COMP
0x00068380 COMP
0x000683c0 COMP
READRES
0x00068800 G_ACT0
0x08068800 G_ACT1
0x00068800 COMP
0x00068840 COMP
0x00068880 COMP
0x000688c0 COMP
0x00068900 COMP
0x00068940 COMP
0x00068980 COMP
0x000689c0 COMP
0x00068a00 COMP
0x00068a40 COMP
0x00068a80 COMP
0x00068ac0 COMP
0x00068b00 COMP
0x00068b40 COMP
0x00068b80 COMP
0x00068bc0 COMP
READRES
0x00069000 G_ACT0
0x08069000 G_ACT1
0x00069000 COMP
0x00069040 COMP
0x00069080 COMP
0x000690c0 COMP
0x00069100 COMP
0x00069140 COMP
0x00069180 COMP
0x000691c0 COMP
0x00069200 COMP
0x00069240 COMP
0x00069280 COMP
0x000692c0 COMP
0x00069300 COMP
0x00069340 COMP
0x00069380 COMP
0x000693c0 COMP
READRES
0x00069800 G_ACT0
0x08069800 G_ACT1
0x00069800 COMP
0x00069840 COMP
0x00069880 COMP
0x000698c0 COMP
0x00069900 COMP
0x00069940 COMP
0x00069980 COMP
0x000699c0 COMP
0x00069a00 COMP
0x00069a40 COMP
0x00069a80 COMP
0x00069ac0 COMP
0x00069b00 COMP
0x00069b40 COMP
0x00069b80 COMP
0x00069bc0 COMP
READRES
0x0006a000 G_ACT0
0x0806a000 G_ACT1
0x0006a000 COMP
0x0006a040 COMP
0x0006a080 COMP
0x0006a0c0 COMP
0x0006a100 COMP
0x0006a140 COMP
0x0006a180 COMP
0x0006a1c0 COMP
0x0006a200 COMP
0x0006a240 COMP
0x0006a280 COMP
0x0006a2c0 COMP
0x0006a300 COMP
0x0006a340 COMP
0x0006a380 COMP
0x0006a3c0 COMP
READRES
0x0006a800 G_ACT0
0x0806a800 G_ACT1
0x0006a800 COMP
0x0006a840 COMP
0x0006a880 COMP
0x0006a8c0 COMP
0x0006a900 COMP
0x0006a940 COMP
0x0006a980 COMP
0x0006a9c0 COMP
0x0006aa00 COMP
0x0006aa40 COMP
0x0006aa80 COMP
0x0006aac0 COMP
0x0006ab00 COMP
0x0006ab40 COMP
0x0006ab80 COMP
0x0006abc0 COMP
READRES
0x0006b000 G_ACT0
0x0806b000 G_ACT1
0x0006b000 COMP
0x0006b040 COMP
0x0006b080 COMP
0x0006b0c0 COMP
0x0006b100 COMP
0x0006b140 COMP
0x0006b180 COMP
0x0006b1c0 COMP
0x0006b200 COMP
0x0006b240 COMP
0x0006b280 COMP
0x0006b2c0 COMP
0x0006b300 COMP
0x0006b340 COMP
0x0006b380 COMP
0x0006b3c0 COMP
READRES
0x0006b800 G_ACT0
0x0806b800 G_ACT1
0x0006b800 COMP
0x0006b840 COMP
0x0006b880 COMP
0x0006b8c0 COMP
0x0006b900 COMP
0x0006b940 COMP
0x0006b980 COMP
0x0006b9c0 COMP
0x0006ba00 COMP
0x0006ba40 COMP
0x0006ba80 COMP
0x0006bac0 COMP
0x0006bb00 COMP
0x0006bb40 COMP
0x0006bb80 COMP
0x0006bbc0 COMP
READRES
0x0006c000 G_ACT0
0x0806c000 G_ACT1
0x0006c000 COMP
0x0006c040 COMP
0x0006c080 COMP
0x0006c0c0 COMP
0x0006c100 COMP
0x0006c140 COMP
0x0006c180 COMP
0x0006c1c0 COMP
0x0006c200 COMP
0x0006c240 COMP
0x0006c280 COMP
0x0006c2c0 COMP
0x0006c300 COMP
0x0006c340 COMP
0x0006c380 COMP
0x0006c3c0 COMP
READRES
0x0006c800 G_ACT0
0x0806c800 G_ACT1
0x0006c800 COMP
0x0006c840 COMP
0x0006c880 COMP
0x0006c8c0 COMP
0x0006c900 COMP
0x0006c940 COMP
0x0006c980 COMP
0x0006c9c0 COMP
0x0006ca00 COMP
0x0006ca40 COMP
0x0006ca80 COMP
0x0006cac0 COMP
0x0006cb00 COMP
0x0006cb40 COMP
0x0006cb80 COMP
0x0006cbc0 COMP
READRES
0x0006d000 G_ACT0
0x0806d000 G_ACT1
0x0006d000 COMP
0x0006d040 COMP
0x0006d080 COMP
0x0006d0c0 COMP
0x0006d100 COMP
0x0006d140 COMP
0x0006d180 COMP
0x0006d1c0 COMP
0x0006d200 COMP
0x0006d240 COMP
0x0006d280 COMP
0x0006d2c0 COMP
0x0006d300 COMP
0x0006d340 COMP
0x0006d380 COMP
0x0006d3c0 COMP
READRES
0x0006d800 G_ACT0
0x0806d800 G_ACT1
0x0006d800 COMP
0x0006d840 COMP
0x0006d880 COMP
0x0006d8c0 COMP
0x0006d900 COMP
0x0006d940 COMP
0x0006d980 COMP
0x0006d9c0 COMP
0x0006da00 COMP
0x0006da40 COMP
0x0006da80 COMP
0x0006dac0 COMP
0x0006db00 COMP
0x0006db40 COMP
0x0006db80 COMP
0x0006dbc0 COMP
READRES
0x0006e000 G_ACT0
0x0806e000 G_ACT1
0x0006e000 COMP
0x0006e040 COMP
0x0006e080 COMP
0x0006e0c0 COMP
0x0006e100 COMP
0x0006e140 COMP
0x0006e180 COMP
0x0006e1c0 COMP
0x0006e200 COMP
0x0006e240 COMP
0x0006e280 COMP
0x0006e2c0 COMP
0x0006e300 COMP
0x0006e340 COMP
0x0006e380 COMP
0x0006e3c0 COMP
READRES
0x0006e800 G_ACT0
0x0806e800 G_ACT1
0x0006e800 COMP
0x0006e840 COMP
0x0006e880 COMP
0x0006e8c0 COMP
0x0006e900 COMP
0x0006e940 COMP
0x0006e980 COMP
0x0006e9c0 COMP
0x0006ea00 COMP
0x0006ea40 COMP
0x0006ea80 COMP
0x0006eac0 COMP
0x0006eb00 COMP
0x0006eb40 COMP
0x0006eb80 COMP
0x0006ebc0 COMP
READRES
0x0006f000 G_ACT0
0x0806f000 G_ACT1
0x0006f000 COMP
0x0006f040 COMP
0x0006f080 COMP
0x0006f0c0 COMP
0x0006f100 COMP
0x0006f140 COMP
0x0006f180 COMP
0x0006f1c0 COMP
0x0006f200 COMP
0x0006f240 COMP
0x0006f280 COMP
0x0006f2c0 COMP
0x0006f300 COMP
0x0006f340 COMP
0x0006f380 COMP
0x0006f3c0 COMP
READRES
0x0006f800 G_ACT0
0x0806f800 G_ACT1
0x0006f800 COMP
0x0006f840 COMP
0x0006f880 COMP
0x0006f8c0 COMP
0x0006f900 COMP
0x0006f940 COMP
0x0006f980 COMP
0x0006f9c0 COMP
0x0006fa00 COMP
0x0006fa40 COMP
0x0006fa80 COMP
0x0006fac0 COMP
0x0006fb00 COMP
0x0006fb40 COMP
0x0006fb80 COMP
0x0006fbc0 COMP
READRES
0x00070000 G_ACT0
0x08070000 G_ACT1
0x00070000 COMP
0x00070040 COMP
0x00070080 COMP
0x000700c0 COMP
0x00070100 COMP
0x00070140 COMP
0x00070180 COMP
0x000701c0 COMP
0x00070200 COMP
0x00070240 COMP
0x00070280 COMP
0x000702c0 COMP
0x00070300 COMP
0x00070340 COMP
0x00070380 COMP
0x000703c0 COMP
READRES
0x00070800 G_ACT0
0x08070800 G_ACT1
0x00070800 COMP
0x00070840 COMP
0x00070880 COMP
0x000708c0 COMP
0x00070900 COMP
0x00070940 COMP
0x00070980 COMP
0x000709c0 COMP
0x00070a00 COMP
0x00070a40 COMP
0x00070a80 COMP
0x00070ac0 COMP
0x00070b00 COMP
0x00070b40 COMP
0x00070b80 COMP
0x00070bc0 COMP
READRES
0x00071000 G_ACT0
0x08071000 G_ACT1
0x00071000 COMP
0x00071040 COMP
0x00071080 COMP
0x000710c0 COMP
0x00071100 COMP
0x00071140 COMP
0x00071180 COMP
0x000711c0 COMP
0x00071200 COMP
0x00071240 COMP
0x00071280 COMP
0x000712c0 COMP
0x00071300 COMP
0x00071340 COMP
0x00071380 COMP
0x000713c0 COMP
READRES
0x00071800 G_ACT0
0x08071800 G_ACT1
0x00071800 COMP
0x00071840 COMP
0x00071880 COMP
0x000718c0 COMP
0x00071900 COMP
0x00071940 COMP
0x00071980 COMP
0x000719c0 COMP
0x00071a00 COMP
0x00071a40 COMP
0x00071a80 COMP
0x00071ac0 COMP
0x00071b00 COMP
0x00071b40 COMP
0x00071b80 COMP
0x00071bc0 COMP
READRES
0x00072000 G_ACT0
0x08072000 G_ACT1
0x00072000 COMP
0x00072040 COMP
0x00072080 COMP
0x000720c0 COMP
0x00072100 COMP
0x00072140 COMP
0x00072180 COMP
0x000721c0 COMP
0x00072200 COMP
0x00072240 COMP
0x00072280 COMP
0x000722c0 COMP
0x00072300 COMP
0x00072340 COMP
0x00072380 COMP
0x000723c0 COMP
READRES
0x00072800 G_ACT0
0x08072800 G_ACT1
0x00072800 COMP
0x00072840 COMP
0x00072880 COMP
0x000728c0 COMP
0x00072900 COMP
0x00072940 COMP
0x00072980 COMP
0x000729c0 COMP
0x00072a00 COMP
0x00072a40 COMP
0x00072a80 COMP
0x00072ac0 COMP
0x00072b00 COMP
0x00072b40 COMP
0x00072b80 COMP
0x00072bc0 COMP
READRES
0x00073000 G_ACT0
0x08073000 G_ACT1
0x00073000 COMP
0x00073040 COMP
0x00073080 COMP
0x000730c0 COMP
0x00073100 COMP
0x00073140 COMP
0x00073180 COMP
0x000731c0 COMP
0x00073200 COMP
0x00073240 COMP
0x00073280 COMP
0x000732c0 COMP
0x00073300 COMP
0x00073340 COMP
0x00073380 COMP
0x000733c0 COMP
READRES
0x00073800 G_ACT0
0x08073800 G_ACT1
0x00073800 COMP
0x00073840 COMP
0x00073880 COMP
0x000738c0 COMP
0x00073900 COMP
0x00073940 COMP
0x00073980 COMP
0x000739c0 COMP
0x00073a00 COMP
0x00073a40 COMP
0x00073a80 COMP
0x00073ac0 COMP
0x00073b00 COMP
0x00073b40 COMP
0x00073b80 COMP
0x00073bc0 COMP
READRES
0x00074000 G_ACT0
0x08074000 G_ACT1
0x00074000 COMP
0x00074040 COMP
0x00074080 COMP
0x000740c0 COMP
0x00074100 COMP
0x00074140 COMP
0x00074180 COMP
0x000741c0 COMP
0x00074200 COMP
0x00074240 COMP
0x00074280 COMP
0x000742c0 COMP
0x00074300 COMP
0x00074340 COMP
0x00074380 COMP
0x000743c0 COMP
READRES
0x00074800 G_ACT0
0x08074800 G_ACT1
0x00074800 COMP
0x00074840 COMP
0x00074880 COMP
0x000748c0 COMP
0x00074900 COMP
0x00074940 COMP
0x00074980 COMP
0x000749c0 COMP
0x00074a00 COMP
0x00074a40 COMP
0x00074a80 COMP
0x00074ac0 COMP
0x00074b00 COMP
0x00074b40 COMP
0x00074b80 COMP
0x00074bc0 COMP
READRES
0x00075000 G_ACT0
0x08075000 G_ACT1
0x00075000 COMP
0x00075040 COMP
0x00075080 COMP
0x000750c0 COMP
0x00075100 COMP
0x00075140 COMP
0x00075180 COMP
0x000751c0 COMP
0x00075200 COMP
0x00075240 COMP
0x00075280 COMP
0x000752c0 COMP
0x00075300 COMP
0x00075340 COMP
0x00075380 COMP
0x000753c0 COMP
READRES
0x00075800 G_ACT0
0x08075800 G_ACT1
0x00075800 COMP
0x00075840 COMP
0x00075880 COMP
0x000758c0 COMP
0x00075900 COMP
0x00075940 COMP
0x00075980 COMP
0x000759c0 COMP
0x00075a00 COMP
0x00075a40 COMP
0x00075a80 COMP
0x00075ac0 COMP
0x00075b00 COMP
0x00075b40 COMP
0x00075b80 COMP
0x00075bc0 COMP
READRES
0x00076000 G_ACT0
0x08076000 G_ACT1
0x00076000 COMP
0x00076040 COMP
0x00076080 COMP
0x000760c0 COMP
0x00076100 COMP
0x00076140 COMP
0x00076180 COMP
0x000761c0 COMP
0x00076200 COMP
0x00076240 COMP
0x00076280 COMP
0x000762c0 COMP
0x00076300 COMP
0x00076340 COMP
0x00076380 COMP
0x000763c0 COMP
READRES
0x00076800 G_ACT0
0x08076800 G_ACT1
0x00076800 COMP
0x00076840 COMP
0x00076880 COMP
0x000768c0 COMP
0x00076900 COMP
0x00076940 COMP
0x00076980 COMP
0x000769c0 COMP
0x00076a00 COMP
0x00076a40 COMP
0x00076a80 COMP
0x00076ac0 COMP
0x00076b00 COMP
0x00076b40 COMP
0x00076b80 COMP
0x00076bc0 COMP
READRES
0x00077000 G_ACT0
0x08077000 G_ACT1
0x00077000 COMP
0x00077040 COMP
0x00077080 COMP
0x000770c0 COMP
0x00077100 COMP
0x00077140 COMP
0x00077180 COMP
0x000771c0 COMP
0x00077200 COMP
0x00077240 COMP
0x00077280 COMP
0x000772c0 COMP
0x00077300 COMP
0x00077340 COMP
0x00077380 COMP
0x000773c0 COMP
READRES
0x00077800 G_ACT0
0x08077800 G_ACT1
0x00077800 COMP
0x00077840 COMP
0x00077880 COMP
0x000778c0 COMP
0x00077900 COMP
0x00077940 COMP
0x00077980 COMP
0x000779c0 COMP
0x00077a00 COMP
0x00077a40 COMP
0x00077a80 COMP
0x00077ac0 COMP
0x00077b00 COMP
0x00077b40 COMP
0x00077b80 COMP
0x00077bc0 COMP
READRES
0x00078000 G_ACT0
0x08078000 G_ACT1
0x00078000 COMP
0x00078040 COMP
0x00078080 COMP
0x000780c0 COMP
0x00078100 COMP
0x00078140 COMP
0x00078180 COMP
0x000781c0 COMP
0x00078200 COMP
0x00078240 COMP
0x00078280 COMP
0x000782c0 COMP
0x00078300 COMP
0x00078340 COMP
0x00078380 COMP
0x000783c0 COMP
READRES
0x00078800 G_ACT0
0x08078800 G_ACT1
0x00078800 COMP
0x00078840 COMP
0x00078880 COMP
0x000788c0 COMP
0x00078900 COMP
0x00078940 COMP
0x00078980 COMP
0x000789c0 COMP
0x00078a00 COMP
0x00078a40 COMP
0x00078a80 COMP
0x00078ac0 COMP
0x00078b00 COMP
0x00078b40 COMP
0x00078b80 COMP
0x00078bc0 COMP
READRES
0x00079000 G_ACT0
0x08079000 G_ACT1
0x00079000 COMP
0x00079040 COMP
0x00079080 COMP
0x000790c0 COMP
0x00079100 COMP
0x00079140 COMP
0x00079180 COMP
0x000791c0 COMP
0x00079200 COMP
0x00079240 COMP
0x00079280 COMP
0x000792c0 COMP
0x00079300 COMP
0x00079340 COMP
0x00079380 COMP
0x000793c0 COMP
READRES
0x00079800 G_ACT0
0x08079800 G_ACT1
0x00079800 COMP
0x00079840 COMP
0x00079880 COMP
0x000798c0 COMP
0x00079900 COMP
0x00079940 COMP
0x00079980 COMP
0x000799c0 COMP
0x00079a00 COMP
0x00079a40 COMP
0x00079a80 COMP
0x00079ac0 COMP
0x00079b00 COMP
0x00079b40 COMP
0x00079b80 COMP
0x00079bc0 COMP
READRES
0x0007a000 G_ACT0
0x0807a000 G_ACT1
0x0007a000 COMP
0x0007a040 COMP
0x0007a080 COMP
0x0007a0c0 COMP
0x0007a100 COMP
0x0007a140 COMP
0x0007a180 COMP
0x0007a1c0 COMP
0x0007a200 COMP
0x0007a240 COMP
0x0007a280 COMP
0x0007a2c0 COMP
0x0007a300 COMP
0x0007a340 COMP
0x0007a380 COMP
0x0007a3c0 COMP
READRES
0x0007a800 G_ACT0
0x0807a800 G_ACT1
0x0007a800 COMP
0x0007a840 COMP
0x0007a880 COMP
0x0007a8c0 COMP
0x0007a900 COMP
0x0007a940 COMP
0x0007a980 COMP
0x0007a9c0 COMP
0x0007aa00 COMP
0x0007aa40 COMP
0x0007aa80 COMP
0x0007aac0 COMP
0x0007ab00 COMP
0x0007ab40 COMP
0x0007ab80 COMP
0x0007abc0 COMP
READRES
0x0007b000 G_ACT0
0x0807b000 G_ACT1
0x0007b000 COMP
0x0007b040 COMP
0x0007b080 COMP
0x0007b0c0 COMP
0x0007b100 COMP
0x0007b140 COMP
0x0007b180 COMP
0x0007b1c0 COMP
0x0007b200 COMP
0x0007b240 COMP
0x0007b280 COMP
0x0007b2c0 COMP
0x0007b300 COMP
0x0007b340 COMP
0x0007b380 COMP
0x0007b3c0 COMP
READRES
0x0007b800 G_ACT0
0x0807b800 G_ACT1
0x0007b800 COMP
0x0007b840 COMP
0x0007b880 COMP
0x0007b8c0 COMP
0x0007b900 COMP
0x0007b940 COMP
0x0007b980 COMP
0x0007b9c0 COMP
0x0007ba00 COMP
0x0007ba40 COMP
0x0007ba80 COMP
0x0007bac0 COMP
0x0007bb00 COMP
0x0007bb40 COMP
0x0007bb80 COMP
0x0007bbc0 COMP
READRES
0x0007c000 G_ACT0
0x0807c000 G_ACT1
0x0007c000 COMP
0x0007c040 COMP
0x0007c080 COMP
0x0007c0c0 COMP
0x0007c100 COMP
0x0007c140 COMP
0x0007c180 COMP
0x0007c1c0 COMP
0x0007c200 COMP
0x0007c240 COMP
0x0007c280 COMP
0x0007c2c0 COMP
0x0007c300 COMP
0x0007c340 COMP
0x0007c380 COMP
0x0007c3c0 COMP
READRES
0x0007c800 G_ACT0
0x0807c800 G_ACT1
0x0007c800 COMP
0x0007c840 COMP
0x0007c880 COMP
0x0007c8c0 COMP
0x0007c900 COMP
0x0007c940 COMP
0x0007c980 COMP
0x0007c9c0 COMP
0x0007ca00 COMP
0x0007ca40 COMP
0x0007ca80 COMP
0x0007cac0 COMP
0x0007cb00 COMP
0x0007cb40 COMP
0x0007cb80 COMP
0x0007cbc0 COMP
READRES
0x0007d000 G_ACT0
0x0807d000 G_ACT1
0x0007d000 COMP
0x0007d040 COMP
0x0007d080 COMP
0x0007d0c0 COMP
0x0007d100 COMP
0x0007d140 COMP
0x0007d180 COMP
0x0007d1c0 COMP
0x0007d200 COMP
0x0007d240 COMP
0x0007d280 COMP
0x0007d2c0 COMP
0x0007d300 COMP
0x0007d340 COMP
0x0007d380 COMP
0x0007d3c0 COMP
READRES
0x0007d800 G_ACT0
0x0807d800 G_ACT1
0x0007d800 COMP
0x0007d840 COMP
0x0007d880 COMP
0x0007d8c0 COMP
0x0007d900 COMP
0x0007d940 COMP
0x0007d980 COMP
0x0007d9c0 COMP
0x0007da00 COMP
0x0007da40 COMP
0x0007da80 COMP
0x0007dac0 COMP
0x0007db00 COMP
0x0007db40 COMP
0x0007db80 COMP
0x0007dbc0 COMP
READRES
0x0007e000 G_ACT0
0x0807e000 G_ACT1
0x0007e000 COMP
0x0007e040 COMP
0x0007e080 COMP
0x0007e0c0 COMP
0x0007e100 COMP
0x0007e140 COMP
0x0007e180 COMP
0x0007e1c0 COMP
0x0007e200 COMP
0x0007e240 COMP
0x0007e280 COMP
0x0007e2c0 COMP
0x0007e300 COMP
0x0007e340 COMP
0x0007e380 COMP
0x0007e3c0 COMP
READRES
0x0007e800 G_ACT0
0x0807e800 G_ACT1
0x0007e800 COMP
0x0007e840 COMP
0x0007e880 COMP
0x0007e8c0 COMP
0x0007e900 COMP
0x0007e940 COMP
0x0007e980 COMP
0x0007e9c0 COMP
0x0007ea00 COMP
0x0007ea40 COMP
0x0007ea80 COMP
0x0007eac0 COMP
0x0007eb00 COMP
0x0007eb40 COMP
0x0007eb80 COMP
0x0007ebc0 COMP
READRES
0x0007f000 G_ACT0
0x0807f000 G_ACT1
0x0007f000 COMP
0x0007f040 COMP
0x0007f080 COMP
0x0007f0c0 COMP
0x0007f100 COMP
0x0007f140 COMP
0x0007f180 COMP
0x0007f1c0 COMP
0x0007f200 COMP
0x0007f240 COMP
0x0007f280 COMP
0x0007f2c0 COMP
0x0007f300 COMP
0x0007f340 COMP
0x0007f380 COMP
0x0007f3c0 COMP
READRES
0x0007f800 G_ACT0
0x0807f800 G_ACT1
0x0007f800 COMP
0x0007f840 COMP
0x0007f880 COMP
0x0007f8c0 COMP
0x0007f900 COMP
0x0007f940 COMP
0x0007f980 COMP
0x0007f9c0 COMP
0x0007fa00 COMP
0x0007fa40 COMP
0x0007fa80 COMP
0x0007fac0 COMP
0x0007fb00 COMP
0x0007fb40 COMP
0x0007fb80 COMP
0x0007fbc0 COMP
READRES
0x00080000 G_ACT0
0x08080000 G_ACT1
0x00080000 COMP
0x00080040 COMP
0x00080080 COMP
0x000800c0 COMP
0x00080100 COMP
0x00080140 COMP
0x00080180 COMP
0x000801c0 COMP
0x00080200 COMP
0x00080240 COMP
0x00080280 COMP
0x000802c0 COMP
0x00080300 COMP
0x00080340 COMP
0x00080380 COMP
0x000803c0 COMP
READRES
0x00080800 G_ACT0
0x08080800 G_ACT1
0x00080800 COMP
0x00080840 COMP
0x00080880 COMP
0x000808c0 COMP
0x00080900 COMP
0x00080940 COMP
0x00080980 COMP
0x000809c0 COMP
0x00080a00 COMP
0x00080a40 COMP
0x00080a80 COMP
0x00080ac0 COMP
0x00080b00 COMP
0x00080b40 COMP
0x00080b80 COMP
0x00080bc0 COMP
READRES
0x00081000 G_ACT0
0x08081000 G_ACT1
0x00081000 COMP
0x00081040 COMP
0x00081080 COMP
0x000810c0 COMP
0x00081100 COMP
0x00081140 COMP
0x00081180 COMP
0x000811c0 COMP
0x00081200 COMP
0x00081240 COMP
0x00081280 COMP
0x000812c0 COMP
0x00081300 COMP
0x00081340 COMP
0x00081380 COMP
0x000813c0 COMP
READRES
0x00081800 G_ACT0
0x08081800 G_ACT1
0x00081800 COMP
0x00081840 COMP
0x00081880 COMP
0x000818c0 COMP
0x00081900 COMP
0x00081940 COMP
0x00081980 COMP
0x000819c0 COMP
0x00081a00 COMP
0x00081a40 COMP
0x00081a80 COMP
0x00081ac0 COMP
0x00081b00 COMP
0x00081b40 COMP
0x00081b80 COMP
0x00081bc0 COMP
READRES
0x00082000 G_ACT0
0x08082000 G_ACT1
0x00082000 COMP
0x00082040 COMP
0x00082080 COMP
0x000820c0 COMP
0x00082100 COMP
0x00082140 COMP
0x00082180 COMP
0x000821c0 COMP
0x00082200 COMP
0x00082240 COMP
0x00082280 COMP
0x000822c0 COMP
0x00082300 COMP
0x00082340 COMP
0x00082380 COMP
0x000823c0 COMP
READRES
0x00082800 G_ACT0
0x08082800 G_ACT1
0x00082800 COMP
0x00082840 COMP
0x00082880 COMP
0x000828c0 COMP
0x00082900 COMP
0x00082940 COMP
0x00082980 COMP
0x000829c0 COMP
0x00082a00 COMP
0x00082a40 COMP
0x00082a80 COMP
0x00082ac0 COMP
0x00082b00 COMP
0x00082b40 COMP
0x00082b80 COMP
0x00082bc0 COMP
READRES
0x00083000 G_ACT0
0x08083000 G_ACT1
0x00083000 COMP
0x00083040 COMP
0x00083080 COMP
0x000830c0 COMP
0x00083100 COMP
0x00083140 COMP
0x00083180 COMP
0x000831c0 COMP
0x00083200 COMP
0x00083240 COMP
0x00083280 COMP
0x000832c0 COMP
0x00083300 COMP
0x00083340 COMP
0x00083380 COMP
0x000833c0 COMP
READRES
0x00083800 G_ACT0
0x08083800 G_ACT1
0x00083800 COMP
0x00083840 COMP
0x00083880 COMP
0x000838c0 COMP
0x00083900 COMP
0x00083940 COMP
0x00083980 COMP
0x000839c0 COMP
0x00083a00 COMP
0x00083a40 COMP
0x00083a80 COMP
0x00083ac0 COMP
0x00083b00 COMP
0x00083b40 COMP
0x00083b80 COMP
0x00083bc0 COMP
READRES
0x00084000 G_ACT0
0x08084000 G_ACT1
0x00084000 COMP
0x00084040 COMP
0x00084080 COMP
0x000840c0 COMP
0x00084100 COMP
0x00084140 COMP
0x00084180 COMP
0x000841c0 COMP
0x00084200 COMP
0x00084240 COMP
0x00084280 COMP
0x000842c0 COMP
0x00084300 COMP
0x00084340 COMP
0x00084380 COMP
0x000843c0 COMP
READRES
0x00084800 G_ACT0
0x08084800 G_ACT1
0x00084800 COMP
0x00084840 COMP
0x00084880 COMP
0x000848c0 COMP
0x00084900 COMP
0x00084940 COMP
0x00084980 COMP
0x000849c0 COMP
0x00084a00 COMP
0x00084a40 COMP
0x00084a80 COMP
0x00084ac0 COMP
0x00084b00 COMP
0x00084b40 COMP
0x00084b80 COMP
0x00084bc0 COMP
READRES
0x00085000 G_ACT0
0x08085000 G_ACT1
0x00085000 COMP
0x00085040 COMP
0x00085080 COMP
0x000850c0 COMP
0x00085100 COMP
0x00085140 COMP
0x00085180 COMP
0x000851c0 COMP
0x00085200 COMP
0x00085240 COMP
0x00085280 COMP
0x000852c0 COMP
0x00085300 COMP
0x00085340 COMP
0x00085380 COMP
0x000853c0 COMP
READRES
0x00085800 G_ACT0
0x08085800 G_ACT1
0x00085800 COMP
0x00085840 COMP
0x00085880 COMP
0x000858c0 COMP
0x00085900 COMP
0x00085940 COMP
0x00085980 COMP
0x000859c0 COMP
0x00085a00 COMP
0x00085a40 COMP
0x00085a80 COMP
0x00085ac0 COMP
0x00085b00 COMP
0x00085b40 COMP
0x00085b80 COMP
0x00085bc0 COMP
READRES
0x00086000 G_ACT0
0x08086000 G_ACT1
0x00086000 COMP
0x00086040 COMP
0x00086080 COMP
0x000860c0 COMP
0x00086100 COMP
0x00086140 COMP
0x00086180 COMP
0x000861c0 COMP
0x00086200 COMP
0x00086240 COMP
0x00086280 COMP
0x000862c0 COMP
0x00086300 COMP
0x00086340 COMP
0x00086380 COMP
0x000863c0 COMP
READRES
0x00086800 G_ACT0
0x08086800 G_ACT1
0x00086800 COMP
0x00086840 COMP
0x00086880 COMP
0x000868c0 COMP
0x00086900 COMP
0x00086940 COMP
0x00086980 COMP
0x000869c0 COMP
0x00086a00 COMP
0x00086a40 COMP
0x00086a80 COMP
0x00086ac0 COMP
0x00086b00 COMP
0x00086b40 COMP
0x00086b80 COMP
0x00086bc0 COMP
READRES
0x00087000 G_ACT0
0x08087000 G_ACT1
0x00087000 COMP
0x00087040 COMP
0x00087080 COMP
0x000870c0 COMP
0x00087100 COMP
0x00087140 COMP
0x00087180 COMP
0x000871c0 COMP
0x00087200 COMP
0x00087240 COMP
0x00087280 COMP
0x000872c0 COMP
0x00087300 COMP
0x00087340 COMP
0x00087380 COMP
0x000873c0 COMP
READRES
0x00087800 G_ACT0
0x08087800 G_ACT1
0x00087800 COMP
0x00087840 COMP
0x00087880 COMP
0x000878c0 COMP
0x00087900 COMP
0x00087940 COMP
0x00087980 COMP
0x000879c0 COMP
0x00087a00 COMP
0x00087a40 COMP
0x00087a80 COMP
0x00087ac0 COMP
0x00087b00 COMP
0x00087b40 COMP
0x00087b80 COMP
0x00087bc0 COMP
READRES
0x00088000 G_ACT0
0x08088000 G_ACT1
0x00088000 COMP
0x00088040 COMP
0x00088080 COMP
0x000880c0 COMP
0x00088100 COMP
0x00088140 COMP
0x00088180 COMP
0x000881c0 COMP
0x00088200 COMP
0x00088240 COMP
0x00088280 COMP
0x000882c0 COMP
0x00088300 COMP
0x00088340 COMP
0x00088380 COMP
0x000883c0 COMP
READRES
0x00088800 G_ACT0
0x08088800 G_ACT1
0x00088800 COMP
0x00088840 COMP
0x00088880 COMP
0x000888c0 COMP
0x00088900 COMP
0x00088940 COMP
0x00088980 COMP
0x000889c0 COMP
0x00088a00 COMP
0x00088a40 COMP
0x00088a80 COMP
0x00088ac0 COMP
0x00088b00 COMP
0x00088b40 COMP
0x00088b80 COMP
0x00088bc0 COMP
READRES
0x00089000 G_ACT0
0x08089000 G_ACT1
0x00089000 COMP
0x00089040 COMP
0x00089080 COMP
0x000890c0 COMP
0x00089100 COMP
0x00089140 COMP
0x00089180 COMP
0x000891c0 COMP
0x00089200 COMP
0x00089240 COMP
0x00089280 COMP
0x000892c0 COMP
0x00089300 COMP
0x00089340 COMP
0x00089380 COMP
0x000893c0 COMP
READRES
0x00089800 G_ACT0
0x08089800 G_ACT1
0x00089800 COMP
0x00089840 COMP
0x00089880 COMP
0x000898c0 COMP
0x00089900 COMP
0x00089940 COMP
0x00089980 COMP
0x000899c0 COMP
0x00089a00 COMP
0x00089a40 COMP
0x00089a80 COMP
0x00089ac0 COMP
0x00089b00 COMP
0x00089b40 COMP
0x00089b80 COMP
0x00089bc0 COMP
READRES
0x0008a000 G_ACT0
0x0808a000 G_ACT1
0x0008a000 COMP
0x0008a040 COMP
0x0008a080 COMP
0x0008a0c0 COMP
0x0008a100 COMP
0x0008a140 COMP
0x0008a180 COMP
0x0008a1c0 COMP
0x0008a200 COMP
0x0008a240 COMP
0x0008a280 COMP
0x0008a2c0 COMP
0x0008a300 COMP
0x0008a340 COMP
0x0008a380 COMP
0x0008a3c0 COMP
READRES
0x0008a800 G_ACT0
0x0808a800 G_ACT1
0x0008a800 COMP
0x0008a840 COMP
0x0008a880 COMP
0x0008a8c0 COMP
0x0008a900 COMP
0x0008a940 COMP
0x0008a980 COMP
0x0008a9c0 COMP
0x0008aa00 COMP
0x0008aa40 COMP
0x0008aa80 COMP
0x0008aac0 COMP
0x0008ab00 COMP
0x0008ab40 COMP
0x0008ab80 COMP
0x0008abc0 COMP
READRES
0x0008b000 G_ACT0
0x0808b000 G_ACT1
0x0008b000 COMP
0x0008b040 COMP
0x0008b080 COMP
0x0008b0c0 COMP
0x0008b100 COMP
0x0008b140 COMP
0x0008b180 COMP
0x0008b1c0 COMP
0x0008b200 COMP
0x0008b240 COMP
0x0008b280 COMP
0x0008b2c0 COMP
0x0008b300 COMP
0x0008b340 COMP
0x0008b380 COMP
0x0008b3c0 COMP
READRES
0x0008b800 G_ACT0
0x0808b800 G_ACT1
0x0008b800 COMP
0x0008b840 COMP
0x0008b880 COMP
0x0008b8c0 COMP
0x0008b900 COMP
0x0008b940 COMP
0x0008b980 COMP
0x0008b9c0 COMP
0x0008ba00 COMP
0x0008ba40 COMP
0x0008ba80 COMP
0x0008bac0 COMP
0x0008bb00 COMP
0x0008bb40 COMP
0x0008bb80 COMP
0x0008bbc0 COMP
READRES
0x0008c000 G_ACT0
0x0808c000 G_ACT1
0x0008c000 COMP
0x0008c040 COMP
0x0008c080 COMP
0x0008c0c0 COMP
0x0008c100 COMP
0x0008c140 COMP
0x0008c180 COMP
0x0008c1c0 COMP
0x0008c200 COMP
0x0008c240 COMP
0x0008c280 COMP
0x0008c2c0 COMP
0x0008c300 COMP
0x0008c340 COMP
0x0008c380 COMP
0x0008c3c0 COMP
READRES
0x0008c800 G_ACT0
0x0808c800 G_ACT1
0x0008c800 COMP
0x0008c840 COMP
0x0008c880 COMP
0x0008c8c0 COMP
0x0008c900 COMP
0x0008c940 COMP
0x0008c980 COMP
0x0008c9c0 COMP
0x0008ca00 COMP
0x0008ca40 COMP
0x0008ca80 COMP
0x0008cac0 COMP
0x0008cb00 COMP
0x0008cb40 COMP
0x0008cb80 COMP
0x0008cbc0 COMP
READRES
0x0008d000 G_ACT0
0x0808d000 G_ACT1
0x0008d000 COMP
0x0008d040 COMP
0x0008d080 COMP
0x0008d0c0 COMP
0x0008d100 COMP
0x0008d140 COMP
0x0008d180 COMP
0x0008d1c0 COMP
0x0008d200 COMP
0x0008d240 COMP
0x0008d280 COMP
0x0008d2c0 COMP
0x0008d300 COMP
0x0008d340 COMP
0x0008d380 COMP
0x0008d3c0 COMP
READRES
0x0008d800 G_ACT0
0x0808d800 G_ACT1
0x0008d800 COMP
0x0008d840 COMP
0x0008d880 COMP
0x0008d8c0 COMP
0x0008d900 COMP
0x0008d940 COMP
0x0008d980 COMP
0x0008d9c0 COMP
0x0008da00 COMP
0x0008da40 COMP
0x0008da80 COMP
0x0008dac0 COMP
0x0008db00 COMP
0x0008db40 COMP
0x0008db80 COMP
0x0008dbc0 COMP
READRES
0x0008e000 G_ACT0
0x0808e000 G_ACT1
0x0008e000 COMP
0x0008e040 COMP
0x0008e080 COMP
0x0008e0c0 COMP
0x0008e100 COMP
0x0008e140 COMP
0x0008e180 COMP
0x0008e1c0 COMP
0x0008e200 COMP
0x0008e240 COMP
0x0008e280 COMP
0x0008e2c0 COMP
0x0008e300 COMP
0x0008e340 COMP
0x0008e380 COMP
0x0008e3c0 COMP
READRES
0x0008e800 G_ACT0
0x0808e800 G_ACT1
0x0008e800 COMP
0x0008e840 COMP
0x0008e880 COMP
0x0008e8c0 COMP
0x0008e900 COMP
0x0008e940 COMP
0x0008e980 COMP
0x0008e9c0 COMP
0x0008ea00 COMP
0x0008ea40 COMP
0x0008ea80 COMP
0x0008eac0 COMP
0x0008eb00 COMP
0x0008eb40 COMP
0x0008eb80 COMP
0x0008ebc0 COMP
READRES
0x0008f000 G_ACT0
0x0808f000 G_ACT1
0x0008f000 COMP
0x0008f040 COMP
0x0008f080 COMP
0x0008f0c0 COMP
0x0008f100 COMP
0x0008f140 COMP
0x0008f180 COMP
0x0008f1c0 COMP
0x0008f200 COMP
0x0008f240 COMP
0x0008f280 COMP
0x0008f2c0 COMP
0x0008f300 COMP
0x0008f340 COMP
0x0008f380 COMP
0x0008f3c0 COMP
READRES
0x0008f800 G_ACT0
0x0808f800 G_ACT1
0x0008f800 COMP
0x0008f840 COMP
0x0008f880 COMP
0x0008f8c0 COMP
0x0008f900 COMP
0x0008f940 COMP
0x0008f980 COMP
0x0008f9c0 COMP
0x0008fa00 COMP
0x0008fa40 COMP
0x0008fa80 COMP
0x0008fac0 COMP
0x0008fb00 COMP
0x0008fb40 COMP
0x0008fb80 COMP
0x0008fbc0 COMP
READRES
0x00090000 G_ACT0
0x08090000 G_ACT1
0x00090000 COMP
0x00090040 COMP
0x00090080 COMP
0x000900c0 COMP
0x00090100 COMP
0x00090140 COMP
0x00090180 COMP
0x000901c0 COMP
0x00090200 COMP
0x00090240 COMP
0x00090280 COMP
0x000902c0 COMP
0x00090300 COMP
0x00090340 COMP
0x00090380 COMP
0x000903c0 COMP
READRES
0x00090800 G_ACT0
0x08090800 G_ACT1
0x00090800 COMP
0x00090840 COMP
0x00090880 COMP
0x000908c0 COMP
0x00090900 COMP
0x00090940 COMP
0x00090980 COMP
0x000909c0 COMP
0x00090a00 COMP
0x00090a40 COMP
0x00090a80 COMP
0x00090ac0 COMP
0x00090b00 COMP
0x00090b40 COMP
0x00090b80 COMP
0x00090bc0 COMP
READRES
0x00091000 G_ACT0
0x08091000 G_ACT1
0x00091000 COMP
0x00091040 COMP
0x00091080 COMP
0x000910c0 COMP
0x00091100 COMP
0x00091140 COMP
0x00091180 COMP
0x000911c0 COMP
0x00091200 COMP
0x00091240 COMP
0x00091280 COMP
0x000912c0 COMP
0x00091300 COMP
0x00091340 COMP
0x00091380 COMP
0x000913c0 COMP
READRES
0x00091800 G_ACT0
0x08091800 G_ACT1
0x00091800 COMP
0x00091840 COMP
0x00091880 COMP
0x000918c0 COMP
0x00091900 COMP
0x00091940 COMP
0x00091980 COMP
0x000919c0 COMP
0x00091a00 COMP
0x00091a40 COMP
0x00091a80 COMP
0x00091ac0 COMP
0x00091b00 COMP
0x00091b40 COMP
0x00091b80 COMP
0x00091bc0 COMP
READRES
0x00092000 G_ACT0
0x08092000 G_ACT1
0x00092000 COMP
0x00092040 COMP
0x00092080 COMP
0x000920c0 COMP
0x00092100 COMP
0x00092140 COMP
0x00092180 COMP
0x000921c0 COMP
0x00092200 COMP
0x00092240 COMP
0x00092280 COMP
0x000922c0 COMP
0x00092300 COMP
0x00092340 COMP
0x00092380 COMP
0x000923c0 COMP
READRES
0x00092800 G_ACT0
0x08092800 G_ACT1
0x00092800 COMP
0x00092840 COMP
0x00092880 COMP
0x000928c0 COMP
0x00092900 COMP
0x00092940 COMP
0x00092980 COMP
0x000929c0 COMP
0x00092a00 COMP
0x00092a40 COMP
0x00092a80 COMP
0x00092ac0 COMP
0x00092b00 COMP
0x00092b40 COMP
0x00092b80 COMP
0x00092bc0 COMP
READRES
0x00093000 G_ACT0
0x08093000 G_ACT1
0x00093000 COMP
0x00093040 COMP
0x00093080 COMP
0x000930c0 COMP
0x00093100 COMP
0x00093140 COMP
0x00093180 COMP
0x000931c0 COMP
0x00093200 COMP
0x00093240 COMP
0x00093280 COMP
0x000932c0 COMP
0x00093300 COMP
0x00093340 COMP
0x00093380 COMP
0x000933c0 COMP
READRES
0x00093800 G_ACT0
0x08093800 G_ACT1
0x00093800 COMP
0x00093840 COMP
0x00093880 COMP
0x000938c0 COMP
0x00093900 COMP
0x00093940 COMP
0x00093980 COMP
0x000939c0 COMP
0x00093a00 COMP
0x00093a40 COMP
0x00093a80 COMP
0x00093ac0 COMP
0x00093b00 COMP
0x00093b40 COMP
0x00093b80 COMP
0x00093bc0 COMP
READRES
0x00094000 G_ACT0
0x08094000 G_ACT1
0x00094000 COMP
0x00094040 COMP
0x00094080 COMP
0x000940c0 COMP
0x00094100 COMP
0x00094140 COMP
0x00094180 COMP
0x000941c0 COMP
0x00094200 COMP
0x00094240 COMP
0x00094280 COMP
0x000942c0 COMP
0x00094300 COMP
0x00094340 COMP
0x00094380 COMP
0x000943c0 COMP
READRES
0x00094800 G_ACT0
0x08094800 G_ACT1
0x00094800 COMP
0x00094840 COMP
0x00094880 COMP
0x000948c0 COMP
0x00094900 COMP
0x00094940 COMP
0x00094980 COMP
0x000949c0 COMP
0x00094a00 COMP
0x00094a40 COMP
0x00094a80 COMP
0x00094ac0 COMP
0x00094b00 COMP
0x00094b40 COMP
0x00094b80 COMP
0x00094bc0 COMP
READRES
0x00095000 G_ACT0
0x08095000 G_ACT1
0x00095000 COMP
0x00095040 COMP
0x00095080 COMP
0x000950c0 COMP
0x00095100 COMP
0x00095140 COMP
0x00095180 COMP
0x000951c0 COMP
0x00095200 COMP
0x00095240 COMP
0x00095280 COMP
0x000952c0 COMP
0x00095300 COMP
0x00095340 COMP
0x00095380 COMP
0x000953c0 COMP
READRES
0x00095800 G_ACT0
0x08095800 G_ACT1
0x00095800 COMP
0x00095840 COMP
0x00095880 COMP
0x000958c0 COMP
0x00095900 COMP
0x00095940 COMP
0x00095980 COMP
0x000959c0 COMP
0x00095a00 COMP
0x00095a40 COMP
0x00095a80 COMP
0x00095ac0 COMP
0x00095b00 COMP
0x00095b40 COMP
0x00095b80 COMP
0x00095bc0 COMP
READRES
0x00096000 G_ACT0
0x08096000 G_ACT1
0x00096000 COMP
0x00096040 COMP
0x00096080 COMP
0x000960c0 COMP
0x00096100 COMP
0x00096140 COMP
0x00096180 COMP
0x000961c0 COMP
0x00096200 COMP
0x00096240 COMP
0x00096280 COMP
0x000962c0 COMP
0x00096300 COMP
0x00096340 COMP
0x00096380 COMP
0x000963c0 COMP
READRES
0x00096800 G_ACT0
0x08096800 G_ACT1
0x00096800 COMP
0x00096840 COMP
0x00096880 COMP
0x000968c0 COMP
0x00096900 COMP
0x00096940 COMP
0x00096980 COMP
0x000969c0 COMP
0x00096a00 COMP
0x00096a40 COMP
0x00096a80 COMP
0x00096ac0 COMP
0x00096b00 COMP
0x00096b40 COMP
0x00096b80 COMP
0x00096bc0 COMP
READRES
0x00097000 G_ACT0
0x08097000 G_ACT1
0x00097000 COMP
0x00097040 COMP
0x00097080 COMP
0x000970c0 COMP
0x00097100 COMP
0x00097140 COMP
0x00097180 COMP
0x000971c0 COMP
0x00097200 COMP
0x00097240 COMP
0x00097280 COMP
0x000972c0 COMP
0x00097300 COMP
0x00097340 COMP
0x00097380 COMP
0x000973c0 COMP
READRES
0x00097800 G_ACT0
0x08097800 G_ACT1
0x00097800 COMP
0x00097840 COMP
0x00097880 COMP
0x000978c0 COMP
0x00097900 COMP
0x00097940 COMP
0x00097980 COMP
0x000979c0 COMP
0x00097a00 COMP
0x00097a40 COMP
0x00097a80 COMP
0x00097ac0 COMP
0x00097b00 COMP
0x00097b40 COMP
0x00097b80 COMP
0x00097bc0 COMP
READRES
0x00098000 G_ACT0
0x08098000 G_ACT1
0x00098000 COMP
0x00098040 COMP
0x00098080 COMP
0x000980c0 COMP
0x00098100 COMP
0x00098140 COMP
0x00098180 COMP
0x000981c0 COMP
0x00098200 COMP
0x00098240 COMP
0x00098280 COMP
0x000982c0 COMP
0x00098300 COMP
0x00098340 COMP
0x00098380 COMP
0x000983c0 COMP
READRES
0x00098800 G_ACT0
0x08098800 G_ACT1
0x00098800 COMP
0x00098840 COMP
0x00098880 COMP
0x000988c0 COMP
0x00098900 COMP
0x00098940 COMP
0x00098980 COMP
0x000989c0 COMP
0x00098a00 COMP
0x00098a40 COMP
0x00098a80 COMP
0x00098ac0 COMP
0x00098b00 COMP
0x00098b40 COMP
0x00098b80 COMP
0x00098bc0 COMP
READRES
0x00099000 G_ACT0
0x08099000 G_ACT1
0x00099000 COMP
0x00099040 COMP
0x00099080 COMP
0x000990c0 COMP
0x00099100 COMP
0x00099140 COMP
0x00099180 COMP
0x000991c0 COMP
0x00099200 COMP
0x00099240 COMP
0x00099280 COMP
0x000992c0 COMP
0x00099300 COMP
0x00099340 COMP
0x00099380 COMP
0x000993c0 COMP
READRES
0x00099800 G_ACT0
0x08099800 G_ACT1
0x00099800 COMP
0x00099840 COMP
0x00099880 COMP
0x000998c0 COMP
0x00099900 COMP
0x00099940 COMP
0x00099980 COMP
0x000999c0 COMP
0x00099a00 COMP
0x00099a40 COMP
0x00099a80 COMP
0x00099ac0 COMP
0x00099b00 COMP
0x00099b40 COMP
0x00099b80 COMP
0x00099bc0 COMP
READRES
0x0009a000 G_ACT0
0x0809a000 G_ACT1
0x0009a000 COMP
0x0009a040 COMP
0x0009a080 COMP
0x0009a0c0 COMP
0x0009a100 COMP
0x0009a140 COMP
0x0009a180 COMP
0x0009a1c0 COMP
0x0009a200 COMP
0x0009a240 COMP
0x0009a280 COMP
0x0009a2c0 COMP
0x0009a300 COMP
0x0009a340 COMP
0x0009a380 COMP
0x0009a3c0 COMP
READRES
0x0009a800 G_ACT0
0x0809a800 G_ACT1
0x0009a800 COMP
0x0009a840 COMP
0x0009a880 COMP
0x0009a8c0 COMP
0x0009a900 COMP
0x0009a940 COMP
0x0009a980 COMP
0x0009a9c0 COMP
0x0009aa00 COMP
0x0009aa40 COMP
0x0009aa80 COMP
0x0009aac0 COMP
0x0009ab00 COMP
0x0009ab40 COMP
0x0009ab80 COMP
0x0009abc0 COMP
READRES
0x0009b000 G_ACT0
0x0809b000 G_ACT1
0x0009b000 COMP
0x0009b040 COMP
0x0009b080 COMP
0x0009b0c0 COMP
0x0009b100 COMP
0x0009b140 COMP
0x0009b180 COMP
0x0009b1c0 COMP
0x0009b200 COMP
0x0009b240 COMP
0x0009b280 COMP
0x0009b2c0 COMP
0x0009b300 COMP
0x0009b340 COMP
0x0009b380 COMP
0x0009b3c0 COMP
READRES
0x0009b800 G_ACT0
0x0809b800 G_ACT1
0x0009b800 COMP
0x0009b840 COMP
0x0009b880 COMP
0x0009b8c0 COMP
0x0009b900 COMP
0x0009b940 COMP
0x0009b980 COMP
0x0009b9c0 COMP
0x0009ba00 COMP
0x0009ba40 COMP
0x0009ba80 COMP
0x0009bac0 COMP
0x0009bb00 COMP
0x0009bb40 COMP
0x0009bb80 COMP
0x0009bbc0 COMP
READRES
0x0009c000 G_ACT0
0x0809c000 G_ACT1
0x0009c000 COMP
0x0009c040 COMP
0x0009c080 COMP
0x0009c0c0 COMP
0x0009c100 COMP
0x0009c140 COMP
0x0009c180 COMP
0x0009c1c0 COMP
0x0009c200 COMP
0x0009c240 COMP
0x0009c280 COMP
0x0009c2c0 COMP
0x0009c300 COMP
0x0009c340 COMP
0x0009c380 COMP
0x0009c3c0 COMP
READRES
0x0009c800 G_ACT0
0x0809c800 G_ACT1
0x0009c800 COMP
0x0009c840 COMP
0x0009c880 COMP
0x0009c8c0 COMP
0x0009c900 COMP
0x0009c940 COMP
0x0009c980 COMP
0x0009c9c0 COMP
0x0009ca00 COMP
0x0009ca40 COMP
0x0009ca80 COMP
0x0009cac0 COMP
0x0009cb00 COMP
0x0009cb40 COMP
0x0009cb80 COMP
0x0009cbc0 COMP
READRES
0x0009d000 G_ACT0
0x0809d000 G_ACT1
0x0009d000 COMP
0x0009d040 COMP
0x0009d080 COMP
0x0009d0c0 COMP
0x0009d100 COMP
0x0009d140 COMP
0x0009d180 COMP
0x0009d1c0 COMP
0x0009d200 COMP
0x0009d240 COMP
0x0009d280 COMP
0x0009d2c0 COMP
0x0009d300 COMP
0x0009d340 COMP
0x0009d380 COMP
0x0009d3c0 COMP
READRES
0x0009d800 G_ACT0
0x0809d800 G_ACT1
0x0009d800 COMP
0x0009d840 COMP
0x0009d880 COMP
0x0009d8c0 COMP
0x0009d900 COMP
0x0009d940 COMP
0x0009d980 COMP
0x0009d9c0 COMP
0x0009da00 COMP
0x0009da40 COMP
0x0009da80 COMP
0x0009dac0 COMP
0x0009db00 COMP
0x0009db40 COMP
0x0009db80 COMP
0x0009dbc0 COMP
READRES
0x0009e000 G_ACT0
0x0809e000 G_ACT1
0x0009e000 COMP
0x0009e040 COMP
0x0009e080 COMP
0x0009e0c0 COMP
0x0009e100 COMP
0x0009e140 COMP
0x0009e180 COMP
0x0009e1c0 COMP
0x0009e200 COMP
0x0009e240 COMP
0x0009e280 COMP
0x0009e2c0 COMP
0x0009e300 COMP
0x0009e340 COMP
0x0009e380 COMP
0x0009e3c0 COMP
READRES
0x0009e800 G_ACT0
0x0809e800 G_ACT1
0x0009e800 COMP
0x0009e840 COMP
0x0009e880 COMP
0x0009e8c0 COMP
0x0009e900 COMP
0x0009e940 COMP
0x0009e980 COMP
0x0009e9c0 COMP
0x0009ea00 COMP
0x0009ea40 COMP
0x0009ea80 COMP
0x0009eac0 COMP
0x0009eb00 COMP
0x0009eb40 COMP
0x0009eb80 COMP
0x0009ebc0 COMP
READRES
0x0009f000 G_ACT0
0x0809f000 G_ACT1
0x0009f000 COMP
0x0009f040 COMP
0x0009f080 COMP
0x0009f0c0 COMP
0x0009f100 COMP
0x0009f140 COMP
0x0009f180 COMP
0x0009f1c0 COMP
0x0009f200 COMP
0x0009f240 COMP
0x0009f280 COMP
0x0009f2c0 COMP
0x0009f300 COMP
0x0009f340 COMP
0x0009f380 COMP
0x0009f3c0 COMP
READRES
0x0009f800 G_ACT0
0x0809f800 G_ACT1
0x0009f800 COMP
0x0009f840 COMP
0x0009f880 COMP
0x0009f8c0 COMP
0x0009f900 COMP
0x0009f940 COMP
0x0009f980 COMP
0x0009f9c0 COMP
0x0009fa00 COMP
0x0009fa40 COMP
0x0009fa80 COMP
0x0009fac0 COMP
0x0009fb00 COMP
0x0009fb40 COMP
0x0009fb80 COMP
0x0009fbc0 COMP
READRES
0x000a0000 G_ACT0
0x080a0000 G_ACT1
0x000a0000 COMP
0x000a0040 COMP
0x000a0080 COMP
0x000a00c0 COMP
0x000a0100 COMP
0x000a0140 COMP
0x000a0180 COMP
0x000a01c0 COMP
0x000a0200 COMP
0x000a0240 COMP
0x000a0280 COMP
0x000a02c0 COMP
0x000a0300 COMP
0x000a0340 COMP
0x000a0380 COMP
0x000a03c0 COMP
READRES
0x000a0800 G_ACT0
0x080a0800 G_ACT1
0x000a0800 COMP
0x000a0840 COMP
0x000a0880 COMP
0x000a08c0 COMP
0x000a0900 COMP
0x000a0940 COMP
0x000a0980 COMP
0x000a09c0 COMP
0x000a0a00 COMP
0x000a0a40 COMP
0x000a0a80 COMP
0x000a0ac0 COMP
0x000a0b00 COMP
0x000a0b40 COMP
0x000a0b80 COMP
0x000a0bc0 COMP
READRES
0x000a1000 G_ACT0
0x080a1000 G_ACT1
0x000a1000 COMP
0x000a1040 COMP
0x000a1080 COMP
0x000a10c0 COMP
0x000a1100 COMP
0x000a1140 COMP
0x000a1180 COMP
0x000a11c0 COMP
0x000a1200 COMP
0x000a1240 COMP
0x000a1280 COMP
0x000a12c0 COMP
0x000a1300 COMP
0x000a1340 COMP
0x000a1380 COMP
0x000a13c0 COMP
READRES
0x000a1800 G_ACT0
0x080a1800 G_ACT1
0x000a1800 COMP
0x000a1840 COMP
0x000a1880 COMP
0x000a18c0 COMP
0x000a1900 COMP
0x000a1940 COMP
0x000a1980 COMP
0x000a19c0 COMP
0x000a1a00 COMP
0x000a1a40 COMP
0x000a1a80 COMP
0x000a1ac0 COMP
0x000a1b00 COMP
0x000a1b40 COMP
0x000a1b80 COMP
0x000a1bc0 COMP
READRES
0x000a2000 G_ACT0
0x080a2000 G_ACT1
0x000a2000 COMP
0x000a2040 COMP
0x000a2080 COMP
0x000a20c0 COMP
0x000a2100 COMP
0x000a2140 COMP
0x000a2180 COMP
0x000a21c0 COMP
0x000a2200 COMP
0x000a2240 COMP
0x000a2280 COMP
0x000a22c0 COMP
0x000a2300 COMP
0x000a2340 COMP
0x000a2380 COMP
0x000a23c0 COMP
READRES
0x000a2800 G_ACT0
0x080a2800 G_ACT1
0x000a2800 COMP
0x000a2840 COMP
0x000a2880 COMP
0x000a28c0 COMP
0x000a2900 COMP
0x000a2940 COMP
0x000a2980 COMP
0x000a29c0 COMP
0x000a2a00 COMP
0x000a2a40 COMP
0x000a2a80 COMP
0x000a2ac0 COMP
0x000a2b00 COMP
0x000a2b40 COMP
0x000a2b80 COMP
0x000a2bc0 COMP
READRES
0x000a3000 G_ACT0
0x080a3000 G_ACT1
0x000a3000 COMP
0x000a3040 COMP
0x000a3080 COMP
0x000a30c0 COMP
0x000a3100 COMP
0x000a3140 COMP
0x000a3180 COMP
0x000a31c0 COMP
0x000a3200 COMP
0x000a3240 COMP
0x000a3280 COMP
0x000a32c0 COMP
0x000a3300 COMP
0x000a3340 COMP
0x000a3380 COMP
0x000a33c0 COMP
READRES
0x000a3800 G_ACT0
0x080a3800 G_ACT1
0x000a3800 COMP
0x000a3840 COMP
0x000a3880 COMP
0x000a38c0 COMP
0x000a3900 COMP
0x000a3940 COMP
0x000a3980 COMP
0x000a39c0 COMP
0x000a3a00 COMP
0x000a3a40 COMP
0x000a3a80 COMP
0x000a3ac0 COMP
0x000a3b00 COMP
0x000a3b40 COMP
0x000a3b80 COMP
0x000a3bc0 COMP
READRES
0x000a4000 G_ACT0
0x080a4000 G_ACT1
0x000a4000 COMP
0x000a4040 COMP
0x000a4080 COMP
0x000a40c0 COMP
0x000a4100 COMP
0x000a4140 COMP
0x000a4180 COMP
0x000a41c0 COMP
0x000a4200 COMP
0x000a4240 COMP
0x000a4280 COMP
0x000a42c0 COMP
0x000a4300 COMP
0x000a4340 COMP
0x000a4380 COMP
0x000a43c0 COMP
READRES
0x000a4800 G_ACT0
0x080a4800 G_ACT1
0x000a4800 COMP
0x000a4840 COMP
0x000a4880 COMP
0x000a48c0 COMP
0x000a4900 COMP
0x000a4940 COMP
0x000a4980 COMP
0x000a49c0 COMP
0x000a4a00 COMP
0x000a4a40 COMP
0x000a4a80 COMP
0x000a4ac0 COMP
0x000a4b00 COMP
0x000a4b40 COMP
0x000a4b80 COMP
0x000a4bc0 COMP
READRES
0x000a5000 G_ACT0
0x080a5000 G_ACT1
0x000a5000 COMP
0x000a5040 COMP
0x000a5080 COMP
0x000a50c0 COMP
0x000a5100 COMP
0x000a5140 COMP
0x000a5180 COMP
0x000a51c0 COMP
0x000a5200 COMP
0x000a5240 COMP
0x000a5280 COMP
0x000a52c0 COMP
0x000a5300 COMP
0x000a5340 COMP
0x000a5380 COMP
0x000a53c0 COMP
READRES
0x000a5800 G_ACT0
0x080a5800 G_ACT1
0x000a5800 COMP
0x000a5840 COMP
0x000a5880 COMP
0x000a58c0 COMP
0x000a5900 COMP
0x000a5940 COMP
0x000a5980 COMP
0x000a59c0 COMP
0x000a5a00 COMP
0x000a5a40 COMP
0x000a5a80 COMP
0x000a5ac0 COMP
0x000a5b00 COMP
0x000a5b40 COMP
0x000a5b80 COMP
0x000a5bc0 COMP
READRES
0x000a6000 G_ACT0
0x080a6000 G_ACT1
0x000a6000 COMP
0x000a6040 COMP
0x000a6080 COMP
0x000a60c0 COMP
0x000a6100 COMP
0x000a6140 COMP
0x000a6180 COMP
0x000a61c0 COMP
0x000a6200 COMP
0x000a6240 COMP
0x000a6280 COMP
0x000a62c0 COMP
0x000a6300 COMP
0x000a6340 COMP
0x000a6380 COMP
0x000a63c0 COMP
READRES
0x000a6800 G_ACT0
0x080a6800 G_ACT1
0x000a6800 COMP
0x000a6840 COMP
0x000a6880 COMP
0x000a68c0 COMP
0x000a6900 COMP
0x000a6940 COMP
0x000a6980 COMP
0x000a69c0 COMP
0x000a6a00 COMP
0x000a6a40 COMP
0x000a6a80 COMP
0x000a6ac0 COMP
0x000a6b00 COMP
0x000a6b40 COMP
0x000a6b80 COMP
0x000a6bc0 COMP
READRES
0x000a7000 G_ACT0
0x080a7000 G_ACT1
0x000a7000 COMP
0x000a7040 COMP
0x000a7080 COMP
0x000a70c0 COMP
0x000a7100 COMP
0x000a7140 COMP
0x000a7180 COMP
0x000a71c0 COMP
0x000a7200 COMP
0x000a7240 COMP
0x000a7280 COMP
0x000a72c0 COMP
0x000a7300 COMP
0x000a7340 COMP
0x000a7380 COMP
0x000a73c0 COMP
READRES
0x000a7800 G_ACT0
0x080a7800 G_ACT1
0x000a7800 COMP
0x000a7840 COMP
0x000a7880 COMP
0x000a78c0 COMP
0x000a7900 COMP
0x000a7940 COMP
0x000a7980 COMP
0x000a79c0 COMP
0x000a7a00 COMP
0x000a7a40 COMP
0x000a7a80 COMP
0x000a7ac0 COMP
0x000a7b00 COMP
0x000a7b40 COMP
0x000a7b80 COMP
0x000a7bc0 COMP
READRES
0x000a8000 G_ACT0
0x080a8000 G_ACT1
0x000a8000 COMP
0x000a8040 COMP
0x000a8080 COMP
0x000a80c0 COMP
0x000a8100 COMP
0x000a8140 COMP
0x000a8180 COMP
0x000a81c0 COMP
0x000a8200 COMP
0x000a8240 COMP
0x000a8280 COMP
0x000a82c0 COMP
0x000a8300 COMP
0x000a8340 COMP
0x000a8380 COMP
0x000a83c0 COMP
READRES
0x000a8800 G_ACT0
0x080a8800 G_ACT1
0x000a8800 COMP
0x000a8840 COMP
0x000a8880 COMP
0x000a88c0 COMP
0x000a8900 COMP
0x000a8940 COMP
0x000a8980 COMP
0x000a89c0 COMP
0x000a8a00 COMP
0x000a8a40 COMP
0x000a8a80 COMP
0x000a8ac0 COMP
0x000a8b00 COMP
0x000a8b40 COMP
0x000a8b80 COMP
0x000a8bc0 COMP
READRES
0x000a9000 G_ACT0
0x080a9000 G_ACT1
0x000a9000 COMP
0x000a9040 COMP
0x000a9080 COMP
0x000a90c0 COMP
0x000a9100 COMP
0x000a9140 COMP
0x000a9180 COMP
0x000a91c0 COMP
0x000a9200 COMP
0x000a9240 COMP
0x000a9280 COMP
0x000a92c0 COMP
0x000a9300 COMP
0x000a9340 COMP
0x000a9380 COMP
0x000a93c0 COMP
READRES
0x000a9800 G_ACT0
0x080a9800 G_ACT1
0x000a9800 COMP
0x000a9840 COMP
0x000a9880 COMP
0x000a98c0 COMP
0x000a9900 COMP
0x000a9940 COMP
0x000a9980 COMP
0x000a99c0 COMP
0x000a9a00 COMP
0x000a9a40 COMP
0x000a9a80 COMP
0x000a9ac0 COMP
0x000a9b00 COMP
0x000a9b40 COMP
0x000a9b80 COMP
0x000a9bc0 COMP
READRES
0x000aa000 G_ACT0
0x080aa000 G_ACT1
0x000aa000 COMP
0x000aa040 COMP
0x000aa080 COMP
0x000aa0c0 COMP
0x000aa100 COMP
0x000aa140 COMP
0x000aa180 COMP
0x000aa1c0 COMP
0x000aa200 COMP
0x000aa240 COMP
0x000aa280 COMP
0x000aa2c0 COMP
0x000aa300 COMP
0x000aa340 COMP
0x000aa380 COMP
0x000aa3c0 COMP
READRES
0x000aa800 G_ACT0
0x080aa800 G_ACT1
0x000aa800 COMP
0x000aa840 COMP
0x000aa880 COMP
0x000aa8c0 COMP
0x000aa900 COMP
0x000aa940 COMP
0x000aa980 COMP
0x000aa9c0 COMP
0x000aaa00 COMP
0x000aaa40 COMP
0x000aaa80 COMP
0x000aaac0 COMP
0x000aab00 COMP
0x000aab40 COMP
0x000aab80 COMP
0x000aabc0 COMP
READRES
0x000ab000 G_ACT0
0x080ab000 G_ACT1
0x000ab000 COMP
0x000ab040 COMP
0x000ab080 COMP
0x000ab0c0 COMP
0x000ab100 COMP
0x000ab140 COMP
0x000ab180 COMP
0x000ab1c0 COMP
0x000ab200 COMP
0x000ab240 COMP
0x000ab280 COMP
0x000ab2c0 COMP
0x000ab300 COMP
0x000ab340 COMP
0x000ab380 COMP
0x000ab3c0 COMP
READRES
0x000ab800 G_ACT0
0x080ab800 G_ACT1
0x000ab800 COMP
0x000ab840 COMP
0x000ab880 COMP
0x000ab8c0 COMP
0x000ab900 COMP
0x000ab940 COMP
0x000ab980 COMP
0x000ab9c0 COMP
0x000aba00 COMP
0x000aba40 COMP
0x000aba80 COMP
0x000abac0 COMP
0x000abb00 COMP
0x000abb40 COMP
0x000abb80 COMP
0x000abbc0 COMP
READRES
0x000ac000 G_ACT0
0x080ac000 G_ACT1
0x000ac000 COMP
0x000ac040 COMP
0x000ac080 COMP
0x000ac0c0 COMP
0x000ac100 COMP
0x000ac140 COMP
0x000ac180 COMP
0x000ac1c0 COMP
0x000ac200 COMP
0x000ac240 COMP
0x000ac280 COMP
0x000ac2c0 COMP
0x000ac300 COMP
0x000ac340 COMP
0x000ac380 COMP
0x000ac3c0 COMP
READRES
0x000ac800 G_ACT0
0x080ac800 G_ACT1
0x000ac800 COMP
0x000ac840 COMP
0x000ac880 COMP
0x000ac8c0 COMP
0x000ac900 COMP
0x000ac940 COMP
0x000ac980 COMP
0x000ac9c0 COMP
0x000aca00 COMP
0x000aca40 COMP
0x000aca80 COMP
0x000acac0 COMP
0x000acb00 COMP
0x000acb40 COMP
0x000acb80 COMP
0x000acbc0 COMP
READRES
0x000ad000 G_ACT0
0x080ad000 G_ACT1
0x000ad000 COMP
0x000ad040 COMP
0x000ad080 COMP
0x000ad0c0 COMP
0x000ad100 COMP
0x000ad140 COMP
0x000ad180 COMP
0x000ad1c0 COMP
0x000ad200 COMP
0x000ad240 COMP
0x000ad280 COMP
0x000ad2c0 COMP
0x000ad300 COMP
0x000ad340 COMP
0x000ad380 COMP
0x000ad3c0 COMP
READRES
0x000ad800 G_ACT0
0x080ad800 G_ACT1
0x000ad800 COMP
0x000ad840 COMP
0x000ad880 COMP
0x000ad8c0 COMP
0x000ad900 COMP
0x000ad940 COMP
0x000ad980 COMP
0x000ad9c0 COMP
0x000ada00 COMP
0x000ada40 COMP
0x000ada80 COMP
0x000adac0 COMP
0x000adb00 COMP
0x000adb40 COMP
0x000adb80 COMP
0x000adbc0 COMP
READRES
0x000ae000 G_ACT0
0x080ae000 G_ACT1
0x000ae000 COMP
0x000ae040 COMP
0x000ae080 COMP
0x000ae0c0 COMP
0x000ae100 COMP
0x000ae140 COMP
0x000ae180 COMP
0x000ae1c0 COMP
0x000ae200 COMP
0x000ae240 COMP
0x000ae280 COMP
0x000ae2c0 COMP
0x000ae300 COMP
0x000ae340 COMP
0x000ae380 COMP
0x000ae3c0 COMP
READRES
0x000ae800 G_ACT0
0x080ae800 G_ACT1
0x000ae800 COMP
0x000ae840 COMP
0x000ae880 COMP
0x000ae8c0 COMP
0x000ae900 COMP
0x000ae940 COMP
0x000ae980 COMP
0x000ae9c0 COMP
0x000aea00 COMP
0x000aea40 COMP
0x000aea80 COMP
0x000aeac0 COMP
0x000aeb00 COMP
0x000aeb40 COMP
0x000aeb80 COMP
0x000aebc0 COMP
READRES
0x000af000 G_ACT0
0x080af000 G_ACT1
0x000af000 COMP
0x000af040 COMP
0x000af080 COMP
0x000af0c0 COMP
0x000af100 COMP
0x000af140 COMP
0x000af180 COMP
0x000af1c0 COMP
0x000af200 COMP
0x000af240 COMP
0x000af280 COMP
0x000af2c0 COMP
0x000af300 COMP
0x000af340 COMP
0x000af380 COMP
0x000af3c0 COMP
READRES
0x000af800 G_ACT0
0x080af800 G_ACT1
0x000af800 COMP
0x000af840 COMP
0x000af880 COMP
0x000af8c0 COMP
0x000af900 COMP
0x000af940 COMP
0x000af980 COMP
0x000af9c0 COMP
0x000afa00 COMP
0x000afa40 COMP
0x000afa80 COMP
0x000afac0 COMP
0x000afb00 COMP
0x000afb40 COMP
0x000afb80 COMP
0x000afbc0 COMP
READRES
0x000b0000 G_ACT0
0x080b0000 G_ACT1
0x000b0000 COMP
0x000b0040 COMP
0x000b0080 COMP
0x000b00c0 COMP
0x000b0100 COMP
0x000b0140 COMP
0x000b0180 COMP
0x000b01c0 COMP
0x000b0200 COMP
0x000b0240 COMP
0x000b0280 COMP
0x000b02c0 COMP
0x000b0300 COMP
0x000b0340 COMP
0x000b0380 COMP
0x000b03c0 COMP
READRES
0x000b0800 G_ACT0
0x080b0800 G_ACT1
0x000b0800 COMP
0x000b0840 COMP
0x000b0880 COMP
0x000b08c0 COMP
0x000b0900 COMP
0x000b0940 COMP
0x000b0980 COMP
0x000b09c0 COMP
0x000b0a00 COMP
0x000b0a40 COMP
0x000b0a80 COMP
0x000b0ac0 COMP
0x000b0b00 COMP
0x000b0b40 COMP
0x000b0b80 COMP
0x000b0bc0 COMP
READRES
0x000b1000 G_ACT0
0x080b1000 G_ACT1
0x000b1000 COMP
0x000b1040 COMP
0x000b1080 COMP
0x000b10c0 COMP
0x000b1100 COMP
0x000b1140 COMP
0x000b1180 COMP
0x000b11c0 COMP
0x000b1200 COMP
0x000b1240 COMP
0x000b1280 COMP
0x000b12c0 COMP
0x000b1300 COMP
0x000b1340 COMP
0x000b1380 COMP
0x000b13c0 COMP
READRES
0x000b1800 G_ACT0
0x080b1800 G_ACT1
0x000b1800 COMP
0x000b1840 COMP
0x000b1880 COMP
0x000b18c0 COMP
0x000b1900 COMP
0x000b1940 COMP
0x000b1980 COMP
0x000b19c0 COMP
0x000b1a00 COMP
0x000b1a40 COMP
0x000b1a80 COMP
0x000b1ac0 COMP
0x000b1b00 COMP
0x000b1b40 COMP
0x000b1b80 COMP
0x000b1bc0 COMP
READRES
0x000b2000 G_ACT0
0x080b2000 G_ACT1
0x000b2000 COMP
0x000b2040 COMP
0x000b2080 COMP
0x000b20c0 COMP
0x000b2100 COMP
0x000b2140 COMP
0x000b2180 COMP
0x000b21c0 COMP
0x000b2200 COMP
0x000b2240 COMP
0x000b2280 COMP
0x000b22c0 COMP
0x000b2300 COMP
0x000b2340 COMP
0x000b2380 COMP
0x000b23c0 COMP
READRES
0x000b2800 G_ACT0
0x080b2800 G_ACT1
0x000b2800 COMP
0x000b2840 COMP
0x000b2880 COMP
0x000b28c0 COMP
0x000b2900 COMP
0x000b2940 COMP
0x000b2980 COMP
0x000b29c0 COMP
0x000b2a00 COMP
0x000b2a40 COMP
0x000b2a80 COMP
0x000b2ac0 COMP
0x000b2b00 COMP
0x000b2b40 COMP
0x000b2b80 COMP
0x000b2bc0 COMP
READRES
0x000b3000 G_ACT0
0x080b3000 G_ACT1
0x000b3000 COMP
0x000b3040 COMP
0x000b3080 COMP
0x000b30c0 COMP
0x000b3100 COMP
0x000b3140 COMP
0x000b3180 COMP
0x000b31c0 COMP
0x000b3200 COMP
0x000b3240 COMP
0x000b3280 COMP
0x000b32c0 COMP
0x000b3300 COMP
0x000b3340 COMP
0x000b3380 COMP
0x000b33c0 COMP
READRES
0x000b3800 G_ACT0
0x080b3800 G_ACT1
0x000b3800 COMP
0x000b3840 COMP
0x000b3880 COMP
0x000b38c0 COMP
0x000b3900 COMP
0x000b3940 COMP
0x000b3980 COMP
0x000b39c0 COMP
0x000b3a00 COMP
0x000b3a40 COMP
0x000b3a80 COMP
0x000b3ac0 COMP
0x000b3b00 COMP
0x000b3b40 COMP
0x000b3b80 COMP
0x000b3bc0 COMP
READRES
0x000b4000 G_ACT0
0x080b4000 G_ACT1
0x000b4000 COMP
0x000b4040 COMP
0x000b4080 COMP
0x000b40c0 COMP
0x000b4100 COMP
0x000b4140 COMP
0x000b4180 COMP
0x000b41c0 COMP
0x000b4200 COMP
0x000b4240 COMP
0x000b4280 COMP
0x000b42c0 COMP
0x000b4300 COMP
0x000b4340 COMP
0x000b4380 COMP
0x000b43c0 COMP
READRES
0x000b4800 G_ACT0
0x080b4800 G_ACT1
0x000b4800 COMP
0x000b4840 COMP
0x000b4880 COMP
0x000b48c0 COMP
0x000b4900 COMP
0x000b4940 COMP
0x000b4980 COMP
0x000b49c0 COMP
0x000b4a00 COMP
0x000b4a40 COMP
0x000b4a80 COMP
0x000b4ac0 COMP
0x000b4b00 COMP
0x000b4b40 COMP
0x000b4b80 COMP
0x000b4bc0 COMP
READRES
0x000b5000 G_ACT0
0x080b5000 G_ACT1
0x000b5000 COMP
0x000b5040 COMP
0x000b5080 COMP
0x000b50c0 COMP
0x000b5100 COMP
0x000b5140 COMP
0x000b5180 COMP
0x000b51c0 COMP
0x000b5200 COMP
0x000b5240 COMP
0x000b5280 COMP
0x000b52c0 COMP
0x000b5300 COMP
0x000b5340 COMP
0x000b5380 COMP
0x000b53c0 COMP
READRES
0x000b5800 G_ACT0
0x080b5800 G_ACT1
0x000b5800 COMP
0x000b5840 COMP
0x000b5880 COMP
0x000b58c0 COMP
0x000b5900 COMP
0x000b5940 COMP
0x000b5980 COMP
0x000b59c0 COMP
0x000b5a00 COMP
0x000b5a40 COMP
0x000b5a80 COMP
0x000b5ac0 COMP
0x000b5b00 COMP
0x000b5b40 COMP
0x000b5b80 COMP
0x000b5bc0 COMP
READRES
0x000b6000 G_ACT0
0x080b6000 G_ACT1
0x000b6000 COMP
0x000b6040 COMP
0x000b6080 COMP
0x000b60c0 COMP
0x000b6100 COMP
0x000b6140 COMP
0x000b6180 COMP
0x000b61c0 COMP
0x000b6200 COMP
0x000b6240 COMP
0x000b6280 COMP
0x000b62c0 COMP
0x000b6300 COMP
0x000b6340 COMP
0x000b6380 COMP
0x000b63c0 COMP
READRES
0x000b6800 G_ACT0
0x080b6800 G_ACT1
0x000b6800 COMP
0x000b6840 COMP
0x000b6880 COMP
0x000b68c0 COMP
0x000b6900 COMP
0x000b6940 COMP
0x000b6980 COMP
0x000b69c0 COMP
0x000b6a00 COMP
0x000b6a40 COMP
0x000b6a80 COMP
0x000b6ac0 COMP
0x000b6b00 COMP
0x000b6b40 COMP
0x000b6b80 COMP
0x000b6bc0 COMP
READRES
0x000b7000 G_ACT0
0x080b7000 G_ACT1
0x000b7000 COMP
0x000b7040 COMP
0x000b7080 COMP
0x000b70c0 COMP
0x000b7100 COMP
0x000b7140 COMP
0x000b7180 COMP
0x000b71c0 COMP
0x000b7200 COMP
0x000b7240 COMP
0x000b7280 COMP
0x000b72c0 COMP
0x000b7300 COMP
0x000b7340 COMP
0x000b7380 COMP
0x000b73c0 COMP
READRES
0x000b7800 G_ACT0
0x080b7800 G_ACT1
0x000b7800 COMP
0x000b7840 COMP
0x000b7880 COMP
0x000b78c0 COMP
0x000b7900 COMP
0x000b7940 COMP
0x000b7980 COMP
0x000b79c0 COMP
0x000b7a00 COMP
0x000b7a40 COMP
0x000b7a80 COMP
0x000b7ac0 COMP
0x000b7b00 COMP
0x000b7b40 COMP
0x000b7b80 COMP
0x000b7bc0 COMP
READRES
0x000b8000 G_ACT0
0x080b8000 G_ACT1
0x000b8000 COMP
0x000b8040 COMP
0x000b8080 COMP
0x000b80c0 COMP
0x000b8100 COMP
0x000b8140 COMP
0x000b8180 COMP
0x000b81c0 COMP
0x000b8200 COMP
0x000b8240 COMP
0x000b8280 COMP
0x000b82c0 COMP
0x000b8300 COMP
0x000b8340 COMP
0x000b8380 COMP
0x000b83c0 COMP
READRES
0x000b8800 G_ACT0
0x080b8800 G_ACT1
0x000b8800 COMP
0x000b8840 COMP
0x000b8880 COMP
0x000b88c0 COMP
0x000b8900 COMP
0x000b8940 COMP
0x000b8980 COMP
0x000b89c0 COMP
0x000b8a00 COMP
0x000b8a40 COMP
0x000b8a80 COMP
0x000b8ac0 COMP
0x000b8b00 COMP
0x000b8b40 COMP
0x000b8b80 COMP
0x000b8bc0 COMP
READRES
0x000b9000 G_ACT0
0x080b9000 G_ACT1
0x000b9000 COMP
0x000b9040 COMP
0x000b9080 COMP
0x000b90c0 COMP
0x000b9100 COMP
0x000b9140 COMP
0x000b9180 COMP
0x000b91c0 COMP
0x000b9200 COMP
0x000b9240 COMP
0x000b9280 COMP
0x000b92c0 COMP
0x000b9300 COMP
0x000b9340 COMP
0x000b9380 COMP
0x000b93c0 COMP
READRES
0x000b9800 G_ACT0
0x080b9800 G_ACT1
0x000b9800 COMP
0x000b9840 COMP
0x000b9880 COMP
0x000b98c0 COMP
0x000b9900 COMP
0x000b9940 COMP
0x000b9980 COMP
0x000b99c0 COMP
0x000b9a00 COMP
0x000b9a40 COMP
0x000b9a80 COMP
0x000b9ac0 COMP
0x000b9b00 COMP
0x000b9b40 COMP
0x000b9b80 COMP
0x000b9bc0 COMP
READRES
0x000ba000 G_ACT0
0x080ba000 G_ACT1
0x000ba000 COMP
0x000ba040 COMP
0x000ba080 COMP
0x000ba0c0 COMP
0x000ba100 COMP
0x000ba140 COMP
0x000ba180 COMP
0x000ba1c0 COMP
0x000ba200 COMP
0x000ba240 COMP
0x000ba280 COMP
0x000ba2c0 COMP
0x000ba300 COMP
0x000ba340 COMP
0x000ba380 COMP
0x000ba3c0 COMP
READRES
0x000ba800 G_ACT0
0x080ba800 G_ACT1
0x000ba800 COMP
0x000ba840 COMP
0x000ba880 COMP
0x000ba8c0 COMP
0x000ba900 COMP
0x000ba940 COMP
0x000ba980 COMP
0x000ba9c0 COMP
0x000baa00 COMP
0x000baa40 COMP
0x000baa80 COMP
0x000baac0 COMP
0x000bab00 COMP
0x000bab40 COMP
0x000bab80 COMP
0x000babc0 COMP
READRES
0x000bb000 G_ACT0
0x080bb000 G_ACT1
0x000bb000 COMP
0x000bb040 COMP
0x000bb080 COMP
0x000bb0c0 COMP
0x000bb100 COMP
0x000bb140 COMP
0x000bb180 COMP
0x000bb1c0 COMP
0x000bb200 COMP
0x000bb240 COMP
0x000bb280 COMP
0x000bb2c0 COMP
0x000bb300 COMP
0x000bb340 COMP
0x000bb380 COMP
0x000bb3c0 COMP
READRES
0x000bb800 G_ACT0
0x080bb800 G_ACT1
0x000bb800 COMP
0x000bb840 COMP
0x000bb880 COMP
0x000bb8c0 COMP
0x000bb900 COMP
0x000bb940 COMP
0x000bb980 COMP
0x000bb9c0 COMP
0x000bba00 COMP
0x000bba40 COMP
0x000bba80 COMP
0x000bbac0 COMP
0x000bbb00 COMP
0x000bbb40 COMP
0x000bbb80 COMP
0x000bbbc0 COMP
READRES
0x000bc000 G_ACT0
0x080bc000 G_ACT1
0x000bc000 COMP
0x000bc040 COMP
0x000bc080 COMP
0x000bc0c0 COMP
0x000bc100 COMP
0x000bc140 COMP
0x000bc180 COMP
0x000bc1c0 COMP
0x000bc200 COMP
0x000bc240 COMP
0x000bc280 COMP
0x000bc2c0 COMP
0x000bc300 COMP
0x000bc340 COMP
0x000bc380 COMP
0x000bc3c0 COMP
READRES
0x000bc800 G_ACT0
0x080bc800 G_ACT1
0x000bc800 COMP
0x000bc840 COMP
0x000bc880 COMP
0x000bc8c0 COMP
0x000bc900 COMP
0x000bc940 COMP
0x000bc980 COMP
0x000bc9c0 COMP
0x000bca00 COMP
0x000bca40 COMP
0x000bca80 COMP
0x000bcac0 COMP
0x000bcb00 COMP
0x000bcb40 COMP
0x000bcb80 COMP
0x000bcbc0 COMP
READRES
0x000bd000 G_ACT0
0x080bd000 G_ACT1
0x000bd000 COMP
0x000bd040 COMP
0x000bd080 COMP
0x000bd0c0 COMP
0x000bd100 COMP
0x000bd140 COMP
0x000bd180 COMP
0x000bd1c0 COMP
0x000bd200 COMP
0x000bd240 COMP
0x000bd280 COMP
0x000bd2c0 COMP
0x000bd300 COMP
0x000bd340 COMP
0x000bd380 COMP
0x000bd3c0 COMP
READRES
0x000bd800 G_ACT0
0x080bd800 G_ACT1
0x000bd800 COMP
0x000bd840 COMP
0x000bd880 COMP
0x000bd8c0 COMP
0x000bd900 COMP
0x000bd940 COMP
0x000bd980 COMP
0x000bd9c0 COMP
0x000bda00 COMP
0x000bda40 COMP
0x000bda80 COMP
0x000bdac0 COMP
0x000bdb00 COMP
0x000bdb40 COMP
0x000bdb80 COMP
0x000bdbc0 COMP
READRES
0x000be000 G_ACT0
0x080be000 G_ACT1
0x000be000 COMP
0x000be040 COMP
0x000be080 COMP
0x000be0c0 COMP
0x000be100 COMP
0x000be140 COMP
0x000be180 COMP
0x000be1c0 COMP
0x000be200 COMP
0x000be240 COMP
0x000be280 COMP
0x000be2c0 COMP
0x000be300 COMP
0x000be340 COMP
0x000be380 COMP
0x000be3c0 COMP
READRES
0x000be800 G_ACT0
0x080be800 G_ACT1
0x000be800 COMP
0x000be840 COMP
0x000be880 COMP
0x000be8c0 COMP
0x000be900 COMP
0x000be940 COMP
0x000be980 COMP
0x000be9c0 COMP
0x000bea00 COMP
0x000bea40 COMP
0x000bea80 COMP
0x000beac0 COMP
0x000beb00 COMP
0x000beb40 COMP
0x000beb80 COMP
0x000bebc0 COMP
READRES
0x000bf000 G_ACT0
0x080bf000 G_ACT1
0x000bf000 COMP
0x000bf040 COMP
0x000bf080 COMP
0x000bf0c0 COMP
0x000bf100 COMP
0x000bf140 COMP
0x000bf180 COMP
0x000bf1c0 COMP
0x000bf200 COMP
0x000bf240 COMP
0x000bf280 COMP
0x000bf2c0 COMP
0x000bf300 COMP
0x000bf340 COMP
0x000bf380 COMP
0x000bf3c0 COMP
READRES
0x000bf800 G_ACT0
0x080bf800 G_ACT1
0x000bf800 COMP
0x000bf840 COMP
0x000bf880 COMP
0x000bf8c0 COMP
0x000bf900 COMP
0x000bf940 COMP
0x000bf980 COMP
0x000bf9c0 COMP
0x000bfa00 COMP
0x000bfa40 COMP
0x000bfa80 COMP
0x000bfac0 COMP
0x000bfb00 COMP
0x000bfb40 COMP
0x000bfb80 COMP
0x000bfbc0 COMP
READRES
0x000c0000 G_ACT0
0x080c0000 G_ACT1
0x000c0000 COMP
0x000c0040 COMP
0x000c0080 COMP
0x000c00c0 COMP
0x000c0100 COMP
0x000c0140 COMP
0x000c0180 COMP
0x000c01c0 COMP
0x000c0200 COMP
0x000c0240 COMP
0x000c0280 COMP
0x000c02c0 COMP
0x000c0300 COMP
0x000c0340 COMP
0x000c0380 COMP
0x000c03c0 COMP
READRES
0x000c0800 G_ACT0
0x080c0800 G_ACT1
0x000c0800 COMP
0x000c0840 COMP
0x000c0880 COMP
0x000c08c0 COMP
0x000c0900 COMP
0x000c0940 COMP
0x000c0980 COMP
0x000c09c0 COMP
0x000c0a00 COMP
0x000c0a40 COMP
0x000c0a80 COMP
0x000c0ac0 COMP
0x000c0b00 COMP
0x000c0b40 COMP
0x000c0b80 COMP
0x000c0bc0 COMP
READRES
0x000c1000 G_ACT0
0x080c1000 G_ACT1
0x000c1000 COMP
0x000c1040 COMP
0x000c1080 COMP
0x000c10c0 COMP
0x000c1100 COMP
0x000c1140 COMP
0x000c1180 COMP
0x000c11c0 COMP
0x000c1200 COMP
0x000c1240 COMP
0x000c1280 COMP
0x000c12c0 COMP
0x000c1300 COMP
0x000c1340 COMP
0x000c1380 COMP
0x000c13c0 COMP
READRES
0x000c1800 G_ACT0
0x080c1800 G_ACT1
0x000c1800 COMP
0x000c1840 COMP
0x000c1880 COMP
0x000c18c0 COMP
0x000c1900 COMP
0x000c1940 COMP
0x000c1980 COMP
0x000c19c0 COMP
0x000c1a00 COMP
0x000c1a40 COMP
0x000c1a80 COMP
0x000c1ac0 COMP
0x000c1b00 COMP
0x000c1b40 COMP
0x000c1b80 COMP
0x000c1bc0 COMP
READRES
0x000c2000 G_ACT0
0x080c2000 G_ACT1
0x000c2000 COMP
0x000c2040 COMP
0x000c2080 COMP
0x000c20c0 COMP
0x000c2100 COMP
0x000c2140 COMP
0x000c2180 COMP
0x000c21c0 COMP
0x000c2200 COMP
0x000c2240 COMP
0x000c2280 COMP
0x000c22c0 COMP
0x000c2300 COMP
0x000c2340 COMP
0x000c2380 COMP
0x000c23c0 COMP
READRES
0x000c2800 G_ACT0
0x080c2800 G_ACT1
0x000c2800 COMP
0x000c2840 COMP
0x000c2880 COMP
0x000c28c0 COMP
0x000c2900 COMP
0x000c2940 COMP
0x000c2980 COMP
0x000c29c0 COMP
0x000c2a00 COMP
0x000c2a40 COMP
0x000c2a80 COMP
0x000c2ac0 COMP
0x000c2b00 COMP
0x000c2b40 COMP
0x000c2b80 COMP
0x000c2bc0 COMP
READRES
0x000c3000 G_ACT0
0x080c3000 G_ACT1
0x000c3000 COMP
0x000c3040 COMP
0x000c3080 COMP
0x000c30c0 COMP
0x000c3100 COMP
0x000c3140 COMP
0x000c3180 COMP
0x000c31c0 COMP
0x000c3200 COMP
0x000c3240 COMP
0x000c3280 COMP
0x000c32c0 COMP
0x000c3300 COMP
0x000c3340 COMP
0x000c3380 COMP
0x000c33c0 COMP
READRES
0x000c3800 G_ACT0
0x080c3800 G_ACT1
0x000c3800 COMP
0x000c3840 COMP
0x000c3880 COMP
0x000c38c0 COMP
0x000c3900 COMP
0x000c3940 COMP
0x000c3980 COMP
0x000c39c0 COMP
0x000c3a00 COMP
0x000c3a40 COMP
0x000c3a80 COMP
0x000c3ac0 COMP
0x000c3b00 COMP
0x000c3b40 COMP
0x000c3b80 COMP
0x000c3bc0 COMP
READRES
0x000c4000 G_ACT0
0x080c4000 G_ACT1
0x000c4000 COMP
0x000c4040 COMP
0x000c4080 COMP
0x000c40c0 COMP
0x000c4100 COMP
0x000c4140 COMP
0x000c4180 COMP
0x000c41c0 COMP
0x000c4200 COMP
0x000c4240 COMP
0x000c4280 COMP
0x000c42c0 COMP
0x000c4300 COMP
0x000c4340 COMP
0x000c4380 COMP
0x000c43c0 COMP
READRES
0x000c4800 G_ACT0
0x080c4800 G_ACT1
0x000c4800 COMP
0x000c4840 COMP
0x000c4880 COMP
0x000c48c0 COMP
0x000c4900 COMP
0x000c4940 COMP
0x000c4980 COMP
0x000c49c0 COMP
0x000c4a00 COMP
0x000c4a40 COMP
0x000c4a80 COMP
0x000c4ac0 COMP
0x000c4b00 COMP
0x000c4b40 COMP
0x000c4b80 COMP
0x000c4bc0 COMP
READRES
0x000c5000 G_ACT0
0x080c5000 G_ACT1
0x000c5000 COMP
0x000c5040 COMP
0x000c5080 COMP
0x000c50c0 COMP
0x000c5100 COMP
0x000c5140 COMP
0x000c5180 COMP
0x000c51c0 COMP
0x000c5200 COMP
0x000c5240 COMP
0x000c5280 COMP
0x000c52c0 COMP
0x000c5300 COMP
0x000c5340 COMP
0x000c5380 COMP
0x000c53c0 COMP
READRES
0x000c5800 G_ACT0
0x080c5800 G_ACT1
0x000c5800 COMP
0x000c5840 COMP
0x000c5880 COMP
0x000c58c0 COMP
0x000c5900 COMP
0x000c5940 COMP
0x000c5980 COMP
0x000c59c0 COMP
0x000c5a00 COMP
0x000c5a40 COMP
0x000c5a80 COMP
0x000c5ac0 COMP
0x000c5b00 COMP
0x000c5b40 COMP
0x000c5b80 COMP
0x000c5bc0 COMP
READRES
0x000c6000 G_ACT0
0x080c6000 G_ACT1
0x000c6000 COMP
0x000c6040 COMP
0x000c6080 COMP
0x000c60c0 COMP
0x000c6100 COMP
0x000c6140 COMP
0x000c6180 COMP
0x000c61c0 COMP
0x000c6200 COMP
0x000c6240 COMP
0x000c6280 COMP
0x000c62c0 COMP
0x000c6300 COMP
0x000c6340 COMP
0x000c6380 COMP
0x000c63c0 COMP
READRES
0x000c6800 G_ACT0
0x080c6800 G_ACT1
0x000c6800 COMP
0x000c6840 COMP
0x000c6880 COMP
0x000c68c0 COMP
0x000c6900 COMP
0x000c6940 COMP
0x000c6980 COMP
0x000c69c0 COMP
0x000c6a00 COMP
0x000c6a40 COMP
0x000c6a80 COMP
0x000c6ac0 COMP
0x000c6b00 COMP
0x000c6b40 COMP
0x000c6b80 COMP
0x000c6bc0 COMP
READRES
0x000c7000 G_ACT0
0x080c7000 G_ACT1
0x000c7000 COMP
0x000c7040 COMP
0x000c7080 COMP
0x000c70c0 COMP
0x000c7100 COMP
0x000c7140 COMP
0x000c7180 COMP
0x000c71c0 COMP
0x000c7200 COMP
0x000c7240 COMP
0x000c7280 COMP
0x000c72c0 COMP
0x000c7300 COMP
0x000c7340 COMP
0x000c7380 COMP
0x000c73c0 COMP
READRES
0x000c7800 G_ACT0
0x080c7800 G_ACT1
0x000c7800 COMP
0x000c7840 COMP
0x000c7880 COMP
0x000c78c0 COMP
0x000c7900 COMP
0x000c7940 COMP
0x000c7980 COMP
0x000c79c0 COMP
0x000c7a00 COMP
0x000c7a40 COMP
0x000c7a80 COMP
0x000c7ac0 COMP
0x000c7b00 COMP
0x000c7b40 COMP
0x000c7b80 COMP
0x000c7bc0 COMP
READRES
0x000c8000 G_ACT0
0x080c8000 G_ACT1
0x000c8000 COMP
0x000c8040 COMP
0x000c8080 COMP
0x000c80c0 COMP
0x000c8100 COMP
0x000c8140 COMP
0x000c8180 COMP
0x000c81c0 COMP
0x000c8200 COMP
0x000c8240 COMP
0x000c8280 COMP
0x000c82c0 COMP
0x000c8300 COMP
0x000c8340 COMP
0x000c8380 COMP
0x000c83c0 COMP
READRES
0x000c8800 G_ACT0
0x080c8800 G_ACT1
0x000c8800 COMP
0x000c8840 COMP
0x000c8880 COMP
0x000c88c0 COMP
0x000c8900 COMP
0x000c8940 COMP
0x000c8980 COMP
0x000c89c0 COMP
0x000c8a00 COMP
0x000c8a40 COMP
0x000c8a80 COMP
0x000c8ac0 COMP
0x000c8b00 COMP
0x000c8b40 COMP
0x000c8b80 COMP
0x000c8bc0 COMP
READRES
0x000c9000 G_ACT0
0x080c9000 G_ACT1
0x000c9000 COMP
0x000c9040 COMP
0x000c9080 COMP
0x000c90c0 COMP
0x000c9100 COMP
0x000c9140 COMP
0x000c9180 COMP
0x000c91c0 COMP
0x000c9200 COMP
0x000c9240 COMP
0x000c9280 COMP
0x000c92c0 COMP
0x000c9300 COMP
0x000c9340 COMP
0x000c9380 COMP
0x000c93c0 COMP
READRES
0x000c9800 G_ACT0
0x080c9800 G_ACT1
0x000c9800 COMP
0x000c9840 COMP
0x000c9880 COMP
0x000c98c0 COMP
0x000c9900 COMP
0x000c9940 COMP
0x000c9980 COMP
0x000c99c0 COMP
0x000c9a00 COMP
0x000c9a40 COMP
0x000c9a80 COMP
0x000c9ac0 COMP
0x000c9b00 COMP
0x000c9b40 COMP
0x000c9b80 COMP
0x000c9bc0 COMP
READRES
0x000ca000 G_ACT0
0x080ca000 G_ACT1
0x000ca000 COMP
0x000ca040 COMP
0x000ca080 COMP
0x000ca0c0 COMP
0x000ca100 COMP
0x000ca140 COMP
0x000ca180 COMP
0x000ca1c0 COMP
0x000ca200 COMP
0x000ca240 COMP
0x000ca280 COMP
0x000ca2c0 COMP
0x000ca300 COMP
0x000ca340 COMP
0x000ca380 COMP
0x000ca3c0 COMP
READRES
0x000ca800 G_ACT0
0x080ca800 G_ACT1
0x000ca800 COMP
0x000ca840 COMP
0x000ca880 COMP
0x000ca8c0 COMP
0x000ca900 COMP
0x000ca940 COMP
0x000ca980 COMP
0x000ca9c0 COMP
0x000caa00 COMP
0x000caa40 COMP
0x000caa80 COMP
0x000caac0 COMP
0x000cab00 COMP
0x000cab40 COMP
0x000cab80 COMP
0x000cabc0 COMP
READRES
0x000cb000 G_ACT0
0x080cb000 G_ACT1
0x000cb000 COMP
0x000cb040 COMP
0x000cb080 COMP
0x000cb0c0 COMP
0x000cb100 COMP
0x000cb140 COMP
0x000cb180 COMP
0x000cb1c0 COMP
0x000cb200 COMP
0x000cb240 COMP
0x000cb280 COMP
0x000cb2c0 COMP
0x000cb300 COMP
0x000cb340 COMP
0x000cb380 COMP
0x000cb3c0 COMP
READRES
0x000cb800 G_ACT0
0x080cb800 G_ACT1
0x000cb800 COMP
0x000cb840 COMP
0x000cb880 COMP
0x000cb8c0 COMP
0x000cb900 COMP
0x000cb940 COMP
0x000cb980 COMP
0x000cb9c0 COMP
0x000cba00 COMP
0x000cba40 COMP
0x000cba80 COMP
0x000cbac0 COMP
0x000cbb00 COMP
0x000cbb40 COMP
0x000cbb80 COMP
0x000cbbc0 COMP
READRES
0x000cc000 G_ACT0
0x080cc000 G_ACT1
0x000cc000 COMP
0x000cc040 COMP
0x000cc080 COMP
0x000cc0c0 COMP
0x000cc100 COMP
0x000cc140 COMP
0x000cc180 COMP
0x000cc1c0 COMP
0x000cc200 COMP
0x000cc240 COMP
0x000cc280 COMP
0x000cc2c0 COMP
0x000cc300 COMP
0x000cc340 COMP
0x000cc380 COMP
0x000cc3c0 COMP
READRES
0x000cc800 G_ACT0
0x080cc800 G_ACT1
0x000cc800 COMP
0x000cc840 COMP
0x000cc880 COMP
0x000cc8c0 COMP
0x000cc900 COMP
0x000cc940 COMP
0x000cc980 COMP
0x000cc9c0 COMP
0x000cca00 COMP
0x000cca40 COMP
0x000cca80 COMP
0x000ccac0 COMP
0x000ccb00 COMP
0x000ccb40 COMP
0x000ccb80 COMP
0x000ccbc0 COMP
READRES
0x000cd000 G_ACT0
0x080cd000 G_ACT1
0x000cd000 COMP
0x000cd040 COMP
0x000cd080 COMP
0x000cd0c0 COMP
0x000cd100 COMP
0x000cd140 COMP
0x000cd180 COMP
0x000cd1c0 COMP
0x000cd200 COMP
0x000cd240 COMP
0x000cd280 COMP
0x000cd2c0 COMP
0x000cd300 COMP
0x000cd340 COMP
0x000cd380 COMP
0x000cd3c0 COMP
READRES
0x000cd800 G_ACT0
0x080cd800 G_ACT1
0x000cd800 COMP
0x000cd840 COMP
0x000cd880 COMP
0x000cd8c0 COMP
0x000cd900 COMP
0x000cd940 COMP
0x000cd980 COMP
0x000cd9c0 COMP
0x000cda00 COMP
0x000cda40 COMP
0x000cda80 COMP
0x000cdac0 COMP
0x000cdb00 COMP
0x000cdb40 COMP
0x000cdb80 COMP
0x000cdbc0 COMP
READRES
0x000ce000 G_ACT0
0x080ce000 G_ACT1
0x000ce000 COMP
0x000ce040 COMP
0x000ce080 COMP
0x000ce0c0 COMP
0x000ce100 COMP
0x000ce140 COMP
0x000ce180 COMP
0x000ce1c0 COMP
0x000ce200 COMP
0x000ce240 COMP
0x000ce280 COMP
0x000ce2c0 COMP
0x000ce300 COMP
0x000ce340 COMP
0x000ce380 COMP
0x000ce3c0 COMP
READRES
0x000ce800 G_ACT0
0x080ce800 G_ACT1
0x000ce800 COMP
0x000ce840 COMP
0x000ce880 COMP
0x000ce8c0 COMP
0x000ce900 COMP
0x000ce940 COMP
0x000ce980 COMP
0x000ce9c0 COMP
0x000cea00 COMP
0x000cea40 COMP
0x000cea80 COMP
0x000ceac0 COMP
0x000ceb00 COMP
0x000ceb40 COMP
0x000ceb80 COMP
0x000cebc0 COMP
READRES
0x000cf000 G_ACT0
0x080cf000 G_ACT1
0x000cf000 COMP
0x000cf040 COMP
0x000cf080 COMP
0x000cf0c0 COMP
0x000cf100 COMP
0x000cf140 COMP
0x000cf180 COMP
0x000cf1c0 COMP
0x000cf200 COMP
0x000cf240 COMP
0x000cf280 COMP
0x000cf2c0 COMP
0x000cf300 COMP
0x000cf340 COMP
0x000cf380 COMP
0x000cf3c0 COMP
READRES
0x000cf800 G_ACT0
0x080cf800 G_ACT1
0x000cf800 COMP
0x000cf840 COMP
0x000cf880 COMP
0x000cf8c0 COMP
0x000cf900 COMP
0x000cf940 COMP
0x000cf980 COMP
0x000cf9c0 COMP
0x000cfa00 COMP
0x000cfa40 COMP
0x000cfa80 COMP
0x000cfac0 COMP
0x000cfb00 COMP
0x000cfb40 COMP
0x000cfb80 COMP
0x000cfbc0 COMP
READRES
0x000d0000 G_ACT0
0x080d0000 G_ACT1
0x000d0000 COMP
0x000d0040 COMP
0x000d0080 COMP
0x000d00c0 COMP
0x000d0100 COMP
0x000d0140 COMP
0x000d0180 COMP
0x000d01c0 COMP
0x000d0200 COMP
0x000d0240 COMP
0x000d0280 COMP
0x000d02c0 COMP
0x000d0300 COMP
0x000d0340 COMP
0x000d0380 COMP
0x000d03c0 COMP
READRES
0x000d0800 G_ACT0
0x080d0800 G_ACT1
0x000d0800 COMP
0x000d0840 COMP
0x000d0880 COMP
0x000d08c0 COMP
0x000d0900 COMP
0x000d0940 COMP
0x000d0980 COMP
0x000d09c0 COMP
0x000d0a00 COMP
0x000d0a40 COMP
0x000d0a80 COMP
0x000d0ac0 COMP
0x000d0b00 COMP
0x000d0b40 COMP
0x000d0b80 COMP
0x000d0bc0 COMP
READRES
0x000d1000 G_ACT0
0x080d1000 G_ACT1
0x000d1000 COMP
0x000d1040 COMP
0x000d1080 COMP
0x000d10c0 COMP
0x000d1100 COMP
0x000d1140 COMP
0x000d1180 COMP
0x000d11c0 COMP
0x000d1200 COMP
0x000d1240 COMP
0x000d1280 COMP
0x000d12c0 COMP
0x000d1300 COMP
0x000d1340 COMP
0x000d1380 COMP
0x000d13c0 COMP
READRES
0x000d1800 G_ACT0
0x080d1800 G_ACT1
0x000d1800 COMP
0x000d1840 COMP
0x000d1880 COMP
0x000d18c0 COMP
0x000d1900 COMP
0x000d1940 COMP
0x000d1980 COMP
0x000d19c0 COMP
0x000d1a00 COMP
0x000d1a40 COMP
0x000d1a80 COMP
0x000d1ac0 COMP
0x000d1b00 COMP
0x000d1b40 COMP
0x000d1b80 COMP
0x000d1bc0 COMP
READRES
0x000d2000 G_ACT0
0x080d2000 G_ACT1
0x000d2000 COMP
0x000d2040 COMP
0x000d2080 COMP
0x000d20c0 COMP
0x000d2100 COMP
0x000d2140 COMP
0x000d2180 COMP
0x000d21c0 COMP
0x000d2200 COMP
0x000d2240 COMP
0x000d2280 COMP
0x000d22c0 COMP
0x000d2300 COMP
0x000d2340 COMP
0x000d2380 COMP
0x000d23c0 COMP
READRES
0x000d2800 G_ACT0
0x080d2800 G_ACT1
0x000d2800 COMP
0x000d2840 COMP
0x000d2880 COMP
0x000d28c0 COMP
0x000d2900 COMP
0x000d2940 COMP
0x000d2980 COMP
0x000d29c0 COMP
0x000d2a00 COMP
0x000d2a40 COMP
0x000d2a80 COMP
0x000d2ac0 COMP
0x000d2b00 COMP
0x000d2b40 COMP
0x000d2b80 COMP
0x000d2bc0 COMP
READRES
0x000d3000 G_ACT0
0x080d3000 G_ACT1
0x000d3000 COMP
0x000d3040 COMP
0x000d3080 COMP
0x000d30c0 COMP
0x000d3100 COMP
0x000d3140 COMP
0x000d3180 COMP
0x000d31c0 COMP
0x000d3200 COMP
0x000d3240 COMP
0x000d3280 COMP
0x000d32c0 COMP
0x000d3300 COMP
0x000d3340 COMP
0x000d3380 COMP
0x000d33c0 COMP
READRES
0x000d3800 G_ACT0
0x080d3800 G_ACT1
0x000d3800 COMP
0x000d3840 COMP
0x000d3880 COMP
0x000d38c0 COMP
0x000d3900 COMP
0x000d3940 COMP
0x000d3980 COMP
0x000d39c0 COMP
0x000d3a00 COMP
0x000d3a40 COMP
0x000d3a80 COMP
0x000d3ac0 COMP
0x000d3b00 COMP
0x000d3b40 COMP
0x000d3b80 COMP
0x000d3bc0 COMP
READRES
0x000d4000 G_ACT0
0x080d4000 G_ACT1
0x000d4000 COMP
0x000d4040 COMP
0x000d4080 COMP
0x000d40c0 COMP
0x000d4100 COMP
0x000d4140 COMP
0x000d4180 COMP
0x000d41c0 COMP
0x000d4200 COMP
0x000d4240 COMP
0x000d4280 COMP
0x000d42c0 COMP
0x000d4300 COMP
0x000d4340 COMP
0x000d4380 COMP
0x000d43c0 COMP
READRES
0x000d4800 G_ACT0
0x080d4800 G_ACT1
0x000d4800 COMP
0x000d4840 COMP
0x000d4880 COMP
0x000d48c0 COMP
0x000d4900 COMP
0x000d4940 COMP
0x000d4980 COMP
0x000d49c0 COMP
0x000d4a00 COMP
0x000d4a40 COMP
0x000d4a80 COMP
0x000d4ac0 COMP
0x000d4b00 COMP
0x000d4b40 COMP
0x000d4b80 COMP
0x000d4bc0 COMP
READRES
0x000d5000 G_ACT0
0x080d5000 G_ACT1
0x000d5000 COMP
0x000d5040 COMP
0x000d5080 COMP
0x000d50c0 COMP
0x000d5100 COMP
0x000d5140 COMP
0x000d5180 COMP
0x000d51c0 COMP
0x000d5200 COMP
0x000d5240 COMP
0x000d5280 COMP
0x000d52c0 COMP
0x000d5300 COMP
0x000d5340 COMP
0x000d5380 COMP
0x000d53c0 COMP
READRES
0x000d5800 G_ACT0
0x080d5800 G_ACT1
0x000d5800 COMP
0x000d5840 COMP
0x000d5880 COMP
0x000d58c0 COMP
0x000d5900 COMP
0x000d5940 COMP
0x000d5980 COMP
0x000d59c0 COMP
0x000d5a00 COMP
0x000d5a40 COMP
0x000d5a80 COMP
0x000d5ac0 COMP
0x000d5b00 COMP
0x000d5b40 COMP
0x000d5b80 COMP
0x000d5bc0 COMP
READRES
0x000d6000 G_ACT0
0x080d6000 G_ACT1
0x000d6000 COMP
0x000d6040 COMP
0x000d6080 COMP
0x000d60c0 COMP
0x000d6100 COMP
0x000d6140 COMP
0x000d6180 COMP
0x000d61c0 COMP
0x000d6200 COMP
0x000d6240 COMP
0x000d6280 COMP
0x000d62c0 COMP
0x000d6300 COMP
0x000d6340 COMP
0x000d6380 COMP
0x000d63c0 COMP
READRES
0x000d6800 G_ACT0
0x080d6800 G_ACT1
0x000d6800 COMP
0x000d6840 COMP
0x000d6880 COMP
0x000d68c0 COMP
0x000d6900 COMP
0x000d6940 COMP
0x000d6980 COMP
0x000d69c0 COMP
0x000d6a00 COMP
0x000d6a40 COMP
0x000d6a80 COMP
0x000d6ac0 COMP
0x000d6b00 COMP
0x000d6b40 COMP
0x000d6b80 COMP
0x000d6bc0 COMP
READRES
0x000d7000 G_ACT0
0x080d7000 G_ACT1
0x000d7000 COMP
0x000d7040 COMP
0x000d7080 COMP
0x000d70c0 COMP
0x000d7100 COMP
0x000d7140 COMP
0x000d7180 COMP
0x000d71c0 COMP
0x000d7200 COMP
0x000d7240 COMP
0x000d7280 COMP
0x000d72c0 COMP
0x000d7300 COMP
0x000d7340 COMP
0x000d7380 COMP
0x000d73c0 COMP
READRES
0x000d7800 G_ACT0
0x080d7800 G_ACT1
0x000d7800 COMP
0x000d7840 COMP
0x000d7880 COMP
0x000d78c0 COMP
0x000d7900 COMP
0x000d7940 COMP
0x000d7980 COMP
0x000d79c0 COMP
0x000d7a00 COMP
0x000d7a40 COMP
0x000d7a80 COMP
0x000d7ac0 COMP
0x000d7b00 COMP
0x000d7b40 COMP
0x000d7b80 COMP
0x000d7bc0 COMP
READRES
0x000d8000 G_ACT0
0x080d8000 G_ACT1
0x000d8000 COMP
0x000d8040 COMP
0x000d8080 COMP
0x000d80c0 COMP
0x000d8100 COMP
0x000d8140 COMP
0x000d8180 COMP
0x000d81c0 COMP
0x000d8200 COMP
0x000d8240 COMP
0x000d8280 COMP
0x000d82c0 COMP
0x000d8300 COMP
0x000d8340 COMP
0x000d8380 COMP
0x000d83c0 COMP
READRES
0x000d8800 G_ACT0
0x080d8800 G_ACT1
0x000d8800 COMP
0x000d8840 COMP
0x000d8880 COMP
0x000d88c0 COMP
0x000d8900 COMP
0x000d8940 COMP
0x000d8980 COMP
0x000d89c0 COMP
0x000d8a00 COMP
0x000d8a40 COMP
0x000d8a80 COMP
0x000d8ac0 COMP
0x000d8b00 COMP
0x000d8b40 COMP
0x000d8b80 COMP
0x000d8bc0 COMP
READRES
0x000d9000 G_ACT0
0x080d9000 G_ACT1
0x000d9000 COMP
0x000d9040 COMP
0x000d9080 COMP
0x000d90c0 COMP
0x000d9100 COMP
0x000d9140 COMP
0x000d9180 COMP
0x000d91c0 COMP
0x000d9200 COMP
0x000d9240 COMP
0x000d9280 COMP
0x000d92c0 COMP
0x000d9300 COMP
0x000d9340 COMP
0x000d9380 COMP
0x000d93c0 COMP
READRES
0x000d9800 G_ACT0
0x080d9800 G_ACT1
0x000d9800 COMP
0x000d9840 COMP
0x000d9880 COMP
0x000d98c0 COMP
0x000d9900 COMP
0x000d9940 COMP
0x000d9980 COMP
0x000d99c0 COMP
0x000d9a00 COMP
0x000d9a40 COMP
0x000d9a80 COMP
0x000d9ac0 COMP
0x000d9b00 COMP
0x000d9b40 COMP
0x000d9b80 COMP
0x000d9bc0 COMP
READRES
0x000da000 G_ACT0
0x080da000 G_ACT1
0x000da000 COMP
0x000da040 COMP
0x000da080 COMP
0x000da0c0 COMP
0x000da100 COMP
0x000da140 COMP
0x000da180 COMP
0x000da1c0 COMP
0x000da200 COMP
0x000da240 COMP
0x000da280 COMP
0x000da2c0 COMP
0x000da300 COMP
0x000da340 COMP
0x000da380 COMP
0x000da3c0 COMP
READRES
0x000da800 G_ACT0
0x080da800 G_ACT1
0x000da800 COMP
0x000da840 COMP
0x000da880 COMP
0x000da8c0 COMP
0x000da900 COMP
0x000da940 COMP
0x000da980 COMP
0x000da9c0 COMP
0x000daa00 COMP
0x000daa40 COMP
0x000daa80 COMP
0x000daac0 COMP
0x000dab00 COMP
0x000dab40 COMP
0x000dab80 COMP
0x000dabc0 COMP
READRES
0x000db000 G_ACT0
0x080db000 G_ACT1
0x000db000 COMP
0x000db040 COMP
0x000db080 COMP
0x000db0c0 COMP
0x000db100 COMP
0x000db140 COMP
0x000db180 COMP
0x000db1c0 COMP
0x000db200 COMP
0x000db240 COMP
0x000db280 COMP
0x000db2c0 COMP
0x000db300 COMP
0x000db340 COMP
0x000db380 COMP
0x000db3c0 COMP
READRES
0x000db800 G_ACT0
0x080db800 G_ACT1
0x000db800 COMP
0x000db840 COMP
0x000db880 COMP
0x000db8c0 COMP
0x000db900 COMP
0x000db940 COMP
0x000db980 COMP
0x000db9c0 COMP
0x000dba00 COMP
0x000dba40 COMP
0x000dba80 COMP
0x000dbac0 COMP
0x000dbb00 COMP
0x000dbb40 COMP
0x000dbb80 COMP
0x000dbbc0 COMP
READRES
0x000dc000 G_ACT0
0x080dc000 G_ACT1
0x000dc000 COMP
0x000dc040 COMP
0x000dc080 COMP
0x000dc0c0 COMP
0x000dc100 COMP
0x000dc140 COMP
0x000dc180 COMP
0x000dc1c0 COMP
0x000dc200 COMP
0x000dc240 COMP
0x000dc280 COMP
0x000dc2c0 COMP
0x000dc300 COMP
0x000dc340 COMP
0x000dc380 COMP
0x000dc3c0 COMP
READRES
0x000dc800 G_ACT0
0x080dc800 G_ACT1
0x000dc800 COMP
0x000dc840 COMP
0x000dc880 COMP
0x000dc8c0 COMP
0x000dc900 COMP
0x000dc940 COMP
0x000dc980 COMP
0x000dc9c0 COMP
0x000dca00 COMP
0x000dca40 COMP
0x000dca80 COMP
0x000dcac0 COMP
0x000dcb00 COMP
0x000dcb40 COMP
0x000dcb80 COMP
0x000dcbc0 COMP
READRES
0x000dd000 G_ACT0
0x080dd000 G_ACT1
0x000dd000 COMP
0x000dd040 COMP
0x000dd080 COMP
0x000dd0c0 COMP
0x000dd100 COMP
0x000dd140 COMP
0x000dd180 COMP
0x000dd1c0 COMP
0x000dd200 COMP
0x000dd240 COMP
0x000dd280 COMP
0x000dd2c0 COMP
0x000dd300 COMP
0x000dd340 COMP
0x000dd380 COMP
0x000dd3c0 COMP
READRES
0x000dd800 G_ACT0
0x080dd800 G_ACT1
0x000dd800 COMP
0x000dd840 COMP
0x000dd880 COMP
0x000dd8c0 COMP
0x000dd900 COMP
0x000dd940 COMP
0x000dd980 COMP
0x000dd9c0 COMP
0x000dda00 COMP
0x000dda40 COMP
0x000dda80 COMP
0x000ddac0 COMP
0x000ddb00 COMP
0x000ddb40 COMP
0x000ddb80 COMP
0x000ddbc0 COMP
READRES
0x000de000 G_ACT0
0x080de000 G_ACT1
0x000de000 COMP
0x000de040 COMP
0x000de080 COMP
0x000de0c0 COMP
0x000de100 COMP
0x000de140 COMP
0x000de180 COMP
0x000de1c0 COMP
0x000de200 COMP
0x000de240 COMP
0x000de280 COMP
0x000de2c0 COMP
0x000de300 COMP
0x000de340 COMP
0x000de380 COMP
0x000de3c0 COMP
READRES
0x000de800 G_ACT0
0x080de800 G_ACT1
0x000de800 COMP
0x000de840 COMP
0x000de880 COMP
0x000de8c0 COMP
0x000de900 COMP
0x000de940 COMP
0x000de980 COMP
0x000de9c0 COMP
0x000dea00 COMP
0x000dea40 COMP
0x000dea80 COMP
0x000deac0 COMP
0x000deb00 COMP
0x000deb40 COMP
0x000deb80 COMP
0x000debc0 COMP
READRES
0x000df000 G_ACT0
0x080df000 G_ACT1
0x000df000 COMP
0x000df040 COMP
0x000df080 COMP
0x000df0c0 COMP
0x000df100 COMP
0x000df140 COMP
0x000df180 COMP
0x000df1c0 COMP
0x000df200 COMP
0x000df240 COMP
0x000df280 COMP
0x000df2c0 COMP
0x000df300 COMP
0x000df340 COMP
0x000df380 COMP
0x000df3c0 COMP
READRES
0x000df800 G_ACT0
0x080df800 G_ACT1
0x000df800 COMP
0x000df840 COMP
0x000df880 COMP
0x000df8c0 COMP
0x000df900 COMP
0x000df940 COMP
0x000df980 COMP
0x000df9c0 COMP
0x000dfa00 COMP
0x000dfa40 COMP
0x000dfa80 COMP
0x000dfac0 COMP
0x000dfb00 COMP
0x000dfb40 COMP
0x000dfb80 COMP
0x000dfbc0 COMP
READRES
0x000e0000 G_ACT0
0x080e0000 G_ACT1
0x000e0000 COMP
0x000e0040 COMP
0x000e0080 COMP
0x000e00c0 COMP
0x000e0100 COMP
0x000e0140 COMP
0x000e0180 COMP
0x000e01c0 COMP
0x000e0200 COMP
0x000e0240 COMP
0x000e0280 COMP
0x000e02c0 COMP
0x000e0300 COMP
0x000e0340 COMP
0x000e0380 COMP
0x000e03c0 COMP
READRES
0x000e0800 G_ACT0
0x080e0800 G_ACT1
0x000e0800 COMP
0x000e0840 COMP
0x000e0880 COMP
0x000e08c0 COMP
0x000e0900 COMP
0x000e0940 COMP
0x000e0980 COMP
0x000e09c0 COMP
0x000e0a00 COMP
0x000e0a40 COMP
0x000e0a80 COMP
0x000e0ac0 COMP
0x000e0b00 COMP
0x000e0b40 COMP
0x000e0b80 COMP
0x000e0bc0 COMP
READRES
0x000e1000 G_ACT0
0x080e1000 G_ACT1
0x000e1000 COMP
0x000e1040 COMP
0x000e1080 COMP
0x000e10c0 COMP
0x000e1100 COMP
0x000e1140 COMP
0x000e1180 COMP
0x000e11c0 COMP
0x000e1200 COMP
0x000e1240 COMP
0x000e1280 COMP
0x000e12c0 COMP
0x000e1300 COMP
0x000e1340 COMP
0x000e1380 COMP
0x000e13c0 COMP
READRES
0x000e1800 G_ACT0
0x080e1800 G_ACT1
0x000e1800 COMP
0x000e1840 COMP
0x000e1880 COMP
0x000e18c0 COMP
0x000e1900 COMP
0x000e1940 COMP
0x000e1980 COMP
0x000e19c0 COMP
0x000e1a00 COMP
0x000e1a40 COMP
0x000e1a80 COMP
0x000e1ac0 COMP
0x000e1b00 COMP
0x000e1b40 COMP
0x000e1b80 COMP
0x000e1bc0 COMP
READRES
0x000e2000 G_ACT0
0x080e2000 G_ACT1
0x000e2000 COMP
0x000e2040 COMP
0x000e2080 COMP
0x000e20c0 COMP
0x000e2100 COMP
0x000e2140 COMP
0x000e2180 COMP
0x000e21c0 COMP
0x000e2200 COMP
0x000e2240 COMP
0x000e2280 COMP
0x000e22c0 COMP
0x000e2300 COMP
0x000e2340 COMP
0x000e2380 COMP
0x000e23c0 COMP
READRES
0x000e2800 G_ACT0
0x080e2800 G_ACT1
0x000e2800 COMP
0x000e2840 COMP
0x000e2880 COMP
0x000e28c0 COMP
0x000e2900 COMP
0x000e2940 COMP
0x000e2980 COMP
0x000e29c0 COMP
0x000e2a00 COMP
0x000e2a40 COMP
0x000e2a80 COMP
0x000e2ac0 COMP
0x000e2b00 COMP
0x000e2b40 COMP
0x000e2b80 COMP
0x000e2bc0 COMP
READRES
0x000e3000 G_ACT0
0x080e3000 G_ACT1
0x000e3000 COMP
0x000e3040 COMP
0x000e3080 COMP
0x000e30c0 COMP
0x000e3100 COMP
0x000e3140 COMP
0x000e3180 COMP
0x000e31c0 COMP
0x000e3200 COMP
0x000e3240 COMP
0x000e3280 COMP
0x000e32c0 COMP
0x000e3300 COMP
0x000e3340 COMP
0x000e3380 COMP
0x000e33c0 COMP
READRES
0x000e3800 G_ACT0
0x080e3800 G_ACT1
0x000e3800 COMP
0x000e3840 COMP
0x000e3880 COMP
0x000e38c0 COMP
0x000e3900 COMP
0x000e3940 COMP
0x000e3980 COMP
0x000e39c0 COMP
0x000e3a00 COMP
0x000e3a40 COMP
0x000e3a80 COMP
0x000e3ac0 COMP
0x000e3b00 COMP
0x000e3b40 COMP
0x000e3b80 COMP
0x000e3bc0 COMP
READRES
0x000e4000 G_ACT0
0x080e4000 G_ACT1
0x000e4000 COMP
0x000e4040 COMP
0x000e4080 COMP
0x000e40c0 COMP
0x000e4100 COMP
0x000e4140 COMP
0x000e4180 COMP
0x000e41c0 COMP
0x000e4200 COMP
0x000e4240 COMP
0x000e4280 COMP
0x000e42c0 COMP
0x000e4300 COMP
0x000e4340 COMP
0x000e4380 COMP
0x000e43c0 COMP
READRES
0x000e4800 G_ACT0
0x080e4800 G_ACT1
0x000e4800 COMP
0x000e4840 COMP
0x000e4880 COMP
0x000e48c0 COMP
0x000e4900 COMP
0x000e4940 COMP
0x000e4980 COMP
0x000e49c0 COMP
0x000e4a00 COMP
0x000e4a40 COMP
0x000e4a80 COMP
0x000e4ac0 COMP
0x000e4b00 COMP
0x000e4b40 COMP
0x000e4b80 COMP
0x000e4bc0 COMP
READRES
0x000e5000 G_ACT0
0x080e5000 G_ACT1
0x000e5000 COMP
0x000e5040 COMP
0x000e5080 COMP
0x000e50c0 COMP
0x000e5100 COMP
0x000e5140 COMP
0x000e5180 COMP
0x000e51c0 COMP
0x000e5200 COMP
0x000e5240 COMP
0x000e5280 COMP
0x000e52c0 COMP
0x000e5300 COMP
0x000e5340 COMP
0x000e5380 COMP
0x000e53c0 COMP
READRES
0x000e5800 G_ACT0
0x080e5800 G_ACT1
0x000e5800 COMP
0x000e5840 COMP
0x000e5880 COMP
0x000e58c0 COMP
0x000e5900 COMP
0x000e5940 COMP
0x000e5980 COMP
0x000e59c0 COMP
0x000e5a00 COMP
0x000e5a40 COMP
0x000e5a80 COMP
0x000e5ac0 COMP
0x000e5b00 COMP
0x000e5b40 COMP
0x000e5b80 COMP
0x000e5bc0 COMP
READRES
0x000e6000 G_ACT0
0x080e6000 G_ACT1
0x000e6000 COMP
0x000e6040 COMP
0x000e6080 COMP
0x000e60c0 COMP
0x000e6100 COMP
0x000e6140 COMP
0x000e6180 COMP
0x000e61c0 COMP
0x000e6200 COMP
0x000e6240 COMP
0x000e6280 COMP
0x000e62c0 COMP
0x000e6300 COMP
0x000e6340 COMP
0x000e6380 COMP
0x000e63c0 COMP
READRES
0x000e6800 G_ACT0
0x080e6800 G_ACT1
0x000e6800 COMP
0x000e6840 COMP
0x000e6880 COMP
0x000e68c0 COMP
0x000e6900 COMP
0x000e6940 COMP
0x000e6980 COMP
0x000e69c0 COMP
0x000e6a00 COMP
0x000e6a40 COMP
0x000e6a80 COMP
0x000e6ac0 COMP
0x000e6b00 COMP
0x000e6b40 COMP
0x000e6b80 COMP
0x000e6bc0 COMP
READRES
0x000e7000 G_ACT0
0x080e7000 G_ACT1
0x000e7000 COMP
0x000e7040 COMP
0x000e7080 COMP
0x000e70c0 COMP
0x000e7100 COMP
0x000e7140 COMP
0x000e7180 COMP
0x000e71c0 COMP
0x000e7200 COMP
0x000e7240 COMP
0x000e7280 COMP
0x000e72c0 COMP
0x000e7300 COMP
0x000e7340 COMP
0x000e7380 COMP
0x000e73c0 COMP
READRES
0x000e7800 G_ACT0
0x080e7800 G_ACT1
0x000e7800 COMP
0x000e7840 COMP
0x000e7880 COMP
0x000e78c0 COMP
0x000e7900 COMP
0x000e7940 COMP
0x000e7980 COMP
0x000e79c0 COMP
0x000e7a00 COMP
0x000e7a40 COMP
0x000e7a80 COMP
0x000e7ac0 COMP
0x000e7b00 COMP
0x000e7b40 COMP
0x000e7b80 COMP
0x000e7bc0 COMP
READRES
0x000e8000 G_ACT0
0x080e8000 G_ACT1
0x000e8000 COMP
0x000e8040 COMP
0x000e8080 COMP
0x000e80c0 COMP
0x000e8100 COMP
0x000e8140 COMP
0x000e8180 COMP
0x000e81c0 COMP
0x000e8200 COMP
0x000e8240 COMP
0x000e8280 COMP
0x000e82c0 COMP
0x000e8300 COMP
0x000e8340 COMP
0x000e8380 COMP
0x000e83c0 COMP
READRES
0x000e8800 G_ACT0
0x080e8800 G_ACT1
0x000e8800 COMP
0x000e8840 COMP
0x000e8880 COMP
0x000e88c0 COMP
0x000e8900 COMP
0x000e8940 COMP
0x000e8980 COMP
0x000e89c0 COMP
0x000e8a00 COMP
0x000e8a40 COMP
0x000e8a80 COMP
0x000e8ac0 COMP
0x000e8b00 COMP
0x000e8b40 COMP
0x000e8b80 COMP
0x000e8bc0 COMP
READRES
0x000e9000 G_ACT0
0x080e9000 G_ACT1
0x000e9000 COMP
0x000e9040 COMP
0x000e9080 COMP
0x000e90c0 COMP
0x000e9100 COMP
0x000e9140 COMP
0x000e9180 COMP
0x000e91c0 COMP
0x000e9200 COMP
0x000e9240 COMP
0x000e9280 COMP
0x000e92c0 COMP
0x000e9300 COMP
0x000e9340 COMP
0x000e9380 COMP
0x000e93c0 COMP
READRES
0x000e9800 G_ACT0
0x080e9800 G_ACT1
0x000e9800 COMP
0x000e9840 COMP
0x000e9880 COMP
0x000e98c0 COMP
0x000e9900 COMP
0x000e9940 COMP
0x000e9980 COMP
0x000e99c0 COMP
0x000e9a00 COMP
0x000e9a40 COMP
0x000e9a80 COMP
0x000e9ac0 COMP
0x000e9b00 COMP
0x000e9b40 COMP
0x000e9b80 COMP
0x000e9bc0 COMP
READRES
0x000ea000 G_ACT0
0x080ea000 G_ACT1
0x000ea000 COMP
0x000ea040 COMP
0x000ea080 COMP
0x000ea0c0 COMP
0x000ea100 COMP
0x000ea140 COMP
0x000ea180 COMP
0x000ea1c0 COMP
0x000ea200 COMP
0x000ea240 COMP
0x000ea280 COMP
0x000ea2c0 COMP
0x000ea300 COMP
0x000ea340 COMP
0x000ea380 COMP
0x000ea3c0 COMP
READRES
0x000ea800 G_ACT0
0x080ea800 G_ACT1
0x000ea800 COMP
0x000ea840 COMP
0x000ea880 COMP
0x000ea8c0 COMP
0x000ea900 COMP
0x000ea940 COMP
0x000ea980 COMP
0x000ea9c0 COMP
0x000eaa00 COMP
0x000eaa40 COMP
0x000eaa80 COMP
0x000eaac0 COMP
0x000eab00 COMP
0x000eab40 COMP
0x000eab80 COMP
0x000eabc0 COMP
READRES
0x000eb000 G_ACT0
0x080eb000 G_ACT1
0x000eb000 COMP
0x000eb040 COMP
0x000eb080 COMP
0x000eb0c0 COMP
0x000eb100 COMP
0x000eb140 COMP
0x000eb180 COMP
0x000eb1c0 COMP
0x000eb200 COMP
0x000eb240 COMP
0x000eb280 COMP
0x000eb2c0 COMP
0x000eb300 COMP
0x000eb340 COMP
0x000eb380 COMP
0x000eb3c0 COMP
READRES
0x000eb800 G_ACT0
0x080eb800 G_ACT1
0x000eb800 COMP
0x000eb840 COMP
0x000eb880 COMP
0x000eb8c0 COMP
0x000eb900 COMP
0x000eb940 COMP
0x000eb980 COMP
0x000eb9c0 COMP
0x000eba00 COMP
0x000eba40 COMP
0x000eba80 COMP
0x000ebac0 COMP
0x000ebb00 COMP
0x000ebb40 COMP
0x000ebb80 COMP
0x000ebbc0 COMP
READRES
0x000ec000 G_ACT0
0x080ec000 G_ACT1
0x000ec000 COMP
0x000ec040 COMP
0x000ec080 COMP
0x000ec0c0 COMP
0x000ec100 COMP
0x000ec140 COMP
0x000ec180 COMP
0x000ec1c0 COMP
0x000ec200 COMP
0x000ec240 COMP
0x000ec280 COMP
0x000ec2c0 COMP
0x000ec300 COMP
0x000ec340 COMP
0x000ec380 COMP
0x000ec3c0 COMP
READRES
0x000ec800 G_ACT0
0x080ec800 G_ACT1
0x000ec800 COMP
0x000ec840 COMP
0x000ec880 COMP
0x000ec8c0 COMP
0x000ec900 COMP
0x000ec940 COMP
0x000ec980 COMP
0x000ec9c0 COMP
0x000eca00 COMP
0x000eca40 COMP
0x000eca80 COMP
0x000ecac0 COMP
0x000ecb00 COMP
0x000ecb40 COMP
0x000ecb80 COMP
0x000ecbc0 COMP
READRES
0x000ed000 G_ACT0
0x080ed000 G_ACT1
0x000ed000 COMP
0x000ed040 COMP
0x000ed080 COMP
0x000ed0c0 COMP
0x000ed100 COMP
0x000ed140 COMP
0x000ed180 COMP
0x000ed1c0 COMP
0x000ed200 COMP
0x000ed240 COMP
0x000ed280 COMP
0x000ed2c0 COMP
0x000ed300 COMP
0x000ed340 COMP
0x000ed380 COMP
0x000ed3c0 COMP
READRES
0x000ed800 G_ACT0
0x080ed800 G_ACT1
0x000ed800 COMP
0x000ed840 COMP
0x000ed880 COMP
0x000ed8c0 COMP
0x000ed900 COMP
0x000ed940 COMP
0x000ed980 COMP
0x000ed9c0 COMP
0x000eda00 COMP
0x000eda40 COMP
0x000eda80 COMP
0x000edac0 COMP
0x000edb00 COMP
0x000edb40 COMP
0x000edb80 COMP
0x000edbc0 COMP
READRES
0x000ee000 G_ACT0
0x080ee000 G_ACT1
0x000ee000 COMP
0x000ee040 COMP
0x000ee080 COMP
0x000ee0c0 COMP
0x000ee100 COMP
0x000ee140 COMP
0x000ee180 COMP
0x000ee1c0 COMP
0x000ee200 COMP
0x000ee240 COMP
0x000ee280 COMP
0x000ee2c0 COMP
0x000ee300 COMP
0x000ee340 COMP
0x000ee380 COMP
0x000ee3c0 COMP
READRES
0x000ee800 G_ACT0
0x080ee800 G_ACT1
0x000ee800 COMP
0x000ee840 COMP
0x000ee880 COMP
0x000ee8c0 COMP
0x000ee900 COMP
0x000ee940 COMP
0x000ee980 COMP
0x000ee9c0 COMP
0x000eea00 COMP
0x000eea40 COMP
0x000eea80 COMP
0x000eeac0 COMP
0x000eeb00 COMP
0x000eeb40 COMP
0x000eeb80 COMP
0x000eebc0 COMP
READRES
0x000ef000 G_ACT0
0x080ef000 G_ACT1
0x000ef000 COMP
0x000ef040 COMP
0x000ef080 COMP
0x000ef0c0 COMP
0x000ef100 COMP
0x000ef140 COMP
0x000ef180 COMP
0x000ef1c0 COMP
0x000ef200 COMP
0x000ef240 COMP
0x000ef280 COMP
0x000ef2c0 COMP
0x000ef300 COMP
0x000ef340 COMP
0x000ef380 COMP
0x000ef3c0 COMP
READRES
0x000ef800 G_ACT0
0x080ef800 G_ACT1
0x000ef800 COMP
0x000ef840 COMP
0x000ef880 COMP
0x000ef8c0 COMP
0x000ef900 COMP
0x000ef940 COMP
0x000ef980 COMP
0x000ef9c0 COMP
0x000efa00 COMP
0x000efa40 COMP
0x000efa80 COMP
0x000efac0 COMP
0x000efb00 COMP
0x000efb40 COMP
0x000efb80 COMP
0x000efbc0 COMP
READRES
0x000f0000 G_ACT0
0x080f0000 G_ACT1
0x000f0000 COMP
0x000f0040 COMP
0x000f0080 COMP
0x000f00c0 COMP
0x000f0100 COMP
0x000f0140 COMP
0x000f0180 COMP
0x000f01c0 COMP
0x000f0200 COMP
0x000f0240 COMP
0x000f0280 COMP
0x000f02c0 COMP
0x000f0300 COMP
0x000f0340 COMP
0x000f0380 COMP
0x000f03c0 COMP
READRES
0x000f0800 G_ACT0
0x080f0800 G_ACT1
0x000f0800 COMP
0x000f0840 COMP
0x000f0880 COMP
0x000f08c0 COMP
0x000f0900 COMP
0x000f0940 COMP
0x000f0980 COMP
0x000f09c0 COMP
0x000f0a00 COMP
0x000f0a40 COMP
0x000f0a80 COMP
0x000f0ac0 COMP
0x000f0b00 COMP
0x000f0b40 COMP
0x000f0b80 COMP
0x000f0bc0 COMP
READRES
0x000f1000 G_ACT0
0x080f1000 G_ACT1
0x000f1000 COMP
0x000f1040 COMP
0x000f1080 COMP
0x000f10c0 COMP
0x000f1100 COMP
0x000f1140 COMP
0x000f1180 COMP
0x000f11c0 COMP
0x000f1200 COMP
0x000f1240 COMP
0x000f1280 COMP
0x000f12c0 COMP
0x000f1300 COMP
0x000f1340 COMP
0x000f1380 COMP
0x000f13c0 COMP
READRES
0x000f1800 G_ACT0
0x080f1800 G_ACT1
0x000f1800 COMP
0x000f1840 COMP
0x000f1880 COMP
0x000f18c0 COMP
0x000f1900 COMP
0x000f1940 COMP
0x000f1980 COMP
0x000f19c0 COMP
0x000f1a00 COMP
0x000f1a40 COMP
0x000f1a80 COMP
0x000f1ac0 COMP
0x000f1b00 COMP
0x000f1b40 COMP
0x000f1b80 COMP
0x000f1bc0 COMP
READRES
0x000f2000 G_ACT0
0x080f2000 G_ACT1
0x000f2000 COMP
0x000f2040 COMP
0x000f2080 COMP
0x000f20c0 COMP
0x000f2100 COMP
0x000f2140 COMP
0x000f2180 COMP
0x000f21c0 COMP
0x000f2200 COMP
0x000f2240 COMP
0x000f2280 COMP
0x000f22c0 COMP
0x000f2300 COMP
0x000f2340 COMP
0x000f2380 COMP
0x000f23c0 COMP
READRES
0x000f2800 G_ACT0
0x080f2800 G_ACT1
0x000f2800 COMP
0x000f2840 COMP
0x000f2880 COMP
0x000f28c0 COMP
0x000f2900 COMP
0x000f2940 COMP
0x000f2980 COMP
0x000f29c0 COMP
0x000f2a00 COMP
0x000f2a40 COMP
0x000f2a80 COMP
0x000f2ac0 COMP
0x000f2b00 COMP
0x000f2b40 COMP
0x000f2b80 COMP
0x000f2bc0 COMP
READRES
0x000f3000 G_ACT0
0x080f3000 G_ACT1
0x000f3000 COMP
0x000f3040 COMP
0x000f3080 COMP
0x000f30c0 COMP
0x000f3100 COMP
0x000f3140 COMP
0x000f3180 COMP
0x000f31c0 COMP
0x000f3200 COMP
0x000f3240 COMP
0x000f3280 COMP
0x000f32c0 COMP
0x000f3300 COMP
0x000f3340 COMP
0x000f3380 COMP
0x000f33c0 COMP
READRES
0x000f3800 G_ACT0
0x080f3800 G_ACT1
0x000f3800 COMP
0x000f3840 COMP
0x000f3880 COMP
0x000f38c0 COMP
0x000f3900 COMP
0x000f3940 COMP
0x000f3980 COMP
0x000f39c0 COMP
0x000f3a00 COMP
0x000f3a40 COMP
0x000f3a80 COMP
0x000f3ac0 COMP
0x000f3b00 COMP
0x000f3b40 COMP
0x000f3b80 COMP
0x000f3bc0 COMP
READRES
0x000f4000 G_ACT0
0x080f4000 G_ACT1
0x000f4000 COMP
0x000f4040 COMP
0x000f4080 COMP
0x000f40c0 COMP
0x000f4100 COMP
0x000f4140 COMP
0x000f4180 COMP
0x000f41c0 COMP
0x000f4200 COMP
0x000f4240 COMP
0x000f4280 COMP
0x000f42c0 COMP
0x000f4300 COMP
0x000f4340 COMP
0x000f4380 COMP
0x000f43c0 COMP
READRES
0x000f4800 G_ACT0
0x080f4800 G_ACT1
0x000f4800 COMP
0x000f4840 COMP
0x000f4880 COMP
0x000f48c0 COMP
0x000f4900 COMP
0x000f4940 COMP
0x000f4980 COMP
0x000f49c0 COMP
0x000f4a00 COMP
0x000f4a40 COMP
0x000f4a80 COMP
0x000f4ac0 COMP
0x000f4b00 COMP
0x000f4b40 COMP
0x000f4b80 COMP
0x000f4bc0 COMP
READRES
0x000f5000 G_ACT0
0x080f5000 G_ACT1
0x000f5000 COMP
0x000f5040 COMP
0x000f5080 COMP
0x000f50c0 COMP
0x000f5100 COMP
0x000f5140 COMP
0x000f5180 COMP
0x000f51c0 COMP
0x000f5200 COMP
0x000f5240 COMP
0x000f5280 COMP
0x000f52c0 COMP
0x000f5300 COMP
0x000f5340 COMP
0x000f5380 COMP
0x000f53c0 COMP
READRES
0x000f5800 G_ACT0
0x080f5800 G_ACT1
0x000f5800 COMP
0x000f5840 COMP
0x000f5880 COMP
0x000f58c0 COMP
0x000f5900 COMP
0x000f5940 COMP
0x000f5980 COMP
0x000f59c0 COMP
0x000f5a00 COMP
0x000f5a40 COMP
0x000f5a80 COMP
0x000f5ac0 COMP
0x000f5b00 COMP
0x000f5b40 COMP
0x000f5b80 COMP
0x000f5bc0 COMP
READRES
0x000f6000 G_ACT0
0x080f6000 G_ACT1
0x000f6000 COMP
0x000f6040 COMP
0x000f6080 COMP
0x000f60c0 COMP
0x000f6100 COMP
0x000f6140 COMP
0x000f6180 COMP
0x000f61c0 COMP
0x000f6200 COMP
0x000f6240 COMP
0x000f6280 COMP
0x000f62c0 COMP
0x000f6300 COMP
0x000f6340 COMP
0x000f6380 COMP
0x000f63c0 COMP
READRES
0x000f6800 G_ACT0
0x080f6800 G_ACT1
0x000f6800 COMP
0x000f6840 COMP
0x000f6880 COMP
0x000f68c0 COMP
0x000f6900 COMP
0x000f6940 COMP
0x000f6980 COMP
0x000f69c0 COMP
0x000f6a00 COMP
0x000f6a40 COMP
0x000f6a80 COMP
0x000f6ac0 COMP
0x000f6b00 COMP
0x000f6b40 COMP
0x000f6b80 COMP
0x000f6bc0 COMP
READRES
0x000f7000 G_ACT0
0x080f7000 G_ACT1
0x000f7000 COMP
0x000f7040 COMP
0x000f7080 COMP
0x000f70c0 COMP
0x000f7100 COMP
0x000f7140 COMP
0x000f7180 COMP
0x000f71c0 COMP
0x000f7200 COMP
0x000f7240 COMP
0x000f7280 COMP
0x000f72c0 COMP
0x000f7300 COMP
0x000f7340 COMP
0x000f7380 COMP
0x000f73c0 COMP
READRES
0x000f7800 G_ACT0
0x080f7800 G_ACT1
0x000f7800 COMP
0x000f7840 COMP
0x000f7880 COMP
0x000f78c0 COMP
0x000f7900 COMP
0x000f7940 COMP
0x000f7980 COMP
0x000f79c0 COMP
0x000f7a00 COMP
0x000f7a40 COMP
0x000f7a80 COMP
0x000f7ac0 COMP
0x000f7b00 COMP
0x000f7b40 COMP
0x000f7b80 COMP
0x000f7bc0 COMP
READRES
0x000f8000 G_ACT0
0x080f8000 G_ACT1
0x000f8000 COMP
0x000f8040 COMP
0x000f8080 COMP
0x000f80c0 COMP
0x000f8100 COMP
0x000f8140 COMP
0x000f8180 COMP
0x000f81c0 COMP
0x000f8200 COMP
0x000f8240 COMP
0x000f8280 COMP
0x000f82c0 COMP
0x000f8300 COMP
0x000f8340 COMP
0x000f8380 COMP
0x000f83c0 COMP
READRES
0x000f8800 G_ACT0
0x080f8800 G_ACT1
0x000f8800 COMP
0x000f8840 COMP
0x000f8880 COMP
0x000f88c0 COMP
0x000f8900 COMP
0x000f8940 COMP
0x000f8980 COMP
0x000f89c0 COMP
0x000f8a00 COMP
0x000f8a40 COMP
0x000f8a80 COMP
0x000f8ac0 COMP
0x000f8b00 COMP
0x000f8b40 COMP
0x000f8b80 COMP
0x000f8bc0 COMP
READRES
0x000f9000 G_ACT0
0x080f9000 G_ACT1
0x000f9000 COMP
0x000f9040 COMP
0x000f9080 COMP
0x000f90c0 COMP
0x000f9100 COMP
0x000f9140 COMP
0x000f9180 COMP
0x000f91c0 COMP
0x000f9200 COMP
0x000f9240 COMP
0x000f9280 COMP
0x000f92c0 COMP
0x000f9300 COMP
0x000f9340 COMP
0x000f9380 COMP
0x000f93c0 COMP
READRES
0x000f9800 G_ACT0
0x080f9800 G_ACT1
0x000f9800 COMP
0x000f9840 COMP
0x000f9880 COMP
0x000f98c0 COMP
0x000f9900 COMP
0x000f9940 COMP
0x000f9980 COMP
0x000f99c0 COMP
0x000f9a00 COMP
0x000f9a40 COMP
0x000f9a80 COMP
0x000f9ac0 COMP
0x000f9b00 COMP
0x000f9b40 COMP
0x000f9b80 COMP
0x000f9bc0 COMP
READRES
0x000fa000 G_ACT0
0x080fa000 G_ACT1
0x000fa000 COMP
0x000fa040 COMP
0x000fa080 COMP
0x000fa0c0 COMP
0x000fa100 COMP
0x000fa140 COMP
0x000fa180 COMP
0x000fa1c0 COMP
0x000fa200 COMP
0x000fa240 COMP
0x000fa280 COMP
0x000fa2c0 COMP
0x000fa300 COMP
0x000fa340 COMP
0x000fa380 COMP
0x000fa3c0 COMP
READRES
0x000fa800 G_ACT0
0x080fa800 G_ACT1
0x000fa800 COMP
0x000fa840 COMP
0x000fa880 COMP
0x000fa8c0 COMP
0x000fa900 COMP
0x000fa940 COMP
0x000fa980 COMP
0x000fa9c0 COMP
0x000faa00 COMP
0x000faa40 COMP
0x000faa80 COMP
0x000faac0 COMP
0x000fab00 COMP
0x000fab40 COMP
0x000fab80 COMP
0x000fabc0 COMP
READRES
0x000fb000 G_ACT0
0x080fb000 G_ACT1
0x000fb000 COMP
0x000fb040 COMP
0x000fb080 COMP
0x000fb0c0 COMP
0x000fb100 COMP
0x000fb140 COMP
0x000fb180 COMP
0x000fb1c0 COMP
0x000fb200 COMP
0x000fb240 COMP
0x000fb280 COMP
0x000fb2c0 COMP
0x000fb300 COMP
0x000fb340 COMP
0x000fb380 COMP
0x000fb3c0 COMP
READRES
0x000fb800 G_ACT0
0x080fb800 G_ACT1
0x000fb800 COMP
0x000fb840 COMP
0x000fb880 COMP
0x000fb8c0 COMP
0x000fb900 COMP
0x000fb940 COMP
0x000fb980 COMP
0x000fb9c0 COMP
0x000fba00 COMP
0x000fba40 COMP
0x000fba80 COMP
0x000fbac0 COMP
0x000fbb00 COMP
0x000fbb40 COMP
0x000fbb80 COMP
0x000fbbc0 COMP
READRES
0x000fc000 G_ACT0
0x080fc000 G_ACT1
0x000fc000 COMP
0x000fc040 COMP
0x000fc080 COMP
0x000fc0c0 COMP
0x000fc100 COMP
0x000fc140 COMP
0x000fc180 COMP
0x000fc1c0 COMP
0x000fc200 COMP
0x000fc240 COMP
0x000fc280 COMP
0x000fc2c0 COMP
0x000fc300 COMP
0x000fc340 COMP
0x000fc380 COMP
0x000fc3c0 COMP
READRES
0x000fc800 G_ACT0
0x080fc800 G_ACT1
0x000fc800 COMP
0x000fc840 COMP
0x000fc880 COMP
0x000fc8c0 COMP
0x000fc900 COMP
0x000fc940 COMP
0x000fc980 COMP
0x000fc9c0 COMP
0x000fca00 COMP
0x000fca40 COMP
0x000fca80 COMP
0x000fcac0 COMP
0x000fcb00 COMP
0x000fcb40 COMP
0x000fcb80 COMP
0x000fcbc0 COMP
READRES
0x000fd000 G_ACT0
0x080fd000 G_ACT1
0x000fd000 COMP
0x000fd040 COMP
0x000fd080 COMP
0x000fd0c0 COMP
0x000fd100 COMP
0x000fd140 COMP
0x000fd180 COMP
0x000fd1c0 COMP
0x000fd200 COMP
0x000fd240 COMP
0x000fd280 COMP
0x000fd2c0 COMP
0x000fd300 COMP
0x000fd340 COMP
0x000fd380 COMP
0x000fd3c0 COMP
READRES
0x000fd800 G_ACT0
0x080fd800 G_ACT1
0x000fd800 COMP
0x000fd840 COMP
0x000fd880 COMP
0x000fd8c0 COMP
0x000fd900 COMP
0x000fd940 COMP
0x000fd980 COMP
0x000fd9c0 COMP
0x000fda00 COMP
0x000fda40 COMP
0x000fda80 COMP
0x000fdac0 COMP
0x000fdb00 COMP
0x000fdb40 COMP
0x000fdb80 COMP
0x000fdbc0 COMP
READRES
0x000fe000 G_ACT0
0x080fe000 G_ACT1
0x000fe000 COMP
0x000fe040 COMP
0x000fe080 COMP
0x000fe0c0 COMP
0x000fe100 COMP
0x000fe140 COMP
0x000fe180 COMP
0x000fe1c0 COMP
0x000fe200 COMP
0x000fe240 COMP
0x000fe280 COMP
0x000fe2c0 COMP
0x000fe300 COMP
0x000fe340 COMP
0x000fe380 COMP
0x000fe3c0 COMP
READRES
0x000fe800 G_ACT0
0x080fe800 G_ACT1
0x000fe800 COMP
0x000fe840 COMP
0x000fe880 COMP
0x000fe8c0 COMP
0x000fe900 COMP
0x000fe940 COMP
0x000fe980 COMP
0x000fe9c0 COMP
0x000fea00 COMP
0x000fea40 COMP
0x000fea80 COMP
0x000feac0 COMP
0x000feb00 COMP
0x000feb40 COMP
0x000feb80 COMP
0x000febc0 COMP
READRES
0x000ff000 G_ACT0
0x080ff000 G_ACT1
0x000ff000 COMP
0x000ff040 COMP
0x000ff080 COMP
0x000ff0c0 COMP
0x000ff100 COMP
0x000ff140 COMP
0x000ff180 COMP
0x000ff1c0 COMP
0x000ff200 COMP
0x000ff240 COMP
0x000ff280 COMP
0x000ff2c0 COMP
0x000ff300 COMP
0x000ff340 COMP
0x000ff380 COMP
0x000ff3c0 COMP
READRES
0x000ff800 G_ACT0
0x080ff800 G_ACT1
0x000ff800 COMP
0x000ff840 COMP
0x000ff880 COMP
0x000ff8c0 COMP
0x000ff900 COMP
0x000ff940 COMP
0x000ff980 COMP
0x000ff9c0 COMP
0x000ffa00 COMP
0x000ffa40 COMP
0x000ffa80 COMP
0x000ffac0 COMP
0x000ffb00 COMP
0x000ffb40 COMP
0x000ffb80 COMP
0x000ffbc0 COMP
READRES
0x00000800 GWRITE
0x00080000 G_ACT0
0x08080000 G_ACT1
0x00080000 COMP
0x00080040 COMP
0x00080080 COMP
0x000800c0 COMP
0x00080100 COMP
0x00080140 COMP
0x00080180 COMP
0x000801c0 COMP
0x00080200 COMP
0x00080240 COMP
0x00080280 COMP
0x000802c0 COMP
0x00080300 COMP
0x00080340 COMP
0x00080380 COMP
0x000803c0 COMP
READRES
0x00080800 G_ACT0
0x08080800 G_ACT1
0x00080800 COMP
0x00080840 COMP
0x00080880 COMP
0x000808c0 COMP
0x00080900 COMP
0x00080940 COMP
0x00080980 COMP
0x000809c0 COMP
0x00080a00 COMP
0x00080a40 COMP
0x00080a80 COMP
0x00080ac0 COMP
0x00080b00 COMP
0x00080b40 COMP
0x00080b80 COMP
0x00080bc0 COMP
READRES
0x00081000 G_ACT0
0x08081000 G_ACT1
0x00081000 COMP
0x00081040 COMP
0x00081080 COMP
0x000810c0 COMP
0x00081100 COMP
0x00081140 COMP
0x00081180 COMP
0x000811c0 COMP
0x00081200 COMP
0x00081240 COMP
0x00081280 COMP
0x000812c0 COMP
0x00081300 COMP
0x00081340 COMP
0x00081380 COMP
0x000813c0 COMP
READRES
0x00081800 G_ACT0
0x08081800 G_ACT1
0x00081800 COMP
0x00081840 COMP
0x00081880 COMP
0x000818c0 COMP
0x00081900 COMP
0x00081940 COMP
0x00081980 COMP
0x000819c0 COMP
0x00081a00 COMP
0x00081a40 COMP
0x00081a80 COMP
0x00081ac0 COMP
0x00081b00 COMP
0x00081b40 COMP
0x00081b80 COMP
0x00081bc0 COMP
READRES
0x00082000 G_ACT0
0x08082000 G_ACT1
0x00082000 COMP
0x00082040 COMP
0x00082080 COMP
0x000820c0 COMP
0x00082100 COMP
0x00082140 COMP
0x00082180 COMP
0x000821c0 COMP
0x00082200 COMP
0x00082240 COMP
0x00082280 COMP
0x000822c0 COMP
0x00082300 COMP
0x00082340 COMP
0x00082380 COMP
0x000823c0 COMP
READRES
0x00082800 G_ACT0
0x08082800 G_ACT1
0x00082800 COMP
0x00082840 COMP
0x00082880 COMP
0x000828c0 COMP
0x00082900 COMP
0x00082940 COMP
0x00082980 COMP
0x000829c0 COMP
0x00082a00 COMP
0x00082a40 COMP
0x00082a80 COMP
0x00082ac0 COMP
0x00082b00 COMP
0x00082b40 COMP
0x00082b80 COMP
0x00082bc0 COMP
READRES
0x00083000 G_ACT0
0x08083000 G_ACT1
0x00083000 COMP
0x00083040 COMP
0x00083080 COMP
0x000830c0 COMP
0x00083100 COMP
0x00083140 COMP
0x00083180 COMP
0x000831c0 COMP
0x00083200 COMP
0x00083240 COMP
0x00083280 COMP
0x000832c0 COMP
0x00083300 COMP
0x00083340 COMP
0x00083380 COMP
0x000833c0 COMP
READRES
0x00083800 G_ACT0
0x08083800 G_ACT1
0x00083800 COMP
0x00083840 COMP
0x00083880 COMP
0x000838c0 COMP
0x00083900 COMP
0x00083940 COMP
0x00083980 COMP
0x000839c0 COMP
0x00083a00 COMP
0x00083a40 COMP
0x00083a80 COMP
0x00083ac0 COMP
0x00083b00 COMP
0x00083b40 COMP
0x00083b80 COMP
0x00083bc0 COMP
READRES
0x00084000 G_ACT0
0x08084000 G_ACT1
0x00084000 COMP
0x00084040 COMP
0x00084080 COMP
0x000840c0 COMP
0x00084100 COMP
0x00084140 COMP
0x00084180 COMP
0x000841c0 COMP
0x00084200 COMP
0x00084240 COMP
0x00084280 COMP
0x000842c0 COMP
0x00084300 COMP
0x00084340 COMP
0x00084380 COMP
0x000843c0 COMP
READRES
0x00084800 G_ACT0
0x08084800 G_ACT1
0x00084800 COMP
0x00084840 COMP
0x00084880 COMP
0x000848c0 COMP
0x00084900 COMP
0x00084940 COMP
0x00084980 COMP
0x000849c0 COMP
0x00084a00 COMP
0x00084a40 COMP
0x00084a80 COMP
0x00084ac0 COMP
0x00084b00 COMP
0x00084b40 COMP
0x00084b80 COMP
0x00084bc0 COMP
READRES
0x00085000 G_ACT0
0x08085000 G_ACT1
0x00085000 COMP
0x00085040 COMP
0x00085080 COMP
0x000850c0 COMP
0x00085100 COMP
0x00085140 COMP
0x00085180 COMP
0x000851c0 COMP
0x00085200 COMP
0x00085240 COMP
0x00085280 COMP
0x000852c0 COMP
0x00085300 COMP
0x00085340 COMP
0x00085380 COMP
0x000853c0 COMP
READRES
0x00085800 G_ACT0
0x08085800 G_ACT1
0x00085800 COMP
0x00085840 COMP
0x00085880 COMP
0x000858c0 COMP
0x00085900 COMP
0x00085940 COMP
0x00085980 COMP
0x000859c0 COMP
0x00085a00 COMP
0x00085a40 COMP
0x00085a80 COMP
0x00085ac0 COMP
0x00085b00 COMP
0x00085b40 COMP
0x00085b80 COMP
0x00085bc0 COMP
READRES
0x00086000 G_ACT0
0x08086000 G_ACT1
0x00086000 COMP
0x00086040 COMP
0x00086080 COMP
0x000860c0 COMP
0x00086100 COMP
0x00086140 COMP
0x00086180 COMP
0x000861c0 COMP
0x00086200 COMP
0x00086240 COMP
0x00086280 COMP
0x000862c0 COMP
0x00086300 COMP
0x00086340 COMP
0x00086380 COMP
0x000863c0 COMP
READRES
0x00086800 G_ACT0
0x08086800 G_ACT1
0x00086800 COMP
0x00086840 COMP
0x00086880 COMP
0x000868c0 COMP
0x00086900 COMP
0x00086940 COMP
0x00086980 COMP
0x000869c0 COMP
0x00086a00 COMP
0x00086a40 COMP
0x00086a80 COMP
0x00086ac0 COMP
0x00086b00 COMP
0x00086b40 COMP
0x00086b80 COMP
0x00086bc0 COMP
READRES
0x00087000 G_ACT0
0x08087000 G_ACT1
0x00087000 COMP
0x00087040 COMP
0x00087080 COMP
0x000870c0 COMP
0x00087100 COMP
0x00087140 COMP
0x00087180 COMP
0x000871c0 COMP
0x00087200 COMP
0x00087240 COMP
0x00087280 COMP
0x000872c0 COMP
0x00087300 COMP
0x00087340 COMP
0x00087380 COMP
0x000873c0 COMP
READRES
0x00087800 G_ACT0
0x08087800 G_ACT1
0x00087800 COMP
0x00087840 COMP
0x00087880 COMP
0x000878c0 COMP
0x00087900 COMP
0x00087940 COMP
0x00087980 COMP
0x000879c0 COMP
0x00087a00 COMP
0x00087a40 COMP
0x00087a80 COMP
0x00087ac0 COMP
0x00087b00 COMP
0x00087b40 COMP
0x00087b80 COMP
0x00087bc0 COMP
READRES
0x00088000 G_ACT0
0x08088000 G_ACT1
0x00088000 COMP
0x00088040 COMP
0x00088080 COMP
0x000880c0 COMP
0x00088100 COMP
0x00088140 COMP
0x00088180 COMP
0x000881c0 COMP
0x00088200 COMP
0x00088240 COMP
0x00088280 COMP
0x000882c0 COMP
0x00088300 COMP
0x00088340 COMP
0x00088380 COMP
0x000883c0 COMP
READRES
0x00088800 G_ACT0
0x08088800 G_ACT1
0x00088800 COMP
0x00088840 COMP
0x00088880 COMP
0x000888c0 COMP
0x00088900 COMP
0x00088940 COMP
0x00088980 COMP
0x000889c0 COMP
0x00088a00 COMP
0x00088a40 COMP
0x00088a80 COMP
0x00088ac0 COMP
0x00088b00 COMP
0x00088b40 COMP
0x00088b80 COMP
0x00088bc0 COMP
READRES
0x00089000 G_ACT0
0x08089000 G_ACT1
0x00089000 COMP
0x00089040 COMP
0x00089080 COMP
0x000890c0 COMP
0x00089100 COMP
0x00089140 COMP
0x00089180 COMP
0x000891c0 COMP
0x00089200 COMP
0x00089240 COMP
0x00089280 COMP
0x000892c0 COMP
0x00089300 COMP
0x00089340 COMP
0x00089380 COMP
0x000893c0 COMP
READRES
0x00089800 G_ACT0
0x08089800 G_ACT1
0x00089800 COMP
0x00089840 COMP
0x00089880 COMP
0x000898c0 COMP
0x00089900 COMP
0x00089940 COMP
0x00089980 COMP
0x000899c0 COMP
0x00089a00 COMP
0x00089a40 COMP
0x00089a80 COMP
0x00089ac0 COMP
0x00089b00 COMP
0x00089b40 COMP
0x00089b80 COMP
0x00089bc0 COMP
READRES
0x0008a000 G_ACT0
0x0808a000 G_ACT1
0x0008a000 COMP
0x0008a040 COMP
0x0008a080 COMP
0x0008a0c0 COMP
0x0008a100 COMP
0x0008a140 COMP
0x0008a180 COMP
0x0008a1c0 COMP
0x0008a200 COMP
0x0008a240 COMP
0x0008a280 COMP
0x0008a2c0 COMP
0x0008a300 COMP
0x0008a340 COMP
0x0008a380 COMP
0x0008a3c0 COMP
READRES
0x0008a800 G_ACT0
0x0808a800 G_ACT1
0x0008a800 COMP
0x0008a840 COMP
0x0008a880 COMP
0x0008a8c0 COMP
0x0008a900 COMP
0x0008a940 COMP
0x0008a980 COMP
0x0008a9c0 COMP
0x0008aa00 COMP
0x0008aa40 COMP
0x0008aa80 COMP
0x0008aac0 COMP
0x0008ab00 COMP
0x0008ab40 COMP
0x0008ab80 COMP
0x0008abc0 COMP
READRES
0x0008b000 G_ACT0
0x0808b000 G_ACT1
0x0008b000 COMP
0x0008b040 COMP
0x0008b080 COMP
0x0008b0c0 COMP
0x0008b100 COMP
0x0008b140 COMP
0x0008b180 COMP
0x0008b1c0 COMP
0x0008b200 COMP
0x0008b240 COMP
0x0008b280 COMP
0x0008b2c0 COMP
0x0008b300 COMP
0x0008b340 COMP
0x0008b380 COMP
0x0008b3c0 COMP
READRES
0x0008b800 G_ACT0
0x0808b800 G_ACT1
0x0008b800 COMP
0x0008b840 COMP
0x0008b880 COMP
0x0008b8c0 COMP
0x0008b900 COMP
0x0008b940 COMP
0x0008b980 COMP
0x0008b9c0 COMP
0x0008ba00 COMP
0x0008ba40 COMP
0x0008ba80 COMP
0x0008bac0 COMP
0x0008bb00 COMP
0x0008bb40 COMP
0x0008bb80 COMP
0x0008bbc0 COMP
READRES
0x0008c000 G_ACT0
0x0808c000 G_ACT1
0x0008c000 COMP
0x0008c040 COMP
0x0008c080 COMP
0x0008c0c0 COMP
0x0008c100 COMP
0x0008c140 COMP
0x0008c180 COMP
0x0008c1c0 COMP
0x0008c200 COMP
0x0008c240 COMP
0x0008c280 COMP
0x0008c2c0 COMP
0x0008c300 COMP
0x0008c340 COMP
0x0008c380 COMP
0x0008c3c0 COMP
READRES
0x0008c800 G_ACT0
0x0808c800 G_ACT1
0x0008c800 COMP
0x0008c840 COMP
0x0008c880 COMP
0x0008c8c0 COMP
0x0008c900 COMP
0x0008c940 COMP
0x0008c980 COMP
0x0008c9c0 COMP
0x0008ca00 COMP
0x0008ca40 COMP
0x0008ca80 COMP
0x0008cac0 COMP
0x0008cb00 COMP
0x0008cb40 COMP
0x0008cb80 COMP
0x0008cbc0 COMP
READRES
0x0008d000 G_ACT0
0x0808d000 G_ACT1
0x0008d000 COMP
0x0008d040 COMP
0x0008d080 COMP
0x0008d0c0 COMP
0x0008d100 COMP
0x0008d140 COMP
0x0008d180 COMP
0x0008d1c0 COMP
0x0008d200 COMP
0x0008d240 COMP
0x0008d280 COMP
0x0008d2c0 COMP
0x0008d300 COMP
0x0008d340 COMP
0x0008d380 COMP
0x0008d3c0 COMP
READRES
0x0008d800 G_ACT0
0x0808d800 G_ACT1
0x0008d800 COMP
0x0008d840 COMP
0x0008d880 COMP
0x0008d8c0 COMP
0x0008d900 COMP
0x0008d940 COMP
0x0008d980 COMP
0x0008d9c0 COMP
0x0008da00 COMP
0x0008da40 COMP
0x0008da80 COMP
0x0008dac0 COMP
0x0008db00 COMP
0x0008db40 COMP
0x0008db80 COMP
0x0008dbc0 COMP
READRES
0x0008e000 G_ACT0
0x0808e000 G_ACT1
0x0008e000 COMP
0x0008e040 COMP
0x0008e080 COMP
0x0008e0c0 COMP
0x0008e100 COMP
0x0008e140 COMP
0x0008e180 COMP
0x0008e1c0 COMP
0x0008e200 COMP
0x0008e240 COMP
0x0008e280 COMP
0x0008e2c0 COMP
0x0008e300 COMP
0x0008e340 COMP
0x0008e380 COMP
0x0008e3c0 COMP
READRES
0x0008e800 G_ACT0
0x0808e800 G_ACT1
0x0008e800 COMP
0x0008e840 COMP
0x0008e880 COMP
0x0008e8c0 COMP
0x0008e900 COMP
0x0008e940 COMP
0x0008e980 COMP
0x0008e9c0 COMP
0x0008ea00 COMP
0x0008ea40 COMP
0x0008ea80 COMP
0x0008eac0 COMP
0x0008eb00 COMP
0x0008eb40 COMP
0x0008eb80 COMP
0x0008ebc0 COMP
READRES
0x0008f000 G_ACT0
0x0808f000 G_ACT1
0x0008f000 COMP
0x0008f040 COMP
0x0008f080 COMP
0x0008f0c0 COMP
0x0008f100 COMP
0x0008f140 COMP
0x0008f180 COMP
0x0008f1c0 COMP
0x0008f200 COMP
0x0008f240 COMP
0x0008f280 COMP
0x0008f2c0 COMP
0x0008f300 COMP
0x0008f340 COMP
0x0008f380 COMP
0x0008f3c0 COMP
READRES
0x0008f800 G_ACT0
0x0808f800 G_ACT1
0x0008f800 COMP
0x0008f840 COMP
0x0008f880 COMP
0x0008f8c0 COMP
0x0008f900 COMP
0x0008f940 COMP
0x0008f980 COMP
0x0008f9c0 COMP
0x0008fa00 COMP
0x0008fa40 COMP
0x0008fa80 COMP
0x0008fac0 COMP
0x0008fb00 COMP
0x0008fb40 COMP
0x0008fb80 COMP
0x0008fbc0 COMP
READRES
0x00090000 G_ACT0
0x08090000 G_ACT1
0x00090000 COMP
0x00090040 COMP
0x00090080 COMP
0x000900c0 COMP
0x00090100 COMP
0x00090140 COMP
0x00090180 COMP
0x000901c0 COMP
0x00090200 COMP
0x00090240 COMP
0x00090280 COMP
0x000902c0 COMP
0x00090300 COMP
0x00090340 COMP
0x00090380 COMP
0x000903c0 COMP
READRES
0x00090800 G_ACT0
0x08090800 G_ACT1
0x00090800 COMP
0x00090840 COMP
0x00090880 COMP
0x000908c0 COMP
0x00090900 COMP
0x00090940 COMP
0x00090980 COMP
0x000909c0 COMP
0x00090a00 COMP
0x00090a40 COMP
0x00090a80 COMP
0x00090ac0 COMP
0x00090b00 COMP
0x00090b40 COMP
0x00090b80 COMP
0x00090bc0 COMP
READRES
0x00091000 G_ACT0
0x08091000 G_ACT1
0x00091000 COMP
0x00091040 COMP
0x00091080 COMP
0x000910c0 COMP
0x00091100 COMP
0x00091140 COMP
0x00091180 COMP
0x000911c0 COMP
0x00091200 COMP
0x00091240 COMP
0x00091280 COMP
0x000912c0 COMP
0x00091300 COMP
0x00091340 COMP
0x00091380 COMP
0x000913c0 COMP
READRES
0x00091800 G_ACT0
0x08091800 G_ACT1
0x00091800 COMP
0x00091840 COMP
0x00091880 COMP
0x000918c0 COMP
0x00091900 COMP
0x00091940 COMP
0x00091980 COMP
0x000919c0 COMP
0x00091a00 COMP
0x00091a40 COMP
0x00091a80 COMP
0x00091ac0 COMP
0x00091b00 COMP
0x00091b40 COMP
0x00091b80 COMP
0x00091bc0 COMP
READRES
0x00092000 G_ACT0
0x08092000 G_ACT1
0x00092000 COMP
0x00092040 COMP
0x00092080 COMP
0x000920c0 COMP
0x00092100 COMP
0x00092140 COMP
0x00092180 COMP
0x000921c0 COMP
0x00092200 COMP
0x00092240 COMP
0x00092280 COMP
0x000922c0 COMP
0x00092300 COMP
0x00092340 COMP
0x00092380 COMP
0x000923c0 COMP
READRES
0x00092800 G_ACT0
0x08092800 G_ACT1
0x00092800 COMP
0x00092840 COMP
0x00092880 COMP
0x000928c0 COMP
0x00092900 COMP
0x00092940 COMP
0x00092980 COMP
0x000929c0 COMP
0x00092a00 COMP
0x00092a40 COMP
0x00092a80 COMP
0x00092ac0 COMP
0x00092b00 COMP
0x00092b40 COMP
0x00092b80 COMP
0x00092bc0 COMP
READRES
0x00093000 G_ACT0
0x08093000 G_ACT1
0x00093000 COMP
0x00093040 COMP
0x00093080 COMP
0x000930c0 COMP
0x00093100 COMP
0x00093140 COMP
0x00093180 COMP
0x000931c0 COMP
0x00093200 COMP
0x00093240 COMP
0x00093280 COMP
0x000932c0 COMP
0x00093300 COMP
0x00093340 COMP
0x00093380 COMP
0x000933c0 COMP
READRES
0x00093800 G_ACT0
0x08093800 G_ACT1
0x00093800 COMP
0x00093840 COMP
0x00093880 COMP
0x000938c0 COMP
0x00093900 COMP
0x00093940 COMP
0x00093980 COMP
0x000939c0 COMP
0x00093a00 COMP
0x00093a40 COMP
0x00093a80 COMP
0x00093ac0 COMP
0x00093b00 COMP
0x00093b40 COMP
0x00093b80 COMP
0x00093bc0 COMP
READRES
0x00094000 G_ACT0
0x08094000 G_ACT1
0x00094000 COMP
0x00094040 COMP
0x00094080 COMP
0x000940c0 COMP
0x00094100 COMP
0x00094140 COMP
0x00094180 COMP
0x000941c0 COMP
0x00094200 COMP
0x00094240 COMP
0x00094280 COMP
0x000942c0 COMP
0x00094300 COMP
0x00094340 COMP
0x00094380 COMP
0x000943c0 COMP
READRES
0x00094800 G_ACT0
0x08094800 G_ACT1
0x00094800 COMP
0x00094840 COMP
0x00094880 COMP
0x000948c0 COMP
0x00094900 COMP
0x00094940 COMP
0x00094980 COMP
0x000949c0 COMP
0x00094a00 COMP
0x00094a40 COMP
0x00094a80 COMP
0x00094ac0 COMP
0x00094b00 COMP
0x00094b40 COMP
0x00094b80 COMP
0x00094bc0 COMP
READRES
0x00095000 G_ACT0
0x08095000 G_ACT1
0x00095000 COMP
0x00095040 COMP
0x00095080 COMP
0x000950c0 COMP
0x00095100 COMP
0x00095140 COMP
0x00095180 COMP
0x000951c0 COMP
0x00095200 COMP
0x00095240 COMP
0x00095280 COMP
0x000952c0 COMP
0x00095300 COMP
0x00095340 COMP
0x00095380 COMP
0x000953c0 COMP
READRES
0x00095800 G_ACT0
0x08095800 G_ACT1
0x00095800 COMP
0x00095840 COMP
0x00095880 COMP
0x000958c0 COMP
0x00095900 COMP
0x00095940 COMP
0x00095980 COMP
0x000959c0 COMP
0x00095a00 COMP
0x00095a40 COMP
0x00095a80 COMP
0x00095ac0 COMP
0x00095b00 COMP
0x00095b40 COMP
0x00095b80 COMP
0x00095bc0 COMP
READRES
0x00096000 G_ACT0
0x08096000 G_ACT1
0x00096000 COMP
0x00096040 COMP
0x00096080 COMP
0x000960c0 COMP
0x00096100 COMP
0x00096140 COMP
0x00096180 COMP
0x000961c0 COMP
0x00096200 COMP
0x00096240 COMP
0x00096280 COMP
0x000962c0 COMP
0x00096300 COMP
0x00096340 COMP
0x00096380 COMP
0x000963c0 COMP
READRES
0x00096800 G_ACT0
0x08096800 G_ACT1
0x00096800 COMP
0x00096840 COMP
0x00096880 COMP
0x000968c0 COMP
0x00096900 COMP
0x00096940 COMP
0x00096980 COMP
0x000969c0 COMP
0x00096a00 COMP
0x00096a40 COMP
0x00096a80 COMP
0x00096ac0 COMP
0x00096b00 COMP
0x00096b40 COMP
0x00096b80 COMP
0x00096bc0 COMP
READRES
0x00097000 G_ACT0
0x08097000 G_ACT1
0x00097000 COMP
0x00097040 COMP
0x00097080 COMP
0x000970c0 COMP
0x00097100 COMP
0x00097140 COMP
0x00097180 COMP
0x000971c0 COMP
0x00097200 COMP
0x00097240 COMP
0x00097280 COMP
0x000972c0 COMP
0x00097300 COMP
0x00097340 COMP
0x00097380 COMP
0x000973c0 COMP
READRES
0x00097800 G_ACT0
0x08097800 G_ACT1
0x00097800 COMP
0x00097840 COMP
0x00097880 COMP
0x000978c0 COMP
0x00097900 COMP
0x00097940 COMP
0x00097980 COMP
0x000979c0 COMP
0x00097a00 COMP
0x00097a40 COMP
0x00097a80 COMP
0x00097ac0 COMP
0x00097b00 COMP
0x00097b40 COMP
0x00097b80 COMP
0x00097bc0 COMP
READRES
0x00098000 G_ACT0
0x08098000 G_ACT1
0x00098000 COMP
0x00098040 COMP
0x00098080 COMP
0x000980c0 COMP
0x00098100 COMP
0x00098140 COMP
0x00098180 COMP
0x000981c0 COMP
0x00098200 COMP
0x00098240 COMP
0x00098280 COMP
0x000982c0 COMP
0x00098300 COMP
0x00098340 COMP
0x00098380 COMP
0x000983c0 COMP
READRES
0x00098800 G_ACT0
0x08098800 G_ACT1
0x00098800 COMP
0x00098840 COMP
0x00098880 COMP
0x000988c0 COMP
0x00098900 COMP
0x00098940 COMP
0x00098980 COMP
0x000989c0 COMP
0x00098a00 COMP
0x00098a40 COMP
0x00098a80 COMP
0x00098ac0 COMP
0x00098b00 COMP
0x00098b40 COMP
0x00098b80 COMP
0x00098bc0 COMP
READRES
0x00099000 G_ACT0
0x08099000 G_ACT1
0x00099000 COMP
0x00099040 COMP
0x00099080 COMP
0x000990c0 COMP
0x00099100 COMP
0x00099140 COMP
0x00099180 COMP
0x000991c0 COMP
0x00099200 COMP
0x00099240 COMP
0x00099280 COMP
0x000992c0 COMP
0x00099300 COMP
0x00099340 COMP
0x00099380 COMP
0x000993c0 COMP
READRES
0x00099800 G_ACT0
0x08099800 G_ACT1
0x00099800 COMP
0x00099840 COMP
0x00099880 COMP
0x000998c0 COMP
0x00099900 COMP
0x00099940 COMP
0x00099980 COMP
0x000999c0 COMP
0x00099a00 COMP
0x00099a40 COMP
0x00099a80 COMP
0x00099ac0 COMP
0x00099b00 COMP
0x00099b40 COMP
0x00099b80 COMP
0x00099bc0 COMP
READRES
0x0009a000 G_ACT0
0x0809a000 G_ACT1
0x0009a000 COMP
0x0009a040 COMP
0x0009a080 COMP
0x0009a0c0 COMP
0x0009a100 COMP
0x0009a140 COMP
0x0009a180 COMP
0x0009a1c0 COMP
0x0009a200 COMP
0x0009a240 COMP
0x0009a280 COMP
0x0009a2c0 COMP
0x0009a300 COMP
0x0009a340 COMP
0x0009a380 COMP
0x0009a3c0 COMP
READRES
0x0009a800 G_ACT0
0x0809a800 G_ACT1
0x0009a800 COMP
0x0009a840 COMP
0x0009a880 COMP
0x0009a8c0 COMP
0x0009a900 COMP
0x0009a940 COMP
0x0009a980 COMP
0x0009a9c0 COMP
0x0009aa00 COMP
0x0009aa40 COMP
0x0009aa80 COMP
0x0009aac0 COMP
0x0009ab00 COMP
0x0009ab40 COMP
0x0009ab80 COMP
0x0009abc0 COMP
READRES
0x0009b000 G_ACT0
0x0809b000 G_ACT1
0x0009b000 COMP
0x0009b040 COMP
0x0009b080 COMP
0x0009b0c0 COMP
0x0009b100 COMP
0x0009b140 COMP
0x0009b180 COMP
0x0009b1c0 COMP
0x0009b200 COMP
0x0009b240 COMP
0x0009b280 COMP
0x0009b2c0 COMP
0x0009b300 COMP
0x0009b340 COMP
0x0009b380 COMP
0x0009b3c0 COMP
READRES
0x0009b800 G_ACT0
0x0809b800 G_ACT1
0x0009b800 COMP
0x0009b840 COMP
0x0009b880 COMP
0x0009b8c0 COMP
0x0009b900 COMP
0x0009b940 COMP
0x0009b980 COMP
0x0009b9c0 COMP
0x0009ba00 COMP
0x0009ba40 COMP
0x0009ba80 COMP
0x0009bac0 COMP
0x0009bb00 COMP
0x0009bb40 COMP
0x0009bb80 COMP
0x0009bbc0 COMP
READRES
0x0009c000 G_ACT0
0x0809c000 G_ACT1
0x0009c000 COMP
0x0009c040 COMP
0x0009c080 COMP
0x0009c0c0 COMP
0x0009c100 COMP
0x0009c140 COMP
0x0009c180 COMP
0x0009c1c0 COMP
0x0009c200 COMP
0x0009c240 COMP
0x0009c280 COMP
0x0009c2c0 COMP
0x0009c300 COMP
0x0009c340 COMP
0x0009c380 COMP
0x0009c3c0 COMP
READRES
0x0009c800 G_ACT0
0x0809c800 G_ACT1
0x0009c800 COMP
0x0009c840 COMP
0x0009c880 COMP
0x0009c8c0 COMP
0x0009c900 COMP
0x0009c940 COMP
0x0009c980 COMP
0x0009c9c0 COMP
0x0009ca00 COMP
0x0009ca40 COMP
0x0009ca80 COMP
0x0009cac0 COMP
0x0009cb00 COMP
0x0009cb40 COMP
0x0009cb80 COMP
0x0009cbc0 COMP
READRES
0x0009d000 G_ACT0
0x0809d000 G_ACT1
0x0009d000 COMP
0x0009d040 COMP
0x0009d080 COMP
0x0009d0c0 COMP
0x0009d100 COMP
0x0009d140 COMP
0x0009d180 COMP
0x0009d1c0 COMP
0x0009d200 COMP
0x0009d240 COMP
0x0009d280 COMP
0x0009d2c0 COMP
0x0009d300 COMP
0x0009d340 COMP
0x0009d380 COMP
0x0009d3c0 COMP
READRES
0x0009d800 G_ACT0
0x0809d800 G_ACT1
0x0009d800 COMP
0x0009d840 COMP
0x0009d880 COMP
0x0009d8c0 COMP
0x0009d900 COMP
0x0009d940 COMP
0x0009d980 COMP
0x0009d9c0 COMP
0x0009da00 COMP
0x0009da40 COMP
0x0009da80 COMP
0x0009dac0 COMP
0x0009db00 COMP
0x0009db40 COMP
0x0009db80 COMP
0x0009dbc0 COMP
READRES
0x0009e000 G_ACT0
0x0809e000 G_ACT1
0x0009e000 COMP
0x0009e040 COMP
0x0009e080 COMP
0x0009e0c0 COMP
0x0009e100 COMP
0x0009e140 COMP
0x0009e180 COMP
0x0009e1c0 COMP
0x0009e200 COMP
0x0009e240 COMP
0x0009e280 COMP
0x0009e2c0 COMP
0x0009e300 COMP
0x0009e340 COMP
0x0009e380 COMP
0x0009e3c0 COMP
READRES
0x0009e800 G_ACT0
0x0809e800 G_ACT1
0x0009e800 COMP
0x0009e840 COMP
0x0009e880 COMP
0x0009e8c0 COMP
0x0009e900 COMP
0x0009e940 COMP
0x0009e980 COMP
0x0009e9c0 COMP
0x0009ea00 COMP
0x0009ea40 COMP
0x0009ea80 COMP
0x0009eac0 COMP
0x0009eb00 COMP
0x0009eb40 COMP
0x0009eb80 COMP
0x0009ebc0 COMP
READRES
0x0009f000 G_ACT0
0x0809f000 G_ACT1
0x0009f000 COMP
0x0009f040 COMP
0x0009f080 COMP
0x0009f0c0 COMP
0x0009f100 COMP
0x0009f140 COMP
0x0009f180 COMP
0x0009f1c0 COMP
0x0009f200 COMP
0x0009f240 COMP
0x0009f280 COMP
0x0009f2c0 COMP
0x0009f300 COMP
0x0009f340 COMP
0x0009f380 COMP
0x0009f3c0 COMP
READRES
0x0009f800 G_ACT0
0x0809f800 G_ACT1
0x0009f800 COMP
0x0009f840 COMP
0x0009f880 COMP
0x0009f8c0 COMP
0x0009f900 COMP
0x0009f940 COMP
0x0009f980 COMP
0x0009f9c0 COMP
0x0009fa00 COMP
0x0009fa40 COMP
0x0009fa80 COMP
0x0009fac0 COMP
0x0009fb00 COMP
0x0009fb40 COMP
0x0009fb80 COMP
0x0009fbc0 COMP
READRES
0x000a0000 G_ACT0
0x080a0000 G_ACT1
0x000a0000 COMP
0x000a0040 COMP
0x000a0080 COMP
0x000a00c0 COMP
0x000a0100 COMP
0x000a0140 COMP
0x000a0180 COMP
0x000a01c0 COMP
0x000a0200 COMP
0x000a0240 COMP
0x000a0280 COMP
0x000a02c0 COMP
0x000a0300 COMP
0x000a0340 COMP
0x000a0380 COMP
0x000a03c0 COMP
READRES
0x000a0800 G_ACT0
0x080a0800 G_ACT1
0x000a0800 COMP
0x000a0840 COMP
0x000a0880 COMP
0x000a08c0 COMP
0x000a0900 COMP
0x000a0940 COMP
0x000a0980 COMP
0x000a09c0 COMP
0x000a0a00 COMP
0x000a0a40 COMP
0x000a0a80 COMP
0x000a0ac0 COMP
0x000a0b00 COMP
0x000a0b40 COMP
0x000a0b80 COMP
0x000a0bc0 COMP
READRES
0x000a1000 G_ACT0
0x080a1000 G_ACT1
0x000a1000 COMP
0x000a1040 COMP
0x000a1080 COMP
0x000a10c0 COMP
0x000a1100 COMP
0x000a1140 COMP
0x000a1180 COMP
0x000a11c0 COMP
0x000a1200 COMP
0x000a1240 COMP
0x000a1280 COMP
0x000a12c0 COMP
0x000a1300 COMP
0x000a1340 COMP
0x000a1380 COMP
0x000a13c0 COMP
READRES
0x000a1800 G_ACT0
0x080a1800 G_ACT1
0x000a1800 COMP
0x000a1840 COMP
0x000a1880 COMP
0x000a18c0 COMP
0x000a1900 COMP
0x000a1940 COMP
0x000a1980 COMP
0x000a19c0 COMP
0x000a1a00 COMP
0x000a1a40 COMP
0x000a1a80 COMP
0x000a1ac0 COMP
0x000a1b00 COMP
0x000a1b40 COMP
0x000a1b80 COMP
0x000a1bc0 COMP
READRES
0x000a2000 G_ACT0
0x080a2000 G_ACT1
0x000a2000 COMP
0x000a2040 COMP
0x000a2080 COMP
0x000a20c0 COMP
0x000a2100 COMP
0x000a2140 COMP
0x000a2180 COMP
0x000a21c0 COMP
0x000a2200 COMP
0x000a2240 COMP
0x000a2280 COMP
0x000a22c0 COMP
0x000a2300 COMP
0x000a2340 COMP
0x000a2380 COMP
0x000a23c0 COMP
READRES
0x000a2800 G_ACT0
0x080a2800 G_ACT1
0x000a2800 COMP
0x000a2840 COMP
0x000a2880 COMP
0x000a28c0 COMP
0x000a2900 COMP
0x000a2940 COMP
0x000a2980 COMP
0x000a29c0 COMP
0x000a2a00 COMP
0x000a2a40 COMP
0x000a2a80 COMP
0x000a2ac0 COMP
0x000a2b00 COMP
0x000a2b40 COMP
0x000a2b80 COMP
0x000a2bc0 COMP
READRES
0x000a3000 G_ACT0
0x080a3000 G_ACT1
0x000a3000 COMP
0x000a3040 COMP
0x000a3080 COMP
0x000a30c0 COMP
0x000a3100 COMP
0x000a3140 COMP
0x000a3180 COMP
0x000a31c0 COMP
0x000a3200 COMP
0x000a3240 COMP
0x000a3280 COMP
0x000a32c0 COMP
0x000a3300 COMP
0x000a3340 COMP
0x000a3380 COMP
0x000a33c0 COMP
READRES
0x000a3800 G_ACT0
0x080a3800 G_ACT1
0x000a3800 COMP
0x000a3840 COMP
0x000a3880 COMP
0x000a38c0 COMP
0x000a3900 COMP
0x000a3940 COMP
0x000a3980 COMP
0x000a39c0 COMP
0x000a3a00 COMP
0x000a3a40 COMP
0x000a3a80 COMP
0x000a3ac0 COMP
0x000a3b00 COMP
0x000a3b40 COMP
0x000a3b80 COMP
0x000a3bc0 COMP
READRES
0x000a4000 G_ACT0
0x080a4000 G_ACT1
0x000a4000 COMP
0x000a4040 COMP
0x000a4080 COMP
0x000a40c0 COMP
0x000a4100 COMP
0x000a4140 COMP
0x000a4180 COMP
0x000a41c0 COMP
0x000a4200 COMP
0x000a4240 COMP
0x000a4280 COMP
0x000a42c0 COMP
0x000a4300 COMP
0x000a4340 COMP
0x000a4380 COMP
0x000a43c0 COMP
READRES
0x000a4800 G_ACT0
0x080a4800 G_ACT1
0x000a4800 COMP
0x000a4840 COMP
0x000a4880 COMP
0x000a48c0 COMP
0x000a4900 COMP
0x000a4940 COMP
0x000a4980 COMP
0x000a49c0 COMP
0x000a4a00 COMP
0x000a4a40 COMP
0x000a4a80 COMP
0x000a4ac0 COMP
0x000a4b00 COMP
0x000a4b40 COMP
0x000a4b80 COMP
0x000a4bc0 COMP
READRES
0x000a5000 G_ACT0
0x080a5000 G_ACT1
0x000a5000 COMP
0x000a5040 COMP
0x000a5080 COMP
0x000a50c0 COMP
0x000a5100 COMP
0x000a5140 COMP
0x000a5180 COMP
0x000a51c0 COMP
0x000a5200 COMP
0x000a5240 COMP
0x000a5280 COMP
0x000a52c0 COMP
0x000a5300 COMP
0x000a5340 COMP
0x000a5380 COMP
0x000a53c0 COMP
READRES
0x000a5800 G_ACT0
0x080a5800 G_ACT1
0x000a5800 COMP
0x000a5840 COMP
0x000a5880 COMP
0x000a58c0 COMP
0x000a5900 COMP
0x000a5940 COMP
0x000a5980 COMP
0x000a59c0 COMP
0x000a5a00 COMP
0x000a5a40 COMP
0x000a5a80 COMP
0x000a5ac0 COMP
0x000a5b00 COMP
0x000a5b40 COMP
0x000a5b80 COMP
0x000a5bc0 COMP
READRES
0x000a6000 G_ACT0
0x080a6000 G_ACT1
0x000a6000 COMP
0x000a6040 COMP
0x000a6080 COMP
0x000a60c0 COMP
0x000a6100 COMP
0x000a6140 COMP
0x000a6180 COMP
0x000a61c0 COMP
0x000a6200 COMP
0x000a6240 COMP
0x000a6280 COMP
0x000a62c0 COMP
0x000a6300 COMP
0x000a6340 COMP
0x000a6380 COMP
0x000a63c0 COMP
READRES
0x000a6800 G_ACT0
0x080a6800 G_ACT1
0x000a6800 COMP
0x000a6840 COMP
0x000a6880 COMP
0x000a68c0 COMP
0x000a6900 COMP
0x000a6940 COMP
0x000a6980 COMP
0x000a69c0 COMP
0x000a6a00 COMP
0x000a6a40 COMP
0x000a6a80 COMP
0x000a6ac0 COMP
0x000a6b00 COMP
0x000a6b40 COMP
0x000a6b80 COMP
0x000a6bc0 COMP
READRES
0x000a7000 G_ACT0
0x080a7000 G_ACT1
0x000a7000 COMP
0x000a7040 COMP
0x000a7080 COMP
0x000a70c0 COMP
0x000a7100 COMP
0x000a7140 COMP
0x000a7180 COMP
0x000a71c0 COMP
0x000a7200 COMP
0x000a7240 COMP
0x000a7280 COMP
0x000a72c0 COMP
0x000a7300 COMP
0x000a7340 COMP
0x000a7380 COMP
0x000a73c0 COMP
READRES
0x000a7800 G_ACT0
0x080a7800 G_ACT1
0x000a7800 COMP
0x000a7840 COMP
0x000a7880 COMP
0x000a78c0 COMP
0x000a7900 COMP
0x000a7940 COMP
0x000a7980 COMP
0x000a79c0 COMP
0x000a7a00 COMP
0x000a7a40 COMP
0x000a7a80 COMP
0x000a7ac0 COMP
0x000a7b00 COMP
0x000a7b40 COMP
0x000a7b80 COMP
0x000a7bc0 COMP
READRES
0x000a8000 G_ACT0
0x080a8000 G_ACT1
0x000a8000 COMP
0x000a8040 COMP
0x000a8080 COMP
0x000a80c0 COMP
0x000a8100 COMP
0x000a8140 COMP
0x000a8180 COMP
0x000a81c0 COMP
0x000a8200 COMP
0x000a8240 COMP
0x000a8280 COMP
0x000a82c0 COMP
0x000a8300 COMP
0x000a8340 COMP
0x000a8380 COMP
0x000a83c0 COMP
READRES
0x000a8800 G_ACT0
0x080a8800 G_ACT1
0x000a8800 COMP
0x000a8840 COMP
0x000a8880 COMP
0x000a88c0 COMP
0x000a8900 COMP
0x000a8940 COMP
0x000a8980 COMP
0x000a89c0 COMP
0x000a8a00 COMP
0x000a8a40 COMP
0x000a8a80 COMP
0x000a8ac0 COMP
0x000a8b00 COMP
0x000a8b40 COMP
0x000a8b80 COMP
0x000a8bc0 COMP
READRES
0x000a9000 G_ACT0
0x080a9000 G_ACT1
0x000a9000 COMP
0x000a9040 COMP
0x000a9080 COMP
0x000a90c0 COMP
0x000a9100 COMP
0x000a9140 COMP
0x000a9180 COMP
0x000a91c0 COMP
0x000a9200 COMP
0x000a9240 COMP
0x000a9280 COMP
0x000a92c0 COMP
0x000a9300 COMP
0x000a9340 COMP
0x000a9380 COMP
0x000a93c0 COMP
READRES
0x000a9800 G_ACT0
0x080a9800 G_ACT1
0x000a9800 COMP
0x000a9840 COMP
0x000a9880 COMP
0x000a98c0 COMP
0x000a9900 COMP
0x000a9940 COMP
0x000a9980 COMP
0x000a99c0 COMP
0x000a9a00 COMP
0x000a9a40 COMP
0x000a9a80 COMP
0x000a9ac0 COMP
0x000a9b00 COMP
0x000a9b40 COMP
0x000a9b80 COMP
0x000a9bc0 COMP
READRES
0x000aa000 G_ACT0
0x080aa000 G_ACT1
0x000aa000 COMP
0x000aa040 COMP
0x000aa080 COMP
0x000aa0c0 COMP
0x000aa100 COMP
0x000aa140 COMP
0x000aa180 COMP
0x000aa1c0 COMP
0x000aa200 COMP
0x000aa240 COMP
0x000aa280 COMP
0x000aa2c0 COMP
0x000aa300 COMP
0x000aa340 COMP
0x000aa380 COMP
0x000aa3c0 COMP
READRES
0x000aa800 G_ACT0
0x080aa800 G_ACT1
0x000aa800 COMP
0x000aa840 COMP
0x000aa880 COMP
0x000aa8c0 COMP
0x000aa900 COMP
0x000aa940 COMP
0x000aa980 COMP
0x000aa9c0 COMP
0x000aaa00 COMP
0x000aaa40 COMP
0x000aaa80 COMP
0x000aaac0 COMP
0x000aab00 COMP
0x000aab40 COMP
0x000aab80 COMP
0x000aabc0 COMP
READRES
0x000ab000 G_ACT0
0x080ab000 G_ACT1
0x000ab000 COMP
0x000ab040 COMP
0x000ab080 COMP
0x000ab0c0 COMP
0x000ab100 COMP
0x000ab140 COMP
0x000ab180 COMP
0x000ab1c0 COMP
0x000ab200 COMP
0x000ab240 COMP
0x000ab280 COMP
0x000ab2c0 COMP
0x000ab300 COMP
0x000ab340 COMP
0x000ab380 COMP
0x000ab3c0 COMP
READRES
0x000ab800 G_ACT0
0x080ab800 G_ACT1
0x000ab800 COMP
0x000ab840 COMP
0x000ab880 COMP
0x000ab8c0 COMP
0x000ab900 COMP
0x000ab940 COMP
0x000ab980 COMP
0x000ab9c0 COMP
0x000aba00 COMP
0x000aba40 COMP
0x000aba80 COMP
0x000abac0 COMP
0x000abb00 COMP
0x000abb40 COMP
0x000abb80 COMP
0x000abbc0 COMP
READRES
0x000ac000 G_ACT0
0x080ac000 G_ACT1
0x000ac000 COMP
0x000ac040 COMP
0x000ac080 COMP
0x000ac0c0 COMP
0x000ac100 COMP
0x000ac140 COMP
0x000ac180 COMP
0x000ac1c0 COMP
0x000ac200 COMP
0x000ac240 COMP
0x000ac280 COMP
0x000ac2c0 COMP
0x000ac300 COMP
0x000ac340 COMP
0x000ac380 COMP
0x000ac3c0 COMP
READRES
0x000ac800 G_ACT0
0x080ac800 G_ACT1
0x000ac800 COMP
0x000ac840 COMP
0x000ac880 COMP
0x000ac8c0 COMP
0x000ac900 COMP
0x000ac940 COMP
0x000ac980 COMP
0x000ac9c0 COMP
0x000aca00 COMP
0x000aca40 COMP
0x000aca80 COMP
0x000acac0 COMP
0x000acb00 COMP
0x000acb40 COMP
0x000acb80 COMP
0x000acbc0 COMP
READRES
0x000ad000 G_ACT0
0x080ad000 G_ACT1
0x000ad000 COMP
0x000ad040 COMP
0x000ad080 COMP
0x000ad0c0 COMP
0x000ad100 COMP
0x000ad140 COMP
0x000ad180 COMP
0x000ad1c0 COMP
0x000ad200 COMP
0x000ad240 COMP
0x000ad280 COMP
0x000ad2c0 COMP
0x000ad300 COMP
0x000ad340 COMP
0x000ad380 COMP
0x000ad3c0 COMP
READRES
0x000ad800 G_ACT0
0x080ad800 G_ACT1
0x000ad800 COMP
0x000ad840 COMP
0x000ad880 COMP
0x000ad8c0 COMP
0x000ad900 COMP
0x000ad940 COMP
0x000ad980 COMP
0x000ad9c0 COMP
0x000ada00 COMP
0x000ada40 COMP
0x000ada80 COMP
0x000adac0 COMP
0x000adb00 COMP
0x000adb40 COMP
0x000adb80 COMP
0x000adbc0 COMP
READRES
0x000ae000 G_ACT0
0x080ae000 G_ACT1
0x000ae000 COMP
0x000ae040 COMP
0x000ae080 COMP
0x000ae0c0 COMP
0x000ae100 COMP
0x000ae140 COMP
0x000ae180 COMP
0x000ae1c0 COMP
0x000ae200 COMP
0x000ae240 COMP
0x000ae280 COMP
0x000ae2c0 COMP
0x000ae300 COMP
0x000ae340 COMP
0x000ae380 COMP
0x000ae3c0 COMP
READRES
0x000ae800 G_ACT0
0x080ae800 G_ACT1
0x000ae800 COMP
0x000ae840 COMP
0x000ae880 COMP
0x000ae8c0 COMP
0x000ae900 COMP
0x000ae940 COMP
0x000ae980 COMP
0x000ae9c0 COMP
0x000aea00 COMP
0x000aea40 COMP
0x000aea80 COMP
0x000aeac0 COMP
0x000aeb00 COMP
0x000aeb40 COMP
0x000aeb80 COMP
0x000aebc0 COMP
READRES
0x000af000 G_ACT0
0x080af000 G_ACT1
0x000af000 COMP
0x000af040 COMP
0x000af080 COMP
0x000af0c0 COMP
0x000af100 COMP
0x000af140 COMP
0x000af180 COMP
0x000af1c0 COMP
0x000af200 COMP
0x000af240 COMP
0x000af280 COMP
0x000af2c0 COMP
0x000af300 COMP
0x000af340 COMP
0x000af380 COMP
0x000af3c0 COMP
READRES
0x000af800 G_ACT0
0x080af800 G_ACT1
0x000af800 COMP
0x000af840 COMP
0x000af880 COMP
0x000af8c0 COMP
0x000af900 COMP
0x000af940 COMP
0x000af980 COMP
0x000af9c0 COMP
0x000afa00 COMP
0x000afa40 COMP
0x000afa80 COMP
0x000afac0 COMP
0x000afb00 COMP
0x000afb40 COMP
0x000afb80 COMP
0x000afbc0 COMP
READRES
0x000b0000 G_ACT0
0x080b0000 G_ACT1
0x000b0000 COMP
0x000b0040 COMP
0x000b0080 COMP
0x000b00c0 COMP
0x000b0100 COMP
0x000b0140 COMP
0x000b0180 COMP
0x000b01c0 COMP
0x000b0200 COMP
0x000b0240 COMP
0x000b0280 COMP
0x000b02c0 COMP
0x000b0300 COMP
0x000b0340 COMP
0x000b0380 COMP
0x000b03c0 COMP
READRES
0x000b0800 G_ACT0
0x080b0800 G_ACT1
0x000b0800 COMP
0x000b0840 COMP
0x000b0880 COMP
0x000b08c0 COMP
0x000b0900 COMP
0x000b0940 COMP
0x000b0980 COMP
0x000b09c0 COMP
0x000b0a00 COMP
0x000b0a40 COMP
0x000b0a80 COMP
0x000b0ac0 COMP
0x000b0b00 COMP
0x000b0b40 COMP
0x000b0b80 COMP
0x000b0bc0 COMP
READRES
0x000b1000 G_ACT0
0x080b1000 G_ACT1
0x000b1000 COMP
0x000b1040 COMP
0x000b1080 COMP
0x000b10c0 COMP
0x000b1100 COMP
0x000b1140 COMP
0x000b1180 COMP
0x000b11c0 COMP
0x000b1200 COMP
0x000b1240 COMP
0x000b1280 COMP
0x000b12c0 COMP
0x000b1300 COMP
0x000b1340 COMP
0x000b1380 COMP
0x000b13c0 COMP
READRES
0x000b1800 G_ACT0
0x080b1800 G_ACT1
0x000b1800 COMP
0x000b1840 COMP
0x000b1880 COMP
0x000b18c0 COMP
0x000b1900 COMP
0x000b1940 COMP
0x000b1980 COMP
0x000b19c0 COMP
0x000b1a00 COMP
0x000b1a40 COMP
0x000b1a80 COMP
0x000b1ac0 COMP
0x000b1b00 COMP
0x000b1b40 COMP
0x000b1b80 COMP
0x000b1bc0 COMP
READRES
0x000b2000 G_ACT0
0x080b2000 G_ACT1
0x000b2000 COMP
0x000b2040 COMP
0x000b2080 COMP
0x000b20c0 COMP
0x000b2100 COMP
0x000b2140 COMP
0x000b2180 COMP
0x000b21c0 COMP
0x000b2200 COMP
0x000b2240 COMP
0x000b2280 COMP
0x000b22c0 COMP
0x000b2300 COMP
0x000b2340 COMP
0x000b2380 COMP
0x000b23c0 COMP
READRES
0x000b2800 G_ACT0
0x080b2800 G_ACT1
0x000b2800 COMP
0x000b2840 COMP
0x000b2880 COMP
0x000b28c0 COMP
0x000b2900 COMP
0x000b2940 COMP
0x000b2980 COMP
0x000b29c0 COMP
0x000b2a00 COMP
0x000b2a40 COMP
0x000b2a80 COMP
0x000b2ac0 COMP
0x000b2b00 COMP
0x000b2b40 COMP
0x000b2b80 COMP
0x000b2bc0 COMP
READRES
0x000b3000 G_ACT0
0x080b3000 G_ACT1
0x000b3000 COMP
0x000b3040 COMP
0x000b3080 COMP
0x000b30c0 COMP
0x000b3100 COMP
0x000b3140 COMP
0x000b3180 COMP
0x000b31c0 COMP
0x000b3200 COMP
0x000b3240 COMP
0x000b3280 COMP
0x000b32c0 COMP
0x000b3300 COMP
0x000b3340 COMP
0x000b3380 COMP
0x000b33c0 COMP
READRES
0x000b3800 G_ACT0
0x080b3800 G_ACT1
0x000b3800 COMP
0x000b3840 COMP
0x000b3880 COMP
0x000b38c0 COMP
0x000b3900 COMP
0x000b3940 COMP
0x000b3980 COMP
0x000b39c0 COMP
0x000b3a00 COMP
0x000b3a40 COMP
0x000b3a80 COMP
0x000b3ac0 COMP
0x000b3b00 COMP
0x000b3b40 COMP
0x000b3b80 COMP
0x000b3bc0 COMP
READRES
0x000b4000 G_ACT0
0x080b4000 G_ACT1
0x000b4000 COMP
0x000b4040 COMP
0x000b4080 COMP
0x000b40c0 COMP
0x000b4100 COMP
0x000b4140 COMP
0x000b4180 COMP
0x000b41c0 COMP
0x000b4200 COMP
0x000b4240 COMP
0x000b4280 COMP
0x000b42c0 COMP
0x000b4300 COMP
0x000b4340 COMP
0x000b4380 COMP
0x000b43c0 COMP
READRES
0x000b4800 G_ACT0
0x080b4800 G_ACT1
0x000b4800 COMP
0x000b4840 COMP
0x000b4880 COMP
0x000b48c0 COMP
0x000b4900 COMP
0x000b4940 COMP
0x000b4980 COMP
0x000b49c0 COMP
0x000b4a00 COMP
0x000b4a40 COMP
0x000b4a80 COMP
0x000b4ac0 COMP
0x000b4b00 COMP
0x000b4b40 COMP
0x000b4b80 COMP
0x000b4bc0 COMP
READRES
0x000b5000 G_ACT0
0x080b5000 G_ACT1
0x000b5000 COMP
0x000b5040 COMP
0x000b5080 COMP
0x000b50c0 COMP
0x000b5100 COMP
0x000b5140 COMP
0x000b5180 COMP
0x000b51c0 COMP
0x000b5200 COMP
0x000b5240 COMP
0x000b5280 COMP
0x000b52c0 COMP
0x000b5300 COMP
0x000b5340 COMP
0x000b5380 COMP
0x000b53c0 COMP
READRES
0x000b5800 G_ACT0
0x080b5800 G_ACT1
0x000b5800 COMP
0x000b5840 COMP
0x000b5880 COMP
0x000b58c0 COMP
0x000b5900 COMP
0x000b5940 COMP
0x000b5980 COMP
0x000b59c0 COMP
0x000b5a00 COMP
0x000b5a40 COMP
0x000b5a80 COMP
0x000b5ac0 COMP
0x000b5b00 COMP
0x000b5b40 COMP
0x000b5b80 COMP
0x000b5bc0 COMP
READRES
0x000b6000 G_ACT0
0x080b6000 G_ACT1
0x000b6000 COMP
0x000b6040 COMP
0x000b6080 COMP
0x000b60c0 COMP
0x000b6100 COMP
0x000b6140 COMP
0x000b6180 COMP
0x000b61c0 COMP
0x000b6200 COMP
0x000b6240 COMP
0x000b6280 COMP
0x000b62c0 COMP
0x000b6300 COMP
0x000b6340 COMP
0x000b6380 COMP
0x000b63c0 COMP
READRES
0x000b6800 G_ACT0
0x080b6800 G_ACT1
0x000b6800 COMP
0x000b6840 COMP
0x000b6880 COMP
0x000b68c0 COMP
0x000b6900 COMP
0x000b6940 COMP
0x000b6980 COMP
0x000b69c0 COMP
0x000b6a00 COMP
0x000b6a40 COMP
0x000b6a80 COMP
0x000b6ac0 COMP
0x000b6b00 COMP
0x000b6b40 COMP
0x000b6b80 COMP
0x000b6bc0 COMP
READRES
0x000b7000 G_ACT0
0x080b7000 G_ACT1
0x000b7000 COMP
0x000b7040 COMP
0x000b7080 COMP
0x000b70c0 COMP
0x000b7100 COMP
0x000b7140 COMP
0x000b7180 COMP
0x000b71c0 COMP
0x000b7200 COMP
0x000b7240 COMP
0x000b7280 COMP
0x000b72c0 COMP
0x000b7300 COMP
0x000b7340 COMP
0x000b7380 COMP
0x000b73c0 COMP
READRES
0x000b7800 G_ACT0
0x080b7800 G_ACT1
0x000b7800 COMP
0x000b7840 COMP
0x000b7880 COMP
0x000b78c0 COMP
0x000b7900 COMP
0x000b7940 COMP
0x000b7980 COMP
0x000b79c0 COMP
0x000b7a00 COMP
0x000b7a40 COMP
0x000b7a80 COMP
0x000b7ac0 COMP
0x000b7b00 COMP
0x000b7b40 COMP
0x000b7b80 COMP
0x000b7bc0 COMP
READRES
0x000b8000 G_ACT0
0x080b8000 G_ACT1
0x000b8000 COMP
0x000b8040 COMP
0x000b8080 COMP
0x000b80c0 COMP
0x000b8100 COMP
0x000b8140 COMP
0x000b8180 COMP
0x000b81c0 COMP
0x000b8200 COMP
0x000b8240 COMP
0x000b8280 COMP
0x000b82c0 COMP
0x000b8300 COMP
0x000b8340 COMP
0x000b8380 COMP
0x000b83c0 COMP
READRES
0x000b8800 G_ACT0
0x080b8800 G_ACT1
0x000b8800 COMP
0x000b8840 COMP
0x000b8880 COMP
0x000b88c0 COMP
0x000b8900 COMP
0x000b8940 COMP
0x000b8980 COMP
0x000b89c0 COMP
0x000b8a00 COMP
0x000b8a40 COMP
0x000b8a80 COMP
0x000b8ac0 COMP
0x000b8b00 COMP
0x000b8b40 COMP
0x000b8b80 COMP
0x000b8bc0 COMP
READRES
0x000b9000 G_ACT0
0x080b9000 G_ACT1
0x000b9000 COMP
0x000b9040 COMP
0x000b9080 COMP
0x000b90c0 COMP
0x000b9100 COMP
0x000b9140 COMP
0x000b9180 COMP
0x000b91c0 COMP
0x000b9200 COMP
0x000b9240 COMP
0x000b9280 COMP
0x000b92c0 COMP
0x000b9300 COMP
0x000b9340 COMP
0x000b9380 COMP
0x000b93c0 COMP
READRES
0x000b9800 G_ACT0
0x080b9800 G_ACT1
0x000b9800 COMP
0x000b9840 COMP
0x000b9880 COMP
0x000b98c0 COMP
0x000b9900 COMP
0x000b9940 COMP
0x000b9980 COMP
0x000b99c0 COMP
0x000b9a00 COMP
0x000b9a40 COMP
0x000b9a80 COMP
0x000b9ac0 COMP
0x000b9b00 COMP
0x000b9b40 COMP
0x000b9b80 COMP
0x000b9bc0 COMP
READRES
0x000ba000 G_ACT0
0x080ba000 G_ACT1
0x000ba000 COMP
0x000ba040 COMP
0x000ba080 COMP
0x000ba0c0 COMP
0x000ba100 COMP
0x000ba140 COMP
0x000ba180 COMP
0x000ba1c0 COMP
0x000ba200 COMP
0x000ba240 COMP
0x000ba280 COMP
0x000ba2c0 COMP
0x000ba300 COMP
0x000ba340 COMP
0x000ba380 COMP
0x000ba3c0 COMP
READRES
0x000ba800 G_ACT0
0x080ba800 G_ACT1
0x000ba800 COMP
0x000ba840 COMP
0x000ba880 COMP
0x000ba8c0 COMP
0x000ba900 COMP
0x000ba940 COMP
0x000ba980 COMP
0x000ba9c0 COMP
0x000baa00 COMP
0x000baa40 COMP
0x000baa80 COMP
0x000baac0 COMP
0x000bab00 COMP
0x000bab40 COMP
0x000bab80 COMP
0x000babc0 COMP
READRES
0x000bb000 G_ACT0
0x080bb000 G_ACT1
0x000bb000 COMP
0x000bb040 COMP
0x000bb080 COMP
0x000bb0c0 COMP
0x000bb100 COMP
0x000bb140 COMP
0x000bb180 COMP
0x000bb1c0 COMP
0x000bb200 COMP
0x000bb240 COMP
0x000bb280 COMP
0x000bb2c0 COMP
0x000bb300 COMP
0x000bb340 COMP
0x000bb380 COMP
0x000bb3c0 COMP
READRES
0x000bb800 G_ACT0
0x080bb800 G_ACT1
0x000bb800 COMP
0x000bb840 COMP
0x000bb880 COMP
0x000bb8c0 COMP
0x000bb900 COMP
0x000bb940 COMP
0x000bb980 COMP
0x000bb9c0 COMP
0x000bba00 COMP
0x000bba40 COMP
0x000bba80 COMP
0x000bbac0 COMP
0x000bbb00 COMP
0x000bbb40 COMP
0x000bbb80 COMP
0x000bbbc0 COMP
READRES
0x000bc000 G_ACT0
0x080bc000 G_ACT1
0x000bc000 COMP
0x000bc040 COMP
0x000bc080 COMP
0x000bc0c0 COMP
0x000bc100 COMP
0x000bc140 COMP
0x000bc180 COMP
0x000bc1c0 COMP
0x000bc200 COMP
0x000bc240 COMP
0x000bc280 COMP
0x000bc2c0 COMP
0x000bc300 COMP
0x000bc340 COMP
0x000bc380 COMP
0x000bc3c0 COMP
READRES
0x000bc800 G_ACT0
0x080bc800 G_ACT1
0x000bc800 COMP
0x000bc840 COMP
0x000bc880 COMP
0x000bc8c0 COMP
0x000bc900 COMP
0x000bc940 COMP
0x000bc980 COMP
0x000bc9c0 COMP
0x000bca00 COMP
0x000bca40 COMP
0x000bca80 COMP
0x000bcac0 COMP
0x000bcb00 COMP
0x000bcb40 COMP
0x000bcb80 COMP
0x000bcbc0 COMP
READRES
0x000bd000 G_ACT0
0x080bd000 G_ACT1
0x000bd000 COMP
0x000bd040 COMP
0x000bd080 COMP
0x000bd0c0 COMP
0x000bd100 COMP
0x000bd140 COMP
0x000bd180 COMP
0x000bd1c0 COMP
0x000bd200 COMP
0x000bd240 COMP
0x000bd280 COMP
0x000bd2c0 COMP
0x000bd300 COMP
0x000bd340 COMP
0x000bd380 COMP
0x000bd3c0 COMP
READRES
0x000bd800 G_ACT0
0x080bd800 G_ACT1
0x000bd800 COMP
0x000bd840 COMP
0x000bd880 COMP
0x000bd8c0 COMP
0x000bd900 COMP
0x000bd940 COMP
0x000bd980 COMP
0x000bd9c0 COMP
0x000bda00 COMP
0x000bda40 COMP
0x000bda80 COMP
0x000bdac0 COMP
0x000bdb00 COMP
0x000bdb40 COMP
0x000bdb80 COMP
0x000bdbc0 COMP
READRES
0x000be000 G_ACT0
0x080be000 G_ACT1
0x000be000 COMP
0x000be040 COMP
0x000be080 COMP
0x000be0c0 COMP
0x000be100 COMP
0x000be140 COMP
0x000be180 COMP
0x000be1c0 COMP
0x000be200 COMP
0x000be240 COMP
0x000be280 COMP
0x000be2c0 COMP
0x000be300 COMP
0x000be340 COMP
0x000be380 COMP
0x000be3c0 COMP
READRES
0x000be800 G_ACT0
0x080be800 G_ACT1
0x000be800 COMP
0x000be840 COMP
0x000be880 COMP
0x000be8c0 COMP
0x000be900 COMP
0x000be940 COMP
0x000be980 COMP
0x000be9c0 COMP
0x000bea00 COMP
0x000bea40 COMP
0x000bea80 COMP
0x000beac0 COMP
0x000beb00 COMP
0x000beb40 COMP
0x000beb80 COMP
0x000bebc0 COMP
READRES
0x000bf000 G_ACT0
0x080bf000 G_ACT1
0x000bf000 COMP
0x000bf040 COMP
0x000bf080 COMP
0x000bf0c0 COMP
0x000bf100 COMP
0x000bf140 COMP
0x000bf180 COMP
0x000bf1c0 COMP
0x000bf200 COMP
0x000bf240 COMP
0x000bf280 COMP
0x000bf2c0 COMP
0x000bf300 COMP
0x000bf340 COMP
0x000bf380 COMP
0x000bf3c0 COMP
READRES
0x000bf800 G_ACT0
0x080bf800 G_ACT1
0x000bf800 COMP
0x000bf840 COMP
0x000bf880 COMP
0x000bf8c0 COMP
0x000bf900 COMP
0x000bf940 COMP
0x000bf980 COMP
0x000bf9c0 COMP
0x000bfa00 COMP
0x000bfa40 COMP
0x000bfa80 COMP
0x000bfac0 COMP
0x000bfb00 COMP
0x000bfb40 COMP
0x000bfb80 COMP
0x000bfbc0 COMP
READRES
0x000c0000 G_ACT0
0x080c0000 G_ACT1
0x000c0000 COMP
0x000c0040 COMP
0x000c0080 COMP
0x000c00c0 COMP
0x000c0100 COMP
0x000c0140 COMP
0x000c0180 COMP
0x000c01c0 COMP
0x000c0200 COMP
0x000c0240 COMP
0x000c0280 COMP
0x000c02c0 COMP
0x000c0300 COMP
0x000c0340 COMP
0x000c0380 COMP
0x000c03c0 COMP
READRES
0x000c0800 G_ACT0
0x080c0800 G_ACT1
0x000c0800 COMP
0x000c0840 COMP
0x000c0880 COMP
0x000c08c0 COMP
0x000c0900 COMP
0x000c0940 COMP
0x000c0980 COMP
0x000c09c0 COMP
0x000c0a00 COMP
0x000c0a40 COMP
0x000c0a80 COMP
0x000c0ac0 COMP
0x000c0b00 COMP
0x000c0b40 COMP
0x000c0b80 COMP
0x000c0bc0 COMP
READRES
0x000c1000 G_ACT0
0x080c1000 G_ACT1
0x000c1000 COMP
0x000c1040 COMP
0x000c1080 COMP
0x000c10c0 COMP
0x000c1100 COMP
0x000c1140 COMP
0x000c1180 COMP
0x000c11c0 COMP
0x000c1200 COMP
0x000c1240 COMP
0x000c1280 COMP
0x000c12c0 COMP
0x000c1300 COMP
0x000c1340 COMP
0x000c1380 COMP
0x000c13c0 COMP
READRES
0x000c1800 G_ACT0
0x080c1800 G_ACT1
0x000c1800 COMP
0x000c1840 COMP
0x000c1880 COMP
0x000c18c0 COMP
0x000c1900 COMP
0x000c1940 COMP
0x000c1980 COMP
0x000c19c0 COMP
0x000c1a00 COMP
0x000c1a40 COMP
0x000c1a80 COMP
0x000c1ac0 COMP
0x000c1b00 COMP
0x000c1b40 COMP
0x000c1b80 COMP
0x000c1bc0 COMP
READRES
0x000c2000 G_ACT0
0x080c2000 G_ACT1
0x000c2000 COMP
0x000c2040 COMP
0x000c2080 COMP
0x000c20c0 COMP
0x000c2100 COMP
0x000c2140 COMP
0x000c2180 COMP
0x000c21c0 COMP
0x000c2200 COMP
0x000c2240 COMP
0x000c2280 COMP
0x000c22c0 COMP
0x000c2300 COMP
0x000c2340 COMP
0x000c2380 COMP
0x000c23c0 COMP
READRES
0x000c2800 G_ACT0
0x080c2800 G_ACT1
0x000c2800 COMP
0x000c2840 COMP
0x000c2880 COMP
0x000c28c0 COMP
0x000c2900 COMP
0x000c2940 COMP
0x000c2980 COMP
0x000c29c0 COMP
0x000c2a00 COMP
0x000c2a40 COMP
0x000c2a80 COMP
0x000c2ac0 COMP
0x000c2b00 COMP
0x000c2b40 COMP
0x000c2b80 COMP
0x000c2bc0 COMP
READRES
0x000c3000 G_ACT0
0x080c3000 G_ACT1
0x000c3000 COMP
0x000c3040 COMP
0x000c3080 COMP
0x000c30c0 COMP
0x000c3100 COMP
0x000c3140 COMP
0x000c3180 COMP
0x000c31c0 COMP
0x000c3200 COMP
0x000c3240 COMP
0x000c3280 COMP
0x000c32c0 COMP
0x000c3300 COMP
0x000c3340 COMP
0x000c3380 COMP
0x000c33c0 COMP
READRES
0x000c3800 G_ACT0
0x080c3800 G_ACT1
0x000c3800 COMP
0x000c3840 COMP
0x000c3880 COMP
0x000c38c0 COMP
0x000c3900 COMP
0x000c3940 COMP
0x000c3980 COMP
0x000c39c0 COMP
0x000c3a00 COMP
0x000c3a40 COMP
0x000c3a80 COMP
0x000c3ac0 COMP
0x000c3b00 COMP
0x000c3b40 COMP
0x000c3b80 COMP
0x000c3bc0 COMP
READRES
0x000c4000 G_ACT0
0x080c4000 G_ACT1
0x000c4000 COMP
0x000c4040 COMP
0x000c4080 COMP
0x000c40c0 COMP
0x000c4100 COMP
0x000c4140 COMP
0x000c4180 COMP
0x000c41c0 COMP
0x000c4200 COMP
0x000c4240 COMP
0x000c4280 COMP
0x000c42c0 COMP
0x000c4300 COMP
0x000c4340 COMP
0x000c4380 COMP
0x000c43c0 COMP
READRES
0x000c4800 G_ACT0
0x080c4800 G_ACT1
0x000c4800 COMP
0x000c4840 COMP
0x000c4880 COMP
0x000c48c0 COMP
0x000c4900 COMP
0x000c4940 COMP
0x000c4980 COMP
0x000c49c0 COMP
0x000c4a00 COMP
0x000c4a40 COMP
0x000c4a80 COMP
0x000c4ac0 COMP
0x000c4b00 COMP
0x000c4b40 COMP
0x000c4b80 COMP
0x000c4bc0 COMP
READRES
0x000c5000 G_ACT0
0x080c5000 G_ACT1
0x000c5000 COMP
0x000c5040 COMP
0x000c5080 COMP
0x000c50c0 COMP
0x000c5100 COMP
0x000c5140 COMP
0x000c5180 COMP
0x000c51c0 COMP
0x000c5200 COMP
0x000c5240 COMP
0x000c5280 COMP
0x000c52c0 COMP
0x000c5300 COMP
0x000c5340 COMP
0x000c5380 COMP
0x000c53c0 COMP
READRES
0x000c5800 G_ACT0
0x080c5800 G_ACT1
0x000c5800 COMP
0x000c5840 COMP
0x000c5880 COMP
0x000c58c0 COMP
0x000c5900 COMP
0x000c5940 COMP
0x000c5980 COMP
0x000c59c0 COMP
0x000c5a00 COMP
0x000c5a40 COMP
0x000c5a80 COMP
0x000c5ac0 COMP
0x000c5b00 COMP
0x000c5b40 COMP
0x000c5b80 COMP
0x000c5bc0 COMP
READRES
0x000c6000 G_ACT0
0x080c6000 G_ACT1
0x000c6000 COMP
0x000c6040 COMP
0x000c6080 COMP
0x000c60c0 COMP
0x000c6100 COMP
0x000c6140 COMP
0x000c6180 COMP
0x000c61c0 COMP
0x000c6200 COMP
0x000c6240 COMP
0x000c6280 COMP
0x000c62c0 COMP
0x000c6300 COMP
0x000c6340 COMP
0x000c6380 COMP
0x000c63c0 COMP
READRES
0x000c6800 G_ACT0
0x080c6800 G_ACT1
0x000c6800 COMP
0x000c6840 COMP
0x000c6880 COMP
0x000c68c0 COMP
0x000c6900 COMP
0x000c6940 COMP
0x000c6980 COMP
0x000c69c0 COMP
0x000c6a00 COMP
0x000c6a40 COMP
0x000c6a80 COMP
0x000c6ac0 COMP
0x000c6b00 COMP
0x000c6b40 COMP
0x000c6b80 COMP
0x000c6bc0 COMP
READRES
0x000c7000 G_ACT0
0x080c7000 G_ACT1
0x000c7000 COMP
0x000c7040 COMP
0x000c7080 COMP
0x000c70c0 COMP
0x000c7100 COMP
0x000c7140 COMP
0x000c7180 COMP
0x000c71c0 COMP
0x000c7200 COMP
0x000c7240 COMP
0x000c7280 COMP
0x000c72c0 COMP
0x000c7300 COMP
0x000c7340 COMP
0x000c7380 COMP
0x000c73c0 COMP
READRES
0x000c7800 G_ACT0
0x080c7800 G_ACT1
0x000c7800 COMP
0x000c7840 COMP
0x000c7880 COMP
0x000c78c0 COMP
0x000c7900 COMP
0x000c7940 COMP
0x000c7980 COMP
0x000c79c0 COMP
0x000c7a00 COMP
0x000c7a40 COMP
0x000c7a80 COMP
0x000c7ac0 COMP
0x000c7b00 COMP
0x000c7b40 COMP
0x000c7b80 COMP
0x000c7bc0 COMP
READRES
0x000c8000 G_ACT0
0x080c8000 G_ACT1
0x000c8000 COMP
0x000c8040 COMP
0x000c8080 COMP
0x000c80c0 COMP
0x000c8100 COMP
0x000c8140 COMP
0x000c8180 COMP
0x000c81c0 COMP
0x000c8200 COMP
0x000c8240 COMP
0x000c8280 COMP
0x000c82c0 COMP
0x000c8300 COMP
0x000c8340 COMP
0x000c8380 COMP
0x000c83c0 COMP
READRES
0x000c8800 G_ACT0
0x080c8800 G_ACT1
0x000c8800 COMP
0x000c8840 COMP
0x000c8880 COMP
0x000c88c0 COMP
0x000c8900 COMP
0x000c8940 COMP
0x000c8980 COMP
0x000c89c0 COMP
0x000c8a00 COMP
0x000c8a40 COMP
0x000c8a80 COMP
0x000c8ac0 COMP
0x000c8b00 COMP
0x000c8b40 COMP
0x000c8b80 COMP
0x000c8bc0 COMP
READRES
0x000c9000 G_ACT0
0x080c9000 G_ACT1
0x000c9000 COMP
0x000c9040 COMP
0x000c9080 COMP
0x000c90c0 COMP
0x000c9100 COMP
0x000c9140 COMP
0x000c9180 COMP
0x000c91c0 COMP
0x000c9200 COMP
0x000c9240 COMP
0x000c9280 COMP
0x000c92c0 COMP
0x000c9300 COMP
0x000c9340 COMP
0x000c9380 COMP
0x000c93c0 COMP
READRES
0x000c9800 G_ACT0
0x080c9800 G_ACT1
0x000c9800 COMP
0x000c9840 COMP
0x000c9880 COMP
0x000c98c0 COMP
0x000c9900 COMP
0x000c9940 COMP
0x000c9980 COMP
0x000c99c0 COMP
0x000c9a00 COMP
0x000c9a40 COMP
0x000c9a80 COMP
0x000c9ac0 COMP
0x000c9b00 COMP
0x000c9b40 COMP
0x000c9b80 COMP
0x000c9bc0 COMP
READRES
0x000ca000 G_ACT0
0x080ca000 G_ACT1
0x000ca000 COMP
0x000ca040 COMP
0x000ca080 COMP
0x000ca0c0 COMP
0x000ca100 COMP
0x000ca140 COMP
0x000ca180 COMP
0x000ca1c0 COMP
0x000ca200 COMP
0x000ca240 COMP
0x000ca280 COMP
0x000ca2c0 COMP
0x000ca300 COMP
0x000ca340 COMP
0x000ca380 COMP
0x000ca3c0 COMP
READRES
0x000ca800 G_ACT0
0x080ca800 G_ACT1
0x000ca800 COMP
0x000ca840 COMP
0x000ca880 COMP
0x000ca8c0 COMP
0x000ca900 COMP
0x000ca940 COMP
0x000ca980 COMP
0x000ca9c0 COMP
0x000caa00 COMP
0x000caa40 COMP
0x000caa80 COMP
0x000caac0 COMP
0x000cab00 COMP
0x000cab40 COMP
0x000cab80 COMP
0x000cabc0 COMP
READRES
0x000cb000 G_ACT0
0x080cb000 G_ACT1
0x000cb000 COMP
0x000cb040 COMP
0x000cb080 COMP
0x000cb0c0 COMP
0x000cb100 COMP
0x000cb140 COMP
0x000cb180 COMP
0x000cb1c0 COMP
0x000cb200 COMP
0x000cb240 COMP
0x000cb280 COMP
0x000cb2c0 COMP
0x000cb300 COMP
0x000cb340 COMP
0x000cb380 COMP
0x000cb3c0 COMP
READRES
0x000cb800 G_ACT0
0x080cb800 G_ACT1
0x000cb800 COMP
0x000cb840 COMP
0x000cb880 COMP
0x000cb8c0 COMP
0x000cb900 COMP
0x000cb940 COMP
0x000cb980 COMP
0x000cb9c0 COMP
0x000cba00 COMP
0x000cba40 COMP
0x000cba80 COMP
0x000cbac0 COMP
0x000cbb00 COMP
0x000cbb40 COMP
0x000cbb80 COMP
0x000cbbc0 COMP
READRES
0x000cc000 G_ACT0
0x080cc000 G_ACT1
0x000cc000 COMP
0x000cc040 COMP
0x000cc080 COMP
0x000cc0c0 COMP
0x000cc100 COMP
0x000cc140 COMP
0x000cc180 COMP
0x000cc1c0 COMP
0x000cc200 COMP
0x000cc240 COMP
0x000cc280 COMP
0x000cc2c0 COMP
0x000cc300 COMP
0x000cc340 COMP
0x000cc380 COMP
0x000cc3c0 COMP
READRES
0x000cc800 G_ACT0
0x080cc800 G_ACT1
0x000cc800 COMP
0x000cc840 COMP
0x000cc880 COMP
0x000cc8c0 COMP
0x000cc900 COMP
0x000cc940 COMP
0x000cc980 COMP
0x000cc9c0 COMP
0x000cca00 COMP
0x000cca40 COMP
0x000cca80 COMP
0x000ccac0 COMP
0x000ccb00 COMP
0x000ccb40 COMP
0x000ccb80 COMP
0x000ccbc0 COMP
READRES
0x000cd000 G_ACT0
0x080cd000 G_ACT1
0x000cd000 COMP
0x000cd040 COMP
0x000cd080 COMP
0x000cd0c0 COMP
0x000cd100 COMP
0x000cd140 COMP
0x000cd180 COMP
0x000cd1c0 COMP
0x000cd200 COMP
0x000cd240 COMP
0x000cd280 COMP
0x000cd2c0 COMP
0x000cd300 COMP
0x000cd340 COMP
0x000cd380 COMP
0x000cd3c0 COMP
READRES
0x000cd800 G_ACT0
0x080cd800 G_ACT1
0x000cd800 COMP
0x000cd840 COMP
0x000cd880 COMP
0x000cd8c0 COMP
0x000cd900 COMP
0x000cd940 COMP
0x000cd980 COMP
0x000cd9c0 COMP
0x000cda00 COMP
0x000cda40 COMP
0x000cda80 COMP
0x000cdac0 COMP
0x000cdb00 COMP
0x000cdb40 COMP
0x000cdb80 COMP
0x000cdbc0 COMP
READRES
0x000ce000 G_ACT0
0x080ce000 G_ACT1
0x000ce000 COMP
0x000ce040 COMP
0x000ce080 COMP
0x000ce0c0 COMP
0x000ce100 COMP
0x000ce140 COMP
0x000ce180 COMP
0x000ce1c0 COMP
0x000ce200 COMP
0x000ce240 COMP
0x000ce280 COMP
0x000ce2c0 COMP
0x000ce300 COMP
0x000ce340 COMP
0x000ce380 COMP
0x000ce3c0 COMP
READRES
0x000ce800 G_ACT0
0x080ce800 G_ACT1
0x000ce800 COMP
0x000ce840 COMP
0x000ce880 COMP
0x000ce8c0 COMP
0x000ce900 COMP
0x000ce940 COMP
0x000ce980 COMP
0x000ce9c0 COMP
0x000cea00 COMP
0x000cea40 COMP
0x000cea80 COMP
0x000ceac0 COMP
0x000ceb00 COMP
0x000ceb40 COMP
0x000ceb80 COMP
0x000cebc0 COMP
READRES
0x000cf000 G_ACT0
0x080cf000 G_ACT1
0x000cf000 COMP
0x000cf040 COMP
0x000cf080 COMP
0x000cf0c0 COMP
0x000cf100 COMP
0x000cf140 COMP
0x000cf180 COMP
0x000cf1c0 COMP
0x000cf200 COMP
0x000cf240 COMP
0x000cf280 COMP
0x000cf2c0 COMP
0x000cf300 COMP
0x000cf340 COMP
0x000cf380 COMP
0x000cf3c0 COMP
READRES
0x000cf800 G_ACT0
0x080cf800 G_ACT1
0x000cf800 COMP
0x000cf840 COMP
0x000cf880 COMP
0x000cf8c0 COMP
0x000cf900 COMP
0x000cf940 COMP
0x000cf980 COMP
0x000cf9c0 COMP
0x000cfa00 COMP
0x000cfa40 COMP
0x000cfa80 COMP
0x000cfac0 COMP
0x000cfb00 COMP
0x000cfb40 COMP
0x000cfb80 COMP
0x000cfbc0 COMP
READRES
0x000d0000 G_ACT0
0x080d0000 G_ACT1
0x000d0000 COMP
0x000d0040 COMP
0x000d0080 COMP
0x000d00c0 COMP
0x000d0100 COMP
0x000d0140 COMP
0x000d0180 COMP
0x000d01c0 COMP
0x000d0200 COMP
0x000d0240 COMP
0x000d0280 COMP
0x000d02c0 COMP
0x000d0300 COMP
0x000d0340 COMP
0x000d0380 COMP
0x000d03c0 COMP
READRES
0x000d0800 G_ACT0
0x080d0800 G_ACT1
0x000d0800 COMP
0x000d0840 COMP
0x000d0880 COMP
0x000d08c0 COMP
0x000d0900 COMP
0x000d0940 COMP
0x000d0980 COMP
0x000d09c0 COMP
0x000d0a00 COMP
0x000d0a40 COMP
0x000d0a80 COMP
0x000d0ac0 COMP
0x000d0b00 COMP
0x000d0b40 COMP
0x000d0b80 COMP
0x000d0bc0 COMP
READRES
0x000d1000 G_ACT0
0x080d1000 G_ACT1
0x000d1000 COMP
0x000d1040 COMP
0x000d1080 COMP
0x000d10c0 COMP
0x000d1100 COMP
0x000d1140 COMP
0x000d1180 COMP
0x000d11c0 COMP
0x000d1200 COMP
0x000d1240 COMP
0x000d1280 COMP
0x000d12c0 COMP
0x000d1300 COMP
0x000d1340 COMP
0x000d1380 COMP
0x000d13c0 COMP
READRES
0x000d1800 G_ACT0
0x080d1800 G_ACT1
0x000d1800 COMP
0x000d1840 COMP
0x000d1880 COMP
0x000d18c0 COMP
0x000d1900 COMP
0x000d1940 COMP
0x000d1980 COMP
0x000d19c0 COMP
0x000d1a00 COMP
0x000d1a40 COMP
0x000d1a80 COMP
0x000d1ac0 COMP
0x000d1b00 COMP
0x000d1b40 COMP
0x000d1b80 COMP
0x000d1bc0 COMP
READRES
0x000d2000 G_ACT0
0x080d2000 G_ACT1
0x000d2000 COMP
0x000d2040 COMP
0x000d2080 COMP
0x000d20c0 COMP
0x000d2100 COMP
0x000d2140 COMP
0x000d2180 COMP
0x000d21c0 COMP
0x000d2200 COMP
0x000d2240 COMP
0x000d2280 COMP
0x000d22c0 COMP
0x000d2300 COMP
0x000d2340 COMP
0x000d2380 COMP
0x000d23c0 COMP
READRES
0x000d2800 G_ACT0
0x080d2800 G_ACT1
0x000d2800 COMP
0x000d2840 COMP
0x000d2880 COMP
0x000d28c0 COMP
0x000d2900 COMP
0x000d2940 COMP
0x000d2980 COMP
0x000d29c0 COMP
0x000d2a00 COMP
0x000d2a40 COMP
0x000d2a80 COMP
0x000d2ac0 COMP
0x000d2b00 COMP
0x000d2b40 COMP
0x000d2b80 COMP
0x000d2bc0 COMP
READRES
0x000d3000 G_ACT0
0x080d3000 G_ACT1
0x000d3000 COMP
0x000d3040 COMP
0x000d3080 COMP
0x000d30c0 COMP
0x000d3100 COMP
0x000d3140 COMP
0x000d3180 COMP
0x000d31c0 COMP
0x000d3200 COMP
0x000d3240 COMP
0x000d3280 COMP
0x000d32c0 COMP
0x000d3300 COMP
0x000d3340 COMP
0x000d3380 COMP
0x000d33c0 COMP
READRES
0x000d3800 G_ACT0
0x080d3800 G_ACT1
0x000d3800 COMP
0x000d3840 COMP
0x000d3880 COMP
0x000d38c0 COMP
0x000d3900 COMP
0x000d3940 COMP
0x000d3980 COMP
0x000d39c0 COMP
0x000d3a00 COMP
0x000d3a40 COMP
0x000d3a80 COMP
0x000d3ac0 COMP
0x000d3b00 COMP
0x000d3b40 COMP
0x000d3b80 COMP
0x000d3bc0 COMP
READRES
0x000d4000 G_ACT0
0x080d4000 G_ACT1
0x000d4000 COMP
0x000d4040 COMP
0x000d4080 COMP
0x000d40c0 COMP
0x000d4100 COMP
0x000d4140 COMP
0x000d4180 COMP
0x000d41c0 COMP
0x000d4200 COMP
0x000d4240 COMP
0x000d4280 COMP
0x000d42c0 COMP
0x000d4300 COMP
0x000d4340 COMP
0x000d4380 COMP
0x000d43c0 COMP
READRES
0x000d4800 G_ACT0
0x080d4800 G_ACT1
0x000d4800 COMP
0x000d4840 COMP
0x000d4880 COMP
0x000d48c0 COMP
0x000d4900 COMP
0x000d4940 COMP
0x000d4980 COMP
0x000d49c0 COMP
0x000d4a00 COMP
0x000d4a40 COMP
0x000d4a80 COMP
0x000d4ac0 COMP
0x000d4b00 COMP
0x000d4b40 COMP
0x000d4b80 COMP
0x000d4bc0 COMP
READRES
0x000d5000 G_ACT0
0x080d5000 G_ACT1
0x000d5000 COMP
0x000d5040 COMP
0x000d5080 COMP
0x000d50c0 COMP
0x000d5100 COMP
0x000d5140 COMP
0x000d5180 COMP
0x000d51c0 COMP
0x000d5200 COMP
0x000d5240 COMP
0x000d5280 COMP
0x000d52c0 COMP
0x000d5300 COMP
0x000d5340 COMP
0x000d5380 COMP
0x000d53c0 COMP
READRES
0x000d5800 G_ACT0
0x080d5800 G_ACT1
0x000d5800 COMP
0x000d5840 COMP
0x000d5880 COMP
0x000d58c0 COMP
0x000d5900 COMP
0x000d5940 COMP
0x000d5980 COMP
0x000d59c0 COMP
0x000d5a00 COMP
0x000d5a40 COMP
0x000d5a80 COMP
0x000d5ac0 COMP
0x000d5b00 COMP
0x000d5b40 COMP
0x000d5b80 COMP
0x000d5bc0 COMP
READRES
0x000d6000 G_ACT0
0x080d6000 G_ACT1
0x000d6000 COMP
0x000d6040 COMP
0x000d6080 COMP
0x000d60c0 COMP
0x000d6100 COMP
0x000d6140 COMP
0x000d6180 COMP
0x000d61c0 COMP
0x000d6200 COMP
0x000d6240 COMP
0x000d6280 COMP
0x000d62c0 COMP
0x000d6300 COMP
0x000d6340 COMP
0x000d6380 COMP
0x000d63c0 COMP
READRES
0x000d6800 G_ACT0
0x080d6800 G_ACT1
0x000d6800 COMP
0x000d6840 COMP
0x000d6880 COMP
0x000d68c0 COMP
0x000d6900 COMP
0x000d6940 COMP
0x000d6980 COMP
0x000d69c0 COMP
0x000d6a00 COMP
0x000d6a40 COMP
0x000d6a80 COMP
0x000d6ac0 COMP
0x000d6b00 COMP
0x000d6b40 COMP
0x000d6b80 COMP
0x000d6bc0 COMP
READRES
0x000d7000 G_ACT0
0x080d7000 G_ACT1
0x000d7000 COMP
0x000d7040 COMP
0x000d7080 COMP
0x000d70c0 COMP
0x000d7100 COMP
0x000d7140 COMP
0x000d7180 COMP
0x000d71c0 COMP
0x000d7200 COMP
0x000d7240 COMP
0x000d7280 COMP
0x000d72c0 COMP
0x000d7300 COMP
0x000d7340 COMP
0x000d7380 COMP
0x000d73c0 COMP
READRES
0x000d7800 G_ACT0
0x080d7800 G_ACT1
0x000d7800 COMP
0x000d7840 COMP
0x000d7880 COMP
0x000d78c0 COMP
0x000d7900 COMP
0x000d7940 COMP
0x000d7980 COMP
0x000d79c0 COMP
0x000d7a00 COMP
0x000d7a40 COMP
0x000d7a80 COMP
0x000d7ac0 COMP
0x000d7b00 COMP
0x000d7b40 COMP
0x000d7b80 COMP
0x000d7bc0 COMP
READRES
0x000d8000 G_ACT0
0x080d8000 G_ACT1
0x000d8000 COMP
0x000d8040 COMP
0x000d8080 COMP
0x000d80c0 COMP
0x000d8100 COMP
0x000d8140 COMP
0x000d8180 COMP
0x000d81c0 COMP
0x000d8200 COMP
0x000d8240 COMP
0x000d8280 COMP
0x000d82c0 COMP
0x000d8300 COMP
0x000d8340 COMP
0x000d8380 COMP
0x000d83c0 COMP
READRES
0x000d8800 G_ACT0
0x080d8800 G_ACT1
0x000d8800 COMP
0x000d8840 COMP
0x000d8880 COMP
0x000d88c0 COMP
0x000d8900 COMP
0x000d8940 COMP
0x000d8980 COMP
0x000d89c0 COMP
0x000d8a00 COMP
0x000d8a40 COMP
0x000d8a80 COMP
0x000d8ac0 COMP
0x000d8b00 COMP
0x000d8b40 COMP
0x000d8b80 COMP
0x000d8bc0 COMP
READRES
0x000d9000 G_ACT0
0x080d9000 G_ACT1
0x000d9000 COMP
0x000d9040 COMP
0x000d9080 COMP
0x000d90c0 COMP
0x000d9100 COMP
0x000d9140 COMP
0x000d9180 COMP
0x000d91c0 COMP
0x000d9200 COMP
0x000d9240 COMP
0x000d9280 COMP
0x000d92c0 COMP
0x000d9300 COMP
0x000d9340 COMP
0x000d9380 COMP
0x000d93c0 COMP
READRES
0x000d9800 G_ACT0
0x080d9800 G_ACT1
0x000d9800 COMP
0x000d9840 COMP
0x000d9880 COMP
0x000d98c0 COMP
0x000d9900 COMP
0x000d9940 COMP
0x000d9980 COMP
0x000d99c0 COMP
0x000d9a00 COMP
0x000d9a40 COMP
0x000d9a80 COMP
0x000d9ac0 COMP
0x000d9b00 COMP
0x000d9b40 COMP
0x000d9b80 COMP
0x000d9bc0 COMP
READRES
0x000da000 G_ACT0
0x080da000 G_ACT1
0x000da000 COMP
0x000da040 COMP
0x000da080 COMP
0x000da0c0 COMP
0x000da100 COMP
0x000da140 COMP
0x000da180 COMP
0x000da1c0 COMP
0x000da200 COMP
0x000da240 COMP
0x000da280 COMP
0x000da2c0 COMP
0x000da300 COMP
0x000da340 COMP
0x000da380 COMP
0x000da3c0 COMP
READRES
0x000da800 G_ACT0
0x080da800 G_ACT1
0x000da800 COMP
0x000da840 COMP
0x000da880 COMP
0x000da8c0 COMP
0x000da900 COMP
0x000da940 COMP
0x000da980 COMP
0x000da9c0 COMP
0x000daa00 COMP
0x000daa40 COMP
0x000daa80 COMP
0x000daac0 COMP
0x000dab00 COMP
0x000dab40 COMP
0x000dab80 COMP
0x000dabc0 COMP
READRES
0x000db000 G_ACT0
0x080db000 G_ACT1
0x000db000 COMP
0x000db040 COMP
0x000db080 COMP
0x000db0c0 COMP
0x000db100 COMP
0x000db140 COMP
0x000db180 COMP
0x000db1c0 COMP
0x000db200 COMP
0x000db240 COMP
0x000db280 COMP
0x000db2c0 COMP
0x000db300 COMP
0x000db340 COMP
0x000db380 COMP
0x000db3c0 COMP
READRES
0x000db800 G_ACT0
0x080db800 G_ACT1
0x000db800 COMP
0x000db840 COMP
0x000db880 COMP
0x000db8c0 COMP
0x000db900 COMP
0x000db940 COMP
0x000db980 COMP
0x000db9c0 COMP
0x000dba00 COMP
0x000dba40 COMP
0x000dba80 COMP
0x000dbac0 COMP
0x000dbb00 COMP
0x000dbb40 COMP
0x000dbb80 COMP
0x000dbbc0 COMP
READRES
0x000dc000 G_ACT0
0x080dc000 G_ACT1
0x000dc000 COMP
0x000dc040 COMP
0x000dc080 COMP
0x000dc0c0 COMP
0x000dc100 COMP
0x000dc140 COMP
0x000dc180 COMP
0x000dc1c0 COMP
0x000dc200 COMP
0x000dc240 COMP
0x000dc280 COMP
0x000dc2c0 COMP
0x000dc300 COMP
0x000dc340 COMP
0x000dc380 COMP
0x000dc3c0 COMP
READRES
0x000dc800 G_ACT0
0x080dc800 G_ACT1
0x000dc800 COMP
0x000dc840 COMP
0x000dc880 COMP
0x000dc8c0 COMP
0x000dc900 COMP
0x000dc940 COMP
0x000dc980 COMP
0x000dc9c0 COMP
0x000dca00 COMP
0x000dca40 COMP
0x000dca80 COMP
0x000dcac0 COMP
0x000dcb00 COMP
0x000dcb40 COMP
0x000dcb80 COMP
0x000dcbc0 COMP
READRES
0x000dd000 G_ACT0
0x080dd000 G_ACT1
0x000dd000 COMP
0x000dd040 COMP
0x000dd080 COMP
0x000dd0c0 COMP
0x000dd100 COMP
0x000dd140 COMP
0x000dd180 COMP
0x000dd1c0 COMP
0x000dd200 COMP
0x000dd240 COMP
0x000dd280 COMP
0x000dd2c0 COMP
0x000dd300 COMP
0x000dd340 COMP
0x000dd380 COMP
0x000dd3c0 COMP
READRES
0x000dd800 G_ACT0
0x080dd800 G_ACT1
0x000dd800 COMP
0x000dd840 COMP
0x000dd880 COMP
0x000dd8c0 COMP
0x000dd900 COMP
0x000dd940 COMP
0x000dd980 COMP
0x000dd9c0 COMP
0x000dda00 COMP
0x000dda40 COMP
0x000dda80 COMP
0x000ddac0 COMP
0x000ddb00 COMP
0x000ddb40 COMP
0x000ddb80 COMP
0x000ddbc0 COMP
READRES
0x000de000 G_ACT0
0x080de000 G_ACT1
0x000de000 COMP
0x000de040 COMP
0x000de080 COMP
0x000de0c0 COMP
0x000de100 COMP
0x000de140 COMP
0x000de180 COMP
0x000de1c0 COMP
0x000de200 COMP
0x000de240 COMP
0x000de280 COMP
0x000de2c0 COMP
0x000de300 COMP
0x000de340 COMP
0x000de380 COMP
0x000de3c0 COMP
READRES
0x000de800 G_ACT0
0x080de800 G_ACT1
0x000de800 COMP
0x000de840 COMP
0x000de880 COMP
0x000de8c0 COMP
0x000de900 COMP
0x000de940 COMP
0x000de980 COMP
0x000de9c0 COMP
0x000dea00 COMP
0x000dea40 COMP
0x000dea80 COMP
0x000deac0 COMP
0x000deb00 COMP
0x000deb40 COMP
0x000deb80 COMP
0x000debc0 COMP
READRES
0x000df000 G_ACT0
0x080df000 G_ACT1
0x000df000 COMP
0x000df040 COMP
0x000df080 COMP
0x000df0c0 COMP
0x000df100 COMP
0x000df140 COMP
0x000df180 COMP
0x000df1c0 COMP
0x000df200 COMP
0x000df240 COMP
0x000df280 COMP
0x000df2c0 COMP
0x000df300 COMP
0x000df340 COMP
0x000df380 COMP
0x000df3c0 COMP
READRES
0x000df800 G_ACT0
0x080df800 G_ACT1
0x000df800 COMP
0x000df840 COMP
0x000df880 COMP
0x000df8c0 COMP
0x000df900 COMP
0x000df940 COMP
0x000df980 COMP
0x000df9c0 COMP
0x000dfa00 COMP
0x000dfa40 COMP
0x000dfa80 COMP
0x000dfac0 COMP
0x000dfb00 COMP
0x000dfb40 COMP
0x000dfb80 COMP
0x000dfbc0 COMP
READRES
0x000e0000 G_ACT0
0x080e0000 G_ACT1
0x000e0000 COMP
0x000e0040 COMP
0x000e0080 COMP
0x000e00c0 COMP
0x000e0100 COMP
0x000e0140 COMP
0x000e0180 COMP
0x000e01c0 COMP
0x000e0200 COMP
0x000e0240 COMP
0x000e0280 COMP
0x000e02c0 COMP
0x000e0300 COMP
0x000e0340 COMP
0x000e0380 COMP
0x000e03c0 COMP
READRES
0x000e0800 G_ACT0
0x080e0800 G_ACT1
0x000e0800 COMP
0x000e0840 COMP
0x000e0880 COMP
0x000e08c0 COMP
0x000e0900 COMP
0x000e0940 COMP
0x000e0980 COMP
0x000e09c0 COMP
0x000e0a00 COMP
0x000e0a40 COMP
0x000e0a80 COMP
0x000e0ac0 COMP
0x000e0b00 COMP
0x000e0b40 COMP
0x000e0b80 COMP
0x000e0bc0 COMP
READRES
0x000e1000 G_ACT0
0x080e1000 G_ACT1
0x000e1000 COMP
0x000e1040 COMP
0x000e1080 COMP
0x000e10c0 COMP
0x000e1100 COMP
0x000e1140 COMP
0x000e1180 COMP
0x000e11c0 COMP
0x000e1200 COMP
0x000e1240 COMP
0x000e1280 COMP
0x000e12c0 COMP
0x000e1300 COMP
0x000e1340 COMP
0x000e1380 COMP
0x000e13c0 COMP
READRES
0x000e1800 G_ACT0
0x080e1800 G_ACT1
0x000e1800 COMP
0x000e1840 COMP
0x000e1880 COMP
0x000e18c0 COMP
0x000e1900 COMP
0x000e1940 COMP
0x000e1980 COMP
0x000e19c0 COMP
0x000e1a00 COMP
0x000e1a40 COMP
0x000e1a80 COMP
0x000e1ac0 COMP
0x000e1b00 COMP
0x000e1b40 COMP
0x000e1b80 COMP
0x000e1bc0 COMP
READRES
0x000e2000 G_ACT0
0x080e2000 G_ACT1
0x000e2000 COMP
0x000e2040 COMP
0x000e2080 COMP
0x000e20c0 COMP
0x000e2100 COMP
0x000e2140 COMP
0x000e2180 COMP
0x000e21c0 COMP
0x000e2200 COMP
0x000e2240 COMP
0x000e2280 COMP
0x000e22c0 COMP
0x000e2300 COMP
0x000e2340 COMP
0x000e2380 COMP
0x000e23c0 COMP
READRES
0x000e2800 G_ACT0
0x080e2800 G_ACT1
0x000e2800 COMP
0x000e2840 COMP
0x000e2880 COMP
0x000e28c0 COMP
0x000e2900 COMP
0x000e2940 COMP
0x000e2980 COMP
0x000e29c0 COMP
0x000e2a00 COMP
0x000e2a40 COMP
0x000e2a80 COMP
0x000e2ac0 COMP
0x000e2b00 COMP
0x000e2b40 COMP
0x000e2b80 COMP
0x000e2bc0 COMP
READRES
0x000e3000 G_ACT0
0x080e3000 G_ACT1
0x000e3000 COMP
0x000e3040 COMP
0x000e3080 COMP
0x000e30c0 COMP
0x000e3100 COMP
0x000e3140 COMP
0x000e3180 COMP
0x000e31c0 COMP
0x000e3200 COMP
0x000e3240 COMP
0x000e3280 COMP
0x000e32c0 COMP
0x000e3300 COMP
0x000e3340 COMP
0x000e3380 COMP
0x000e33c0 COMP
READRES
0x000e3800 G_ACT0
0x080e3800 G_ACT1
0x000e3800 COMP
0x000e3840 COMP
0x000e3880 COMP
0x000e38c0 COMP
0x000e3900 COMP
0x000e3940 COMP
0x000e3980 COMP
0x000e39c0 COMP
0x000e3a00 COMP
0x000e3a40 COMP
0x000e3a80 COMP
0x000e3ac0 COMP
0x000e3b00 COMP
0x000e3b40 COMP
0x000e3b80 COMP
0x000e3bc0 COMP
READRES
0x000e4000 G_ACT0
0x080e4000 G_ACT1
0x000e4000 COMP
0x000e4040 COMP
0x000e4080 COMP
0x000e40c0 COMP
0x000e4100 COMP
0x000e4140 COMP
0x000e4180 COMP
0x000e41c0 COMP
0x000e4200 COMP
0x000e4240 COMP
0x000e4280 COMP
0x000e42c0 COMP
0x000e4300 COMP
0x000e4340 COMP
0x000e4380 COMP
0x000e43c0 COMP
READRES
0x000e4800 G_ACT0
0x080e4800 G_ACT1
0x000e4800 COMP
0x000e4840 COMP
0x000e4880 COMP
0x000e48c0 COMP
0x000e4900 COMP
0x000e4940 COMP
0x000e4980 COMP
0x000e49c0 COMP
0x000e4a00 COMP
0x000e4a40 COMP
0x000e4a80 COMP
0x000e4ac0 COMP
0x000e4b00 COMP
0x000e4b40 COMP
0x000e4b80 COMP
0x000e4bc0 COMP
READRES
0x000e5000 G_ACT0
0x080e5000 G_ACT1
0x000e5000 COMP
0x000e5040 COMP
0x000e5080 COMP
0x000e50c0 COMP
0x000e5100 COMP
0x000e5140 COMP
0x000e5180 COMP
0x000e51c0 COMP
0x000e5200 COMP
0x000e5240 COMP
0x000e5280 COMP
0x000e52c0 COMP
0x000e5300 COMP
0x000e5340 COMP
0x000e5380 COMP
0x000e53c0 COMP
READRES
0x000e5800 G_ACT0
0x080e5800 G_ACT1
0x000e5800 COMP
0x000e5840 COMP
0x000e5880 COMP
0x000e58c0 COMP
0x000e5900 COMP
0x000e5940 COMP
0x000e5980 COMP
0x000e59c0 COMP
0x000e5a00 COMP
0x000e5a40 COMP
0x000e5a80 COMP
0x000e5ac0 COMP
0x000e5b00 COMP
0x000e5b40 COMP
0x000e5b80 COMP
0x000e5bc0 COMP
READRES
0x000e6000 G_ACT0
0x080e6000 G_ACT1
0x000e6000 COMP
0x000e6040 COMP
0x000e6080 COMP
0x000e60c0 COMP
0x000e6100 COMP
0x000e6140 COMP
0x000e6180 COMP
0x000e61c0 COMP
0x000e6200 COMP
0x000e6240 COMP
0x000e6280 COMP
0x000e62c0 COMP
0x000e6300 COMP
0x000e6340 COMP
0x000e6380 COMP
0x000e63c0 COMP
READRES
0x000e6800 G_ACT0
0x080e6800 G_ACT1
0x000e6800 COMP
0x000e6840 COMP
0x000e6880 COMP
0x000e68c0 COMP
0x000e6900 COMP
0x000e6940 COMP
0x000e6980 COMP
0x000e69c0 COMP
0x000e6a00 COMP
0x000e6a40 COMP
0x000e6a80 COMP
0x000e6ac0 COMP
0x000e6b00 COMP
0x000e6b40 COMP
0x000e6b80 COMP
0x000e6bc0 COMP
READRES
0x000e7000 G_ACT0
0x080e7000 G_ACT1
0x000e7000 COMP
0x000e7040 COMP
0x000e7080 COMP
0x000e70c0 COMP
0x000e7100 COMP
0x000e7140 COMP
0x000e7180 COMP
0x000e71c0 COMP
0x000e7200 COMP
0x000e7240 COMP
0x000e7280 COMP
0x000e72c0 COMP
0x000e7300 COMP
0x000e7340 COMP
0x000e7380 COMP
0x000e73c0 COMP
READRES
0x000e7800 G_ACT0
0x080e7800 G_ACT1
0x000e7800 COMP
0x000e7840 COMP
0x000e7880 COMP
0x000e78c0 COMP
0x000e7900 COMP
0x000e7940 COMP
0x000e7980 COMP
0x000e79c0 COMP
0x000e7a00 COMP
0x000e7a40 COMP
0x000e7a80 COMP
0x000e7ac0 COMP
0x000e7b00 COMP
0x000e7b40 COMP
0x000e7b80 COMP
0x000e7bc0 COMP
READRES
0x000e8000 G_ACT0
0x080e8000 G_ACT1
0x000e8000 COMP
0x000e8040 COMP
0x000e8080 COMP
0x000e80c0 COMP
0x000e8100 COMP
0x000e8140 COMP
0x000e8180 COMP
0x000e81c0 COMP
0x000e8200 COMP
0x000e8240 COMP
0x000e8280 COMP
0x000e82c0 COMP
0x000e8300 COMP
0x000e8340 COMP
0x000e8380 COMP
0x000e83c0 COMP
READRES
0x000e8800 G_ACT0
0x080e8800 G_ACT1
0x000e8800 COMP
0x000e8840 COMP
0x000e8880 COMP
0x000e88c0 COMP
0x000e8900 COMP
0x000e8940 COMP
0x000e8980 COMP
0x000e89c0 COMP
0x000e8a00 COMP
0x000e8a40 COMP
0x000e8a80 COMP
0x000e8ac0 COMP
0x000e8b00 COMP
0x000e8b40 COMP
0x000e8b80 COMP
0x000e8bc0 COMP
READRES
0x000e9000 G_ACT0
0x080e9000 G_ACT1
0x000e9000 COMP
0x000e9040 COMP
0x000e9080 COMP
0x000e90c0 COMP
0x000e9100 COMP
0x000e9140 COMP
0x000e9180 COMP
0x000e91c0 COMP
0x000e9200 COMP
0x000e9240 COMP
0x000e9280 COMP
0x000e92c0 COMP
0x000e9300 COMP
0x000e9340 COMP
0x000e9380 COMP
0x000e93c0 COMP
READRES
0x000e9800 G_ACT0
0x080e9800 G_ACT1
0x000e9800 COMP
0x000e9840 COMP
0x000e9880 COMP
0x000e98c0 COMP
0x000e9900 COMP
0x000e9940 COMP
0x000e9980 COMP
0x000e99c0 COMP
0x000e9a00 COMP
0x000e9a40 COMP
0x000e9a80 COMP
0x000e9ac0 COMP
0x000e9b00 COMP
0x000e9b40 COMP
0x000e9b80 COMP
0x000e9bc0 COMP
READRES
0x000ea000 G_ACT0
0x080ea000 G_ACT1
0x000ea000 COMP
0x000ea040 COMP
0x000ea080 COMP
0x000ea0c0 COMP
0x000ea100 COMP
0x000ea140 COMP
0x000ea180 COMP
0x000ea1c0 COMP
0x000ea200 COMP
0x000ea240 COMP
0x000ea280 COMP
0x000ea2c0 COMP
0x000ea300 COMP
0x000ea340 COMP
0x000ea380 COMP
0x000ea3c0 COMP
READRES
0x000ea800 G_ACT0
0x080ea800 G_ACT1
0x000ea800 COMP
0x000ea840 COMP
0x000ea880 COMP
0x000ea8c0 COMP
0x000ea900 COMP
0x000ea940 COMP
0x000ea980 COMP
0x000ea9c0 COMP
0x000eaa00 COMP
0x000eaa40 COMP
0x000eaa80 COMP
0x000eaac0 COMP
0x000eab00 COMP
0x000eab40 COMP
0x000eab80 COMP
0x000eabc0 COMP
READRES
0x000eb000 G_ACT0
0x080eb000 G_ACT1
0x000eb000 COMP
0x000eb040 COMP
0x000eb080 COMP
0x000eb0c0 COMP
0x000eb100 COMP
0x000eb140 COMP
0x000eb180 COMP
0x000eb1c0 COMP
0x000eb200 COMP
0x000eb240 COMP
0x000eb280 COMP
0x000eb2c0 COMP
0x000eb300 COMP
0x000eb340 COMP
0x000eb380 COMP
0x000eb3c0 COMP
READRES
0x000eb800 G_ACT0
0x080eb800 G_ACT1
0x000eb800 COMP
0x000eb840 COMP
0x000eb880 COMP
0x000eb8c0 COMP
0x000eb900 COMP
0x000eb940 COMP
0x000eb980 COMP
0x000eb9c0 COMP
0x000eba00 COMP
0x000eba40 COMP
0x000eba80 COMP
0x000ebac0 COMP
0x000ebb00 COMP
0x000ebb40 COMP
0x000ebb80 COMP
0x000ebbc0 COMP
READRES
0x000ec000 G_ACT0
0x080ec000 G_ACT1
0x000ec000 COMP
0x000ec040 COMP
0x000ec080 COMP
0x000ec0c0 COMP
0x000ec100 COMP
0x000ec140 COMP
0x000ec180 COMP
0x000ec1c0 COMP
0x000ec200 COMP
0x000ec240 COMP
0x000ec280 COMP
0x000ec2c0 COMP
0x000ec300 COMP
0x000ec340 COMP
0x000ec380 COMP
0x000ec3c0 COMP
READRES
0x000ec800 G_ACT0
0x080ec800 G_ACT1
0x000ec800 COMP
0x000ec840 COMP
0x000ec880 COMP
0x000ec8c0 COMP
0x000ec900 COMP
0x000ec940 COMP
0x000ec980 COMP
0x000ec9c0 COMP
0x000eca00 COMP
0x000eca40 COMP
0x000eca80 COMP
0x000ecac0 COMP
0x000ecb00 COMP
0x000ecb40 COMP
0x000ecb80 COMP
0x000ecbc0 COMP
READRES
0x000ed000 G_ACT0
0x080ed000 G_ACT1
0x000ed000 COMP
0x000ed040 COMP
0x000ed080 COMP
0x000ed0c0 COMP
0x000ed100 COMP
0x000ed140 COMP
0x000ed180 COMP
0x000ed1c0 COMP
0x000ed200 COMP
0x000ed240 COMP
0x000ed280 COMP
0x000ed2c0 COMP
0x000ed300 COMP
0x000ed340 COMP
0x000ed380 COMP
0x000ed3c0 COMP
READRES
0x000ed800 G_ACT0
0x080ed800 G_ACT1
0x000ed800 COMP
0x000ed840 COMP
0x000ed880 COMP
0x000ed8c0 COMP
0x000ed900 COMP
0x000ed940 COMP
0x000ed980 COMP
0x000ed9c0 COMP
0x000eda00 COMP
0x000eda40 COMP
0x000eda80 COMP
0x000edac0 COMP
0x000edb00 COMP
0x000edb40 COMP
0x000edb80 COMP
0x000edbc0 COMP
READRES
0x000ee000 G_ACT0
0x080ee000 G_ACT1
0x000ee000 COMP
0x000ee040 COMP
0x000ee080 COMP
0x000ee0c0 COMP
0x000ee100 COMP
0x000ee140 COMP
0x000ee180 COMP
0x000ee1c0 COMP
0x000ee200 COMP
0x000ee240 COMP
0x000ee280 COMP
0x000ee2c0 COMP
0x000ee300 COMP
0x000ee340 COMP
0x000ee380 COMP
0x000ee3c0 COMP
READRES
0x000ee800 G_ACT0
0x080ee800 G_ACT1
0x000ee800 COMP
0x000ee840 COMP
0x000ee880 COMP
0x000ee8c0 COMP
0x000ee900 COMP
0x000ee940 COMP
0x000ee980 COMP
0x000ee9c0 COMP
0x000eea00 COMP
0x000eea40 COMP
0x000eea80 COMP
0x000eeac0 COMP
0x000eeb00 COMP
0x000eeb40 COMP
0x000eeb80 COMP
0x000eebc0 COMP
READRES
0x000ef000 G_ACT0
0x080ef000 G_ACT1
0x000ef000 COMP
0x000ef040 COMP
0x000ef080 COMP
0x000ef0c0 COMP
0x000ef100 COMP
0x000ef140 COMP
0x000ef180 COMP
0x000ef1c0 COMP
0x000ef200 COMP
0x000ef240 COMP
0x000ef280 COMP
0x000ef2c0 COMP
0x000ef300 COMP
0x000ef340 COMP
0x000ef380 COMP
0x000ef3c0 COMP
READRES
0x000ef800 G_ACT0
0x080ef800 G_ACT1
0x000ef800 COMP
0x000ef840 COMP
0x000ef880 COMP
0x000ef8c0 COMP
0x000ef900 COMP
0x000ef940 COMP
0x000ef980 COMP
0x000ef9c0 COMP
0x000efa00 COMP
0x000efa40 COMP
0x000efa80 COMP
0x000efac0 COMP
0x000efb00 COMP
0x000efb40 COMP
0x000efb80 COMP
0x000efbc0 COMP
READRES
0x000f0000 G_ACT0
0x080f0000 G_ACT1
0x000f0000 COMP
0x000f0040 COMP
0x000f0080 COMP
0x000f00c0 COMP
0x000f0100 COMP
0x000f0140 COMP
0x000f0180 COMP
0x000f01c0 COMP
0x000f0200 COMP
0x000f0240 COMP
0x000f0280 COMP
0x000f02c0 COMP
0x000f0300 COMP
0x000f0340 COMP
0x000f0380 COMP
0x000f03c0 COMP
READRES
0x000f0800 G_ACT0
0x080f0800 G_ACT1
0x000f0800 COMP
0x000f0840 COMP
0x000f0880 COMP
0x000f08c0 COMP
0x000f0900 COMP
0x000f0940 COMP
0x000f0980 COMP
0x000f09c0 COMP
0x000f0a00 COMP
0x000f0a40 COMP
0x000f0a80 COMP
0x000f0ac0 COMP
0x000f0b00 COMP
0x000f0b40 COMP
0x000f0b80 COMP
0x000f0bc0 COMP
READRES
0x000f1000 G_ACT0
0x080f1000 G_ACT1
0x000f1000 COMP
0x000f1040 COMP
0x000f1080 COMP
0x000f10c0 COMP
0x000f1100 COMP
0x000f1140 COMP
0x000f1180 COMP
0x000f11c0 COMP
0x000f1200 COMP
0x000f1240 COMP
0x000f1280 COMP
0x000f12c0 COMP
0x000f1300 COMP
0x000f1340 COMP
0x000f1380 COMP
0x000f13c0 COMP
READRES
0x000f1800 G_ACT0
0x080f1800 G_ACT1
0x000f1800 COMP
0x000f1840 COMP
0x000f1880 COMP
0x000f18c0 COMP
0x000f1900 COMP
0x000f1940 COMP
0x000f1980 COMP
0x000f19c0 COMP
0x000f1a00 COMP
0x000f1a40 COMP
0x000f1a80 COMP
0x000f1ac0 COMP
0x000f1b00 COMP
0x000f1b40 COMP
0x000f1b80 COMP
0x000f1bc0 COMP
READRES
0x000f2000 G_ACT0
0x080f2000 G_ACT1
0x000f2000 COMP
0x000f2040 COMP
0x000f2080 COMP
0x000f20c0 COMP
0x000f2100 COMP
0x000f2140 COMP
0x000f2180 COMP
0x000f21c0 COMP
0x000f2200 COMP
0x000f2240 COMP
0x000f2280 COMP
0x000f22c0 COMP
0x000f2300 COMP
0x000f2340 COMP
0x000f2380 COMP
0x000f23c0 COMP
READRES
0x000f2800 G_ACT0
0x080f2800 G_ACT1
0x000f2800 COMP
0x000f2840 COMP
0x000f2880 COMP
0x000f28c0 COMP
0x000f2900 COMP
0x000f2940 COMP
0x000f2980 COMP
0x000f29c0 COMP
0x000f2a00 COMP
0x000f2a40 COMP
0x000f2a80 COMP
0x000f2ac0 COMP
0x000f2b00 COMP
0x000f2b40 COMP
0x000f2b80 COMP
0x000f2bc0 COMP
READRES
0x000f3000 G_ACT0
0x080f3000 G_ACT1
0x000f3000 COMP
0x000f3040 COMP
0x000f3080 COMP
0x000f30c0 COMP
0x000f3100 COMP
0x000f3140 COMP
0x000f3180 COMP
0x000f31c0 COMP
0x000f3200 COMP
0x000f3240 COMP
0x000f3280 COMP
0x000f32c0 COMP
0x000f3300 COMP
0x000f3340 COMP
0x000f3380 COMP
0x000f33c0 COMP
READRES
0x000f3800 G_ACT0
0x080f3800 G_ACT1
0x000f3800 COMP
0x000f3840 COMP
0x000f3880 COMP
0x000f38c0 COMP
0x000f3900 COMP
0x000f3940 COMP
0x000f3980 COMP
0x000f39c0 COMP
0x000f3a00 COMP
0x000f3a40 COMP
0x000f3a80 COMP
0x000f3ac0 COMP
0x000f3b00 COMP
0x000f3b40 COMP
0x000f3b80 COMP
0x000f3bc0 COMP
READRES
0x000f4000 G_ACT0
0x080f4000 G_ACT1
0x000f4000 COMP
0x000f4040 COMP
0x000f4080 COMP
0x000f40c0 COMP
0x000f4100 COMP
0x000f4140 COMP
0x000f4180 COMP
0x000f41c0 COMP
0x000f4200 COMP
0x000f4240 COMP
0x000f4280 COMP
0x000f42c0 COMP
0x000f4300 COMP
0x000f4340 COMP
0x000f4380 COMP
0x000f43c0 COMP
READRES
0x000f4800 G_ACT0
0x080f4800 G_ACT1
0x000f4800 COMP
0x000f4840 COMP
0x000f4880 COMP
0x000f48c0 COMP
0x000f4900 COMP
0x000f4940 COMP
0x000f4980 COMP
0x000f49c0 COMP
0x000f4a00 COMP
0x000f4a40 COMP
0x000f4a80 COMP
0x000f4ac0 COMP
0x000f4b00 COMP
0x000f4b40 COMP
0x000f4b80 COMP
0x000f4bc0 COMP
READRES
0x000f5000 G_ACT0
0x080f5000 G_ACT1
0x000f5000 COMP
0x000f5040 COMP
0x000f5080 COMP
0x000f50c0 COMP
0x000f5100 COMP
0x000f5140 COMP
0x000f5180 COMP
0x000f51c0 COMP
0x000f5200 COMP
0x000f5240 COMP
0x000f5280 COMP
0x000f52c0 COMP
0x000f5300 COMP
0x000f5340 COMP
0x000f5380 COMP
0x000f53c0 COMP
READRES
0x000f5800 G_ACT0
0x080f5800 G_ACT1
0x000f5800 COMP
0x000f5840 COMP
0x000f5880 COMP
0x000f58c0 COMP
0x000f5900 COMP
0x000f5940 COMP
0x000f5980 COMP
0x000f59c0 COMP
0x000f5a00 COMP
0x000f5a40 COMP
0x000f5a80 COMP
0x000f5ac0 COMP
0x000f5b00 COMP
0x000f5b40 COMP
0x000f5b80 COMP
0x000f5bc0 COMP
READRES
0x000f6000 G_ACT0
0x080f6000 G_ACT1
0x000f6000 COMP
0x000f6040 COMP
0x000f6080 COMP
0x000f60c0 COMP
0x000f6100 COMP
0x000f6140 COMP
0x000f6180 COMP
0x000f61c0 COMP
0x000f6200 COMP
0x000f6240 COMP
0x000f6280 COMP
0x000f62c0 COMP
0x000f6300 COMP
0x000f6340 COMP
0x000f6380 COMP
0x000f63c0 COMP
READRES
0x000f6800 G_ACT0
0x080f6800 G_ACT1
0x000f6800 COMP
0x000f6840 COMP
0x000f6880 COMP
0x000f68c0 COMP
0x000f6900 COMP
0x000f6940 COMP
0x000f6980 COMP
0x000f69c0 COMP
0x000f6a00 COMP
0x000f6a40 COMP
0x000f6a80 COMP
0x000f6ac0 COMP
0x000f6b00 COMP
0x000f6b40 COMP
0x000f6b80 COMP
0x000f6bc0 COMP
READRES
0x000f7000 G_ACT0
0x080f7000 G_ACT1
0x000f7000 COMP
0x000f7040 COMP
0x000f7080 COMP
0x000f70c0 COMP
0x000f7100 COMP
0x000f7140 COMP
0x000f7180 COMP
0x000f71c0 COMP
0x000f7200 COMP
0x000f7240 COMP
0x000f7280 COMP
0x000f72c0 COMP
0x000f7300 COMP
0x000f7340 COMP
0x000f7380 COMP
0x000f73c0 COMP
READRES
0x000f7800 G_ACT0
0x080f7800 G_ACT1
0x000f7800 COMP
0x000f7840 COMP
0x000f7880 COMP
0x000f78c0 COMP
0x000f7900 COMP
0x000f7940 COMP
0x000f7980 COMP
0x000f79c0 COMP
0x000f7a00 COMP
0x000f7a40 COMP
0x000f7a80 COMP
0x000f7ac0 COMP
0x000f7b00 COMP
0x000f7b40 COMP
0x000f7b80 COMP
0x000f7bc0 COMP
READRES
0x000f8000 G_ACT0
0x080f8000 G_ACT1
0x000f8000 COMP
0x000f8040 COMP
0x000f8080 COMP
0x000f80c0 COMP
0x000f8100 COMP
0x000f8140 COMP
0x000f8180 COMP
0x000f81c0 COMP
0x000f8200 COMP
0x000f8240 COMP
0x000f8280 COMP
0x000f82c0 COMP
0x000f8300 COMP
0x000f8340 COMP
0x000f8380 COMP
0x000f83c0 COMP
READRES
0x000f8800 G_ACT0
0x080f8800 G_ACT1
0x000f8800 COMP
0x000f8840 COMP
0x000f8880 COMP
0x000f88c0 COMP
0x000f8900 COMP
0x000f8940 COMP
0x000f8980 COMP
0x000f89c0 COMP
0x000f8a00 COMP
0x000f8a40 COMP
0x000f8a80 COMP
0x000f8ac0 COMP
0x000f8b00 COMP
0x000f8b40 COMP
0x000f8b80 COMP
0x000f8bc0 COMP
READRES
0x000f9000 G_ACT0
0x080f9000 G_ACT1
0x000f9000 COMP
0x000f9040 COMP
0x000f9080 COMP
0x000f90c0 COMP
0x000f9100 COMP
0x000f9140 COMP
0x000f9180 COMP
0x000f91c0 COMP
0x000f9200 COMP
0x000f9240 COMP
0x000f9280 COMP
0x000f92c0 COMP
0x000f9300 COMP
0x000f9340 COMP
0x000f9380 COMP
0x000f93c0 COMP
READRES
0x000f9800 G_ACT0
0x080f9800 G_ACT1
0x000f9800 COMP
0x000f9840 COMP
0x000f9880 COMP
0x000f98c0 COMP
0x000f9900 COMP
0x000f9940 COMP
0x000f9980 COMP
0x000f99c0 COMP
0x000f9a00 COMP
0x000f9a40 COMP
0x000f9a80 COMP
0x000f9ac0 COMP
0x000f9b00 COMP
0x000f9b40 COMP
0x000f9b80 COMP
0x000f9bc0 COMP
READRES
0x000fa000 G_ACT0
0x080fa000 G_ACT1
0x000fa000 COMP
0x000fa040 COMP
0x000fa080 COMP
0x000fa0c0 COMP
0x000fa100 COMP
0x000fa140 COMP
0x000fa180 COMP
0x000fa1c0 COMP
0x000fa200 COMP
0x000fa240 COMP
0x000fa280 COMP
0x000fa2c0 COMP
0x000fa300 COMP
0x000fa340 COMP
0x000fa380 COMP
0x000fa3c0 COMP
READRES
0x000fa800 G_ACT0
0x080fa800 G_ACT1
0x000fa800 COMP
0x000fa840 COMP
0x000fa880 COMP
0x000fa8c0 COMP
0x000fa900 COMP
0x000fa940 COMP
0x000fa980 COMP
0x000fa9c0 COMP
0x000faa00 COMP
0x000faa40 COMP
0x000faa80 COMP
0x000faac0 COMP
0x000fab00 COMP
0x000fab40 COMP
0x000fab80 COMP
0x000fabc0 COMP
READRES
0x000fb000 G_ACT0
0x080fb000 G_ACT1
0x000fb000 COMP
0x000fb040 COMP
0x000fb080 COMP
0x000fb0c0 COMP
0x000fb100 COMP
0x000fb140 COMP
0x000fb180 COMP
0x000fb1c0 COMP
0x000fb200 COMP
0x000fb240 COMP
0x000fb280 COMP
0x000fb2c0 COMP
0x000fb300 COMP
0x000fb340 COMP
0x000fb380 COMP
0x000fb3c0 COMP
READRES
0x000fb800 G_ACT0
0x080fb800 G_ACT1
0x000fb800 COMP
0x000fb840 COMP
0x000fb880 COMP
0x000fb8c0 COMP
0x000fb900 COMP
0x000fb940 COMP
0x000fb980 COMP
0x000fb9c0 COMP
0x000fba00 COMP
0x000fba40 COMP
0x000fba80 COMP
0x000fbac0 COMP
0x000fbb00 COMP
0x000fbb40 COMP
0x000fbb80 COMP
0x000fbbc0 COMP
READRES
0x000fc000 G_ACT0
0x080fc000 G_ACT1
0x000fc000 COMP
0x000fc040 COMP
0x000fc080 COMP
0x000fc0c0 COMP
0x000fc100 COMP
0x000fc140 COMP
0x000fc180 COMP
0x000fc1c0 COMP
0x000fc200 COMP
0x000fc240 COMP
0x000fc280 COMP
0x000fc2c0 COMP
0x000fc300 COMP
0x000fc340 COMP
0x000fc380 COMP
0x000fc3c0 COMP
READRES
0x000fc800 G_ACT0
0x080fc800 G_ACT1
0x000fc800 COMP
0x000fc840 COMP
0x000fc880 COMP
0x000fc8c0 COMP
0x000fc900 COMP
0x000fc940 COMP
0x000fc980 COMP
0x000fc9c0 COMP
0x000fca00 COMP
0x000fca40 COMP
0x000fca80 COMP
0x000fcac0 COMP
0x000fcb00 COMP
0x000fcb40 COMP
0x000fcb80 COMP
0x000fcbc0 COMP
READRES
0x000fd000 G_ACT0
0x080fd000 G_ACT1
0x000fd000 COMP
0x000fd040 COMP
0x000fd080 COMP
0x000fd0c0 COMP
0x000fd100 COMP
0x000fd140 COMP
0x000fd180 COMP
0x000fd1c0 COMP
0x000fd200 COMP
0x000fd240 COMP
0x000fd280 COMP
0x000fd2c0 COMP
0x000fd300 COMP
0x000fd340 COMP
0x000fd380 COMP
0x000fd3c0 COMP
READRES
0x000fd800 G_ACT0
0x080fd800 G_ACT1
0x000fd800 COMP
0x000fd840 COMP
0x000fd880 COMP
0x000fd8c0 COMP
0x000fd900 COMP
0x000fd940 COMP
0x000fd980 COMP
0x000fd9c0 COMP
0x000fda00 COMP
0x000fda40 COMP
0x000fda80 COMP
0x000fdac0 COMP
0x000fdb00 COMP
0x000fdb40 COMP
0x000fdb80 COMP
0x000fdbc0 COMP
READRES
0x000fe000 G_ACT0
0x080fe000 G_ACT1
0x000fe000 COMP
0x000fe040 COMP
0x000fe080 COMP
0x000fe0c0 COMP
0x000fe100 COMP
0x000fe140 COMP
0x000fe180 COMP
0x000fe1c0 COMP
0x000fe200 COMP
0x000fe240 COMP
0x000fe280 COMP
0x000fe2c0 COMP
0x000fe300 COMP
0x000fe340 COMP
0x000fe380 COMP
0x000fe3c0 COMP
READRES
0x000fe800 G_ACT0
0x080fe800 G_ACT1
0x000fe800 COMP
0x000fe840 COMP
0x000fe880 COMP
0x000fe8c0 COMP
0x000fe900 COMP
0x000fe940 COMP
0x000fe980 COMP
0x000fe9c0 COMP
0x000fea00 COMP
0x000fea40 COMP
0x000fea80 COMP
0x000feac0 COMP
0x000feb00 COMP
0x000feb40 COMP
0x000feb80 COMP
0x000febc0 COMP
READRES
0x000ff000 G_ACT0
0x080ff000 G_ACT1
0x000ff000 COMP
0x000ff040 COMP
0x000ff080 COMP
0x000ff0c0 COMP
0x000ff100 COMP
0x000ff140 COMP
0x000ff180 COMP
0x000ff1c0 COMP
0x000ff200 COMP
0x000ff240 COMP
0x000ff280 COMP
0x000ff2c0 COMP
0x000ff300 COMP
0x000ff340 COMP
0x000ff380 COMP
0x000ff3c0 COMP
READRES
0x000ff800 G_ACT0
0x080ff800 G_ACT1
0x000ff800 COMP
0x000ff840 COMP
0x000ff880 COMP
0x000ff8c0 COMP
0x000ff900 COMP
0x000ff940 COMP
0x000ff980 COMP
0x000ff9c0 COMP
0x000ffa00 COMP
0x000ffa40 COMP
0x000ffa80 COMP
0x000ffac0 COMP
0x000ffb00 COMP
0x000ffb40 COMP
0x000ffb80 COMP
0x000ffbc0 COMP
READRES
0x00100000 G_ACT0
0x08100000 G_ACT1
0x00100000 COMP
0x00100040 COMP
0x00100080 COMP
0x001000c0 COMP
0x00100100 COMP
0x00100140 COMP
0x00100180 COMP
0x001001c0 COMP
0x00100200 COMP
0x00100240 COMP
0x00100280 COMP
0x001002c0 COMP
0x00100300 COMP
0x00100340 COMP
0x00100380 COMP
0x001003c0 COMP
READRES
0x00100800 G_ACT0
0x08100800 G_ACT1
0x00100800 COMP
0x00100840 COMP
0x00100880 COMP
0x001008c0 COMP
0x00100900 COMP
0x00100940 COMP
0x00100980 COMP
0x001009c0 COMP
0x00100a00 COMP
0x00100a40 COMP
0x00100a80 COMP
0x00100ac0 COMP
0x00100b00 COMP
0x00100b40 COMP
0x00100b80 COMP
0x00100bc0 COMP
READRES
0x00101000 G_ACT0
0x08101000 G_ACT1
0x00101000 COMP
0x00101040 COMP
0x00101080 COMP
0x001010c0 COMP
0x00101100 COMP
0x00101140 COMP
0x00101180 COMP
0x001011c0 COMP
0x00101200 COMP
0x00101240 COMP
0x00101280 COMP
0x001012c0 COMP
0x00101300 COMP
0x00101340 COMP
0x00101380 COMP
0x001013c0 COMP
READRES
0x00101800 G_ACT0
0x08101800 G_ACT1
0x00101800 COMP
0x00101840 COMP
0x00101880 COMP
0x001018c0 COMP
0x00101900 COMP
0x00101940 COMP
0x00101980 COMP
0x001019c0 COMP
0x00101a00 COMP
0x00101a40 COMP
0x00101a80 COMP
0x00101ac0 COMP
0x00101b00 COMP
0x00101b40 COMP
0x00101b80 COMP
0x00101bc0 COMP
READRES
0x00102000 G_ACT0
0x08102000 G_ACT1
0x00102000 COMP
0x00102040 COMP
0x00102080 COMP
0x001020c0 COMP
0x00102100 COMP
0x00102140 COMP
0x00102180 COMP
0x001021c0 COMP
0x00102200 COMP
0x00102240 COMP
0x00102280 COMP
0x001022c0 COMP
0x00102300 COMP
0x00102340 COMP
0x00102380 COMP
0x001023c0 COMP
READRES
0x00102800 G_ACT0
0x08102800 G_ACT1
0x00102800 COMP
0x00102840 COMP
0x00102880 COMP
0x001028c0 COMP
0x00102900 COMP
0x00102940 COMP
0x00102980 COMP
0x001029c0 COMP
0x00102a00 COMP
0x00102a40 COMP
0x00102a80 COMP
0x00102ac0 COMP
0x00102b00 COMP
0x00102b40 COMP
0x00102b80 COMP
0x00102bc0 COMP
READRES
0x00103000 G_ACT0
0x08103000 G_ACT1
0x00103000 COMP
0x00103040 COMP
0x00103080 COMP
0x001030c0 COMP
0x00103100 COMP
0x00103140 COMP
0x00103180 COMP
0x001031c0 COMP
0x00103200 COMP
0x00103240 COMP
0x00103280 COMP
0x001032c0 COMP
0x00103300 COMP
0x00103340 COMP
0x00103380 COMP
0x001033c0 COMP
READRES
0x00103800 G_ACT0
0x08103800 G_ACT1
0x00103800 COMP
0x00103840 COMP
0x00103880 COMP
0x001038c0 COMP
0x00103900 COMP
0x00103940 COMP
0x00103980 COMP
0x001039c0 COMP
0x00103a00 COMP
0x00103a40 COMP
0x00103a80 COMP
0x00103ac0 COMP
0x00103b00 COMP
0x00103b40 COMP
0x00103b80 COMP
0x00103bc0 COMP
READRES
0x00104000 G_ACT0
0x08104000 G_ACT1
0x00104000 COMP
0x00104040 COMP
0x00104080 COMP
0x001040c0 COMP
0x00104100 COMP
0x00104140 COMP
0x00104180 COMP
0x001041c0 COMP
0x00104200 COMP
0x00104240 COMP
0x00104280 COMP
0x001042c0 COMP
0x00104300 COMP
0x00104340 COMP
0x00104380 COMP
0x001043c0 COMP
READRES
0x00104800 G_ACT0
0x08104800 G_ACT1
0x00104800 COMP
0x00104840 COMP
0x00104880 COMP
0x001048c0 COMP
0x00104900 COMP
0x00104940 COMP
0x00104980 COMP
0x001049c0 COMP
0x00104a00 COMP
0x00104a40 COMP
0x00104a80 COMP
0x00104ac0 COMP
0x00104b00 COMP
0x00104b40 COMP
0x00104b80 COMP
0x00104bc0 COMP
READRES
0x00105000 G_ACT0
0x08105000 G_ACT1
0x00105000 COMP
0x00105040 COMP
0x00105080 COMP
0x001050c0 COMP
0x00105100 COMP
0x00105140 COMP
0x00105180 COMP
0x001051c0 COMP
0x00105200 COMP
0x00105240 COMP
0x00105280 COMP
0x001052c0 COMP
0x00105300 COMP
0x00105340 COMP
0x00105380 COMP
0x001053c0 COMP
READRES
0x00105800 G_ACT0
0x08105800 G_ACT1
0x00105800 COMP
0x00105840 COMP
0x00105880 COMP
0x001058c0 COMP
0x00105900 COMP
0x00105940 COMP
0x00105980 COMP
0x001059c0 COMP
0x00105a00 COMP
0x00105a40 COMP
0x00105a80 COMP
0x00105ac0 COMP
0x00105b00 COMP
0x00105b40 COMP
0x00105b80 COMP
0x00105bc0 COMP
READRES
0x00106000 G_ACT0
0x08106000 G_ACT1
0x00106000 COMP
0x00106040 COMP
0x00106080 COMP
0x001060c0 COMP
0x00106100 COMP
0x00106140 COMP
0x00106180 COMP
0x001061c0 COMP
0x00106200 COMP
0x00106240 COMP
0x00106280 COMP
0x001062c0 COMP
0x00106300 COMP
0x00106340 COMP
0x00106380 COMP
0x001063c0 COMP
READRES
0x00106800 G_ACT0
0x08106800 G_ACT1
0x00106800 COMP
0x00106840 COMP
0x00106880 COMP
0x001068c0 COMP
0x00106900 COMP
0x00106940 COMP
0x00106980 COMP
0x001069c0 COMP
0x00106a00 COMP
0x00106a40 COMP
0x00106a80 COMP
0x00106ac0 COMP
0x00106b00 COMP
0x00106b40 COMP
0x00106b80 COMP
0x00106bc0 COMP
READRES
0x00107000 G_ACT0
0x08107000 G_ACT1
0x00107000 COMP
0x00107040 COMP
0x00107080 COMP
0x001070c0 COMP
0x00107100 COMP
0x00107140 COMP
0x00107180 COMP
0x001071c0 COMP
0x00107200 COMP
0x00107240 COMP
0x00107280 COMP
0x001072c0 COMP
0x00107300 COMP
0x00107340 COMP
0x00107380 COMP
0x001073c0 COMP
READRES
0x00107800 G_ACT0
0x08107800 G_ACT1
0x00107800 COMP
0x00107840 COMP
0x00107880 COMP
0x001078c0 COMP
0x00107900 COMP
0x00107940 COMP
0x00107980 COMP
0x001079c0 COMP
0x00107a00 COMP
0x00107a40 COMP
0x00107a80 COMP
0x00107ac0 COMP
0x00107b00 COMP
0x00107b40 COMP
0x00107b80 COMP
0x00107bc0 COMP
READRES
0x00108000 G_ACT0
0x08108000 G_ACT1
0x00108000 COMP
0x00108040 COMP
0x00108080 COMP
0x001080c0 COMP
0x00108100 COMP
0x00108140 COMP
0x00108180 COMP
0x001081c0 COMP
0x00108200 COMP
0x00108240 COMP
0x00108280 COMP
0x001082c0 COMP
0x00108300 COMP
0x00108340 COMP
0x00108380 COMP
0x001083c0 COMP
READRES
0x00108800 G_ACT0
0x08108800 G_ACT1
0x00108800 COMP
0x00108840 COMP
0x00108880 COMP
0x001088c0 COMP
0x00108900 COMP
0x00108940 COMP
0x00108980 COMP
0x001089c0 COMP
0x00108a00 COMP
0x00108a40 COMP
0x00108a80 COMP
0x00108ac0 COMP
0x00108b00 COMP
0x00108b40 COMP
0x00108b80 COMP
0x00108bc0 COMP
READRES
0x00109000 G_ACT0
0x08109000 G_ACT1
0x00109000 COMP
0x00109040 COMP
0x00109080 COMP
0x001090c0 COMP
0x00109100 COMP
0x00109140 COMP
0x00109180 COMP
0x001091c0 COMP
0x00109200 COMP
0x00109240 COMP
0x00109280 COMP
0x001092c0 COMP
0x00109300 COMP
0x00109340 COMP
0x00109380 COMP
0x001093c0 COMP
READRES
0x00109800 G_ACT0
0x08109800 G_ACT1
0x00109800 COMP
0x00109840 COMP
0x00109880 COMP
0x001098c0 COMP
0x00109900 COMP
0x00109940 COMP
0x00109980 COMP
0x001099c0 COMP
0x00109a00 COMP
0x00109a40 COMP
0x00109a80 COMP
0x00109ac0 COMP
0x00109b00 COMP
0x00109b40 COMP
0x00109b80 COMP
0x00109bc0 COMP
READRES
0x0010a000 G_ACT0
0x0810a000 G_ACT1
0x0010a000 COMP
0x0010a040 COMP
0x0010a080 COMP
0x0010a0c0 COMP
0x0010a100 COMP
0x0010a140 COMP
0x0010a180 COMP
0x0010a1c0 COMP
0x0010a200 COMP
0x0010a240 COMP
0x0010a280 COMP
0x0010a2c0 COMP
0x0010a300 COMP
0x0010a340 COMP
0x0010a380 COMP
0x0010a3c0 COMP
READRES
0x0010a800 G_ACT0
0x0810a800 G_ACT1
0x0010a800 COMP
0x0010a840 COMP
0x0010a880 COMP
0x0010a8c0 COMP
0x0010a900 COMP
0x0010a940 COMP
0x0010a980 COMP
0x0010a9c0 COMP
0x0010aa00 COMP
0x0010aa40 COMP
0x0010aa80 COMP
0x0010aac0 COMP
0x0010ab00 COMP
0x0010ab40 COMP
0x0010ab80 COMP
0x0010abc0 COMP
READRES
0x0010b000 G_ACT0
0x0810b000 G_ACT1
0x0010b000 COMP
0x0010b040 COMP
0x0010b080 COMP
0x0010b0c0 COMP
0x0010b100 COMP
0x0010b140 COMP
0x0010b180 COMP
0x0010b1c0 COMP
0x0010b200 COMP
0x0010b240 COMP
0x0010b280 COMP
0x0010b2c0 COMP
0x0010b300 COMP
0x0010b340 COMP
0x0010b380 COMP
0x0010b3c0 COMP
READRES
0x0010b800 G_ACT0
0x0810b800 G_ACT1
0x0010b800 COMP
0x0010b840 COMP
0x0010b880 COMP
0x0010b8c0 COMP
0x0010b900 COMP
0x0010b940 COMP
0x0010b980 COMP
0x0010b9c0 COMP
0x0010ba00 COMP
0x0010ba40 COMP
0x0010ba80 COMP
0x0010bac0 COMP
0x0010bb00 COMP
0x0010bb40 COMP
0x0010bb80 COMP
0x0010bbc0 COMP
READRES
0x0010c000 G_ACT0
0x0810c000 G_ACT1
0x0010c000 COMP
0x0010c040 COMP
0x0010c080 COMP
0x0010c0c0 COMP
0x0010c100 COMP
0x0010c140 COMP
0x0010c180 COMP
0x0010c1c0 COMP
0x0010c200 COMP
0x0010c240 COMP
0x0010c280 COMP
0x0010c2c0 COMP
0x0010c300 COMP
0x0010c340 COMP
0x0010c380 COMP
0x0010c3c0 COMP
READRES
0x0010c800 G_ACT0
0x0810c800 G_ACT1
0x0010c800 COMP
0x0010c840 COMP
0x0010c880 COMP
0x0010c8c0 COMP
0x0010c900 COMP
0x0010c940 COMP
0x0010c980 COMP
0x0010c9c0 COMP
0x0010ca00 COMP
0x0010ca40 COMP
0x0010ca80 COMP
0x0010cac0 COMP
0x0010cb00 COMP
0x0010cb40 COMP
0x0010cb80 COMP
0x0010cbc0 COMP
READRES
0x0010d000 G_ACT0
0x0810d000 G_ACT1
0x0010d000 COMP
0x0010d040 COMP
0x0010d080 COMP
0x0010d0c0 COMP
0x0010d100 COMP
0x0010d140 COMP
0x0010d180 COMP
0x0010d1c0 COMP
0x0010d200 COMP
0x0010d240 COMP
0x0010d280 COMP
0x0010d2c0 COMP
0x0010d300 COMP
0x0010d340 COMP
0x0010d380 COMP
0x0010d3c0 COMP
READRES
0x0010d800 G_ACT0
0x0810d800 G_ACT1
0x0010d800 COMP
0x0010d840 COMP
0x0010d880 COMP
0x0010d8c0 COMP
0x0010d900 COMP
0x0010d940 COMP
0x0010d980 COMP
0x0010d9c0 COMP
0x0010da00 COMP
0x0010da40 COMP
0x0010da80 COMP
0x0010dac0 COMP
0x0010db00 COMP
0x0010db40 COMP
0x0010db80 COMP
0x0010dbc0 COMP
READRES
0x0010e000 G_ACT0
0x0810e000 G_ACT1
0x0010e000 COMP
0x0010e040 COMP
0x0010e080 COMP
0x0010e0c0 COMP
0x0010e100 COMP
0x0010e140 COMP
0x0010e180 COMP
0x0010e1c0 COMP
0x0010e200 COMP
0x0010e240 COMP
0x0010e280 COMP
0x0010e2c0 COMP
0x0010e300 COMP
0x0010e340 COMP
0x0010e380 COMP
0x0010e3c0 COMP
READRES
0x0010e800 G_ACT0
0x0810e800 G_ACT1
0x0010e800 COMP
0x0010e840 COMP
0x0010e880 COMP
0x0010e8c0 COMP
0x0010e900 COMP
0x0010e940 COMP
0x0010e980 COMP
0x0010e9c0 COMP
0x0010ea00 COMP
0x0010ea40 COMP
0x0010ea80 COMP
0x0010eac0 COMP
0x0010eb00 COMP
0x0010eb40 COMP
0x0010eb80 COMP
0x0010ebc0 COMP
READRES
0x0010f000 G_ACT0
0x0810f000 G_ACT1
0x0010f000 COMP
0x0010f040 COMP
0x0010f080 COMP
0x0010f0c0 COMP
0x0010f100 COMP
0x0010f140 COMP
0x0010f180 COMP
0x0010f1c0 COMP
0x0010f200 COMP
0x0010f240 COMP
0x0010f280 COMP
0x0010f2c0 COMP
0x0010f300 COMP
0x0010f340 COMP
0x0010f380 COMP
0x0010f3c0 COMP
READRES
0x0010f800 G_ACT0
0x0810f800 G_ACT1
0x0010f800 COMP
0x0010f840 COMP
0x0010f880 COMP
0x0010f8c0 COMP
0x0010f900 COMP
0x0010f940 COMP
0x0010f980 COMP
0x0010f9c0 COMP
0x0010fa00 COMP
0x0010fa40 COMP
0x0010fa80 COMP
0x0010fac0 COMP
0x0010fb00 COMP
0x0010fb40 COMP
0x0010fb80 COMP
0x0010fbc0 COMP
READRES
0x00110000 G_ACT0
0x08110000 G_ACT1
0x00110000 COMP
0x00110040 COMP
0x00110080 COMP
0x001100c0 COMP
0x00110100 COMP
0x00110140 COMP
0x00110180 COMP
0x001101c0 COMP
0x00110200 COMP
0x00110240 COMP
0x00110280 COMP
0x001102c0 COMP
0x00110300 COMP
0x00110340 COMP
0x00110380 COMP
0x001103c0 COMP
READRES
0x00110800 G_ACT0
0x08110800 G_ACT1
0x00110800 COMP
0x00110840 COMP
0x00110880 COMP
0x001108c0 COMP
0x00110900 COMP
0x00110940 COMP
0x00110980 COMP
0x001109c0 COMP
0x00110a00 COMP
0x00110a40 COMP
0x00110a80 COMP
0x00110ac0 COMP
0x00110b00 COMP
0x00110b40 COMP
0x00110b80 COMP
0x00110bc0 COMP
READRES
0x00111000 G_ACT0
0x08111000 G_ACT1
0x00111000 COMP
0x00111040 COMP
0x00111080 COMP
0x001110c0 COMP
0x00111100 COMP
0x00111140 COMP
0x00111180 COMP
0x001111c0 COMP
0x00111200 COMP
0x00111240 COMP
0x00111280 COMP
0x001112c0 COMP
0x00111300 COMP
0x00111340 COMP
0x00111380 COMP
0x001113c0 COMP
READRES
0x00111800 G_ACT0
0x08111800 G_ACT1
0x00111800 COMP
0x00111840 COMP
0x00111880 COMP
0x001118c0 COMP
0x00111900 COMP
0x00111940 COMP
0x00111980 COMP
0x001119c0 COMP
0x00111a00 COMP
0x00111a40 COMP
0x00111a80 COMP
0x00111ac0 COMP
0x00111b00 COMP
0x00111b40 COMP
0x00111b80 COMP
0x00111bc0 COMP
READRES
0x00112000 G_ACT0
0x08112000 G_ACT1
0x00112000 COMP
0x00112040 COMP
0x00112080 COMP
0x001120c0 COMP
0x00112100 COMP
0x00112140 COMP
0x00112180 COMP
0x001121c0 COMP
0x00112200 COMP
0x00112240 COMP
0x00112280 COMP
0x001122c0 COMP
0x00112300 COMP
0x00112340 COMP
0x00112380 COMP
0x001123c0 COMP
READRES
0x00112800 G_ACT0
0x08112800 G_ACT1
0x00112800 COMP
0x00112840 COMP
0x00112880 COMP
0x001128c0 COMP
0x00112900 COMP
0x00112940 COMP
0x00112980 COMP
0x001129c0 COMP
0x00112a00 COMP
0x00112a40 COMP
0x00112a80 COMP
0x00112ac0 COMP
0x00112b00 COMP
0x00112b40 COMP
0x00112b80 COMP
0x00112bc0 COMP
READRES
0x00113000 G_ACT0
0x08113000 G_ACT1
0x00113000 COMP
0x00113040 COMP
0x00113080 COMP
0x001130c0 COMP
0x00113100 COMP
0x00113140 COMP
0x00113180 COMP
0x001131c0 COMP
0x00113200 COMP
0x00113240 COMP
0x00113280 COMP
0x001132c0 COMP
0x00113300 COMP
0x00113340 COMP
0x00113380 COMP
0x001133c0 COMP
READRES
0x00113800 G_ACT0
0x08113800 G_ACT1
0x00113800 COMP
0x00113840 COMP
0x00113880 COMP
0x001138c0 COMP
0x00113900 COMP
0x00113940 COMP
0x00113980 COMP
0x001139c0 COMP
0x00113a00 COMP
0x00113a40 COMP
0x00113a80 COMP
0x00113ac0 COMP
0x00113b00 COMP
0x00113b40 COMP
0x00113b80 COMP
0x00113bc0 COMP
READRES
0x00114000 G_ACT0
0x08114000 G_ACT1
0x00114000 COMP
0x00114040 COMP
0x00114080 COMP
0x001140c0 COMP
0x00114100 COMP
0x00114140 COMP
0x00114180 COMP
0x001141c0 COMP
0x00114200 COMP
0x00114240 COMP
0x00114280 COMP
0x001142c0 COMP
0x00114300 COMP
0x00114340 COMP
0x00114380 COMP
0x001143c0 COMP
READRES
0x00114800 G_ACT0
0x08114800 G_ACT1
0x00114800 COMP
0x00114840 COMP
0x00114880 COMP
0x001148c0 COMP
0x00114900 COMP
0x00114940 COMP
0x00114980 COMP
0x001149c0 COMP
0x00114a00 COMP
0x00114a40 COMP
0x00114a80 COMP
0x00114ac0 COMP
0x00114b00 COMP
0x00114b40 COMP
0x00114b80 COMP
0x00114bc0 COMP
READRES
0x00115000 G_ACT0
0x08115000 G_ACT1
0x00115000 COMP
0x00115040 COMP
0x00115080 COMP
0x001150c0 COMP
0x00115100 COMP
0x00115140 COMP
0x00115180 COMP
0x001151c0 COMP
0x00115200 COMP
0x00115240 COMP
0x00115280 COMP
0x001152c0 COMP
0x00115300 COMP
0x00115340 COMP
0x00115380 COMP
0x001153c0 COMP
READRES
0x00115800 G_ACT0
0x08115800 G_ACT1
0x00115800 COMP
0x00115840 COMP
0x00115880 COMP
0x001158c0 COMP
0x00115900 COMP
0x00115940 COMP
0x00115980 COMP
0x001159c0 COMP
0x00115a00 COMP
0x00115a40 COMP
0x00115a80 COMP
0x00115ac0 COMP
0x00115b00 COMP
0x00115b40 COMP
0x00115b80 COMP
0x00115bc0 COMP
READRES
0x00116000 G_ACT0
0x08116000 G_ACT1
0x00116000 COMP
0x00116040 COMP
0x00116080 COMP
0x001160c0 COMP
0x00116100 COMP
0x00116140 COMP
0x00116180 COMP
0x001161c0 COMP
0x00116200 COMP
0x00116240 COMP
0x00116280 COMP
0x001162c0 COMP
0x00116300 COMP
0x00116340 COMP
0x00116380 COMP
0x001163c0 COMP
READRES
0x00116800 G_ACT0
0x08116800 G_ACT1
0x00116800 COMP
0x00116840 COMP
0x00116880 COMP
0x001168c0 COMP
0x00116900 COMP
0x00116940 COMP
0x00116980 COMP
0x001169c0 COMP
0x00116a00 COMP
0x00116a40 COMP
0x00116a80 COMP
0x00116ac0 COMP
0x00116b00 COMP
0x00116b40 COMP
0x00116b80 COMP
0x00116bc0 COMP
READRES
0x00117000 G_ACT0
0x08117000 G_ACT1
0x00117000 COMP
0x00117040 COMP
0x00117080 COMP
0x001170c0 COMP
0x00117100 COMP
0x00117140 COMP
0x00117180 COMP
0x001171c0 COMP
0x00117200 COMP
0x00117240 COMP
0x00117280 COMP
0x001172c0 COMP
0x00117300 COMP
0x00117340 COMP
0x00117380 COMP
0x001173c0 COMP
READRES
0x00117800 G_ACT0
0x08117800 G_ACT1
0x00117800 COMP
0x00117840 COMP
0x00117880 COMP
0x001178c0 COMP
0x00117900 COMP
0x00117940 COMP
0x00117980 COMP
0x001179c0 COMP
0x00117a00 COMP
0x00117a40 COMP
0x00117a80 COMP
0x00117ac0 COMP
0x00117b00 COMP
0x00117b40 COMP
0x00117b80 COMP
0x00117bc0 COMP
READRES
0x00118000 G_ACT0
0x08118000 G_ACT1
0x00118000 COMP
0x00118040 COMP
0x00118080 COMP
0x001180c0 COMP
0x00118100 COMP
0x00118140 COMP
0x00118180 COMP
0x001181c0 COMP
0x00118200 COMP
0x00118240 COMP
0x00118280 COMP
0x001182c0 COMP
0x00118300 COMP
0x00118340 COMP
0x00118380 COMP
0x001183c0 COMP
READRES
0x00118800 G_ACT0
0x08118800 G_ACT1
0x00118800 COMP
0x00118840 COMP
0x00118880 COMP
0x001188c0 COMP
0x00118900 COMP
0x00118940 COMP
0x00118980 COMP
0x001189c0 COMP
0x00118a00 COMP
0x00118a40 COMP
0x00118a80 COMP
0x00118ac0 COMP
0x00118b00 COMP
0x00118b40 COMP
0x00118b80 COMP
0x00118bc0 COMP
READRES
0x00119000 G_ACT0
0x08119000 G_ACT1
0x00119000 COMP
0x00119040 COMP
0x00119080 COMP
0x001190c0 COMP
0x00119100 COMP
0x00119140 COMP
0x00119180 COMP
0x001191c0 COMP
0x00119200 COMP
0x00119240 COMP
0x00119280 COMP
0x001192c0 COMP
0x00119300 COMP
0x00119340 COMP
0x00119380 COMP
0x001193c0 COMP
READRES
0x00119800 G_ACT0
0x08119800 G_ACT1
0x00119800 COMP
0x00119840 COMP
0x00119880 COMP
0x001198c0 COMP
0x00119900 COMP
0x00119940 COMP
0x00119980 COMP
0x001199c0 COMP
0x00119a00 COMP
0x00119a40 COMP
0x00119a80 COMP
0x00119ac0 COMP
0x00119b00 COMP
0x00119b40 COMP
0x00119b80 COMP
0x00119bc0 COMP
READRES
0x0011a000 G_ACT0
0x0811a000 G_ACT1
0x0011a000 COMP
0x0011a040 COMP
0x0011a080 COMP
0x0011a0c0 COMP
0x0011a100 COMP
0x0011a140 COMP
0x0011a180 COMP
0x0011a1c0 COMP
0x0011a200 COMP
0x0011a240 COMP
0x0011a280 COMP
0x0011a2c0 COMP
0x0011a300 COMP
0x0011a340 COMP
0x0011a380 COMP
0x0011a3c0 COMP
READRES
0x0011a800 G_ACT0
0x0811a800 G_ACT1
0x0011a800 COMP
0x0011a840 COMP
0x0011a880 COMP
0x0011a8c0 COMP
0x0011a900 COMP
0x0011a940 COMP
0x0011a980 COMP
0x0011a9c0 COMP
0x0011aa00 COMP
0x0011aa40 COMP
0x0011aa80 COMP
0x0011aac0 COMP
0x0011ab00 COMP
0x0011ab40 COMP
0x0011ab80 COMP
0x0011abc0 COMP
READRES
0x0011b000 G_ACT0
0x0811b000 G_ACT1
0x0011b000 COMP
0x0011b040 COMP
0x0011b080 COMP
0x0011b0c0 COMP
0x0011b100 COMP
0x0011b140 COMP
0x0011b180 COMP
0x0011b1c0 COMP
0x0011b200 COMP
0x0011b240 COMP
0x0011b280 COMP
0x0011b2c0 COMP
0x0011b300 COMP
0x0011b340 COMP
0x0011b380 COMP
0x0011b3c0 COMP
READRES
0x0011b800 G_ACT0
0x0811b800 G_ACT1
0x0011b800 COMP
0x0011b840 COMP
0x0011b880 COMP
0x0011b8c0 COMP
0x0011b900 COMP
0x0011b940 COMP
0x0011b980 COMP
0x0011b9c0 COMP
0x0011ba00 COMP
0x0011ba40 COMP
0x0011ba80 COMP
0x0011bac0 COMP
0x0011bb00 COMP
0x0011bb40 COMP
0x0011bb80 COMP
0x0011bbc0 COMP
READRES
0x0011c000 G_ACT0
0x0811c000 G_ACT1
0x0011c000 COMP
0x0011c040 COMP
0x0011c080 COMP
0x0011c0c0 COMP
0x0011c100 COMP
0x0011c140 COMP
0x0011c180 COMP
0x0011c1c0 COMP
0x0011c200 COMP
0x0011c240 COMP
0x0011c280 COMP
0x0011c2c0 COMP
0x0011c300 COMP
0x0011c340 COMP
0x0011c380 COMP
0x0011c3c0 COMP
READRES
0x0011c800 G_ACT0
0x0811c800 G_ACT1
0x0011c800 COMP
0x0011c840 COMP
0x0011c880 COMP
0x0011c8c0 COMP
0x0011c900 COMP
0x0011c940 COMP
0x0011c980 COMP
0x0011c9c0 COMP
0x0011ca00 COMP
0x0011ca40 COMP
0x0011ca80 COMP
0x0011cac0 COMP
0x0011cb00 COMP
0x0011cb40 COMP
0x0011cb80 COMP
0x0011cbc0 COMP
READRES
0x0011d000 G_ACT0
0x0811d000 G_ACT1
0x0011d000 COMP
0x0011d040 COMP
0x0011d080 COMP
0x0011d0c0 COMP
0x0011d100 COMP
0x0011d140 COMP
0x0011d180 COMP
0x0011d1c0 COMP
0x0011d200 COMP
0x0011d240 COMP
0x0011d280 COMP
0x0011d2c0 COMP
0x0011d300 COMP
0x0011d340 COMP
0x0011d380 COMP
0x0011d3c0 COMP
READRES
0x0011d800 G_ACT0
0x0811d800 G_ACT1
0x0011d800 COMP
0x0011d840 COMP
0x0011d880 COMP
0x0011d8c0 COMP
0x0011d900 COMP
0x0011d940 COMP
0x0011d980 COMP
0x0011d9c0 COMP
0x0011da00 COMP
0x0011da40 COMP
0x0011da80 COMP
0x0011dac0 COMP
0x0011db00 COMP
0x0011db40 COMP
0x0011db80 COMP
0x0011dbc0 COMP
READRES
0x0011e000 G_ACT0
0x0811e000 G_ACT1
0x0011e000 COMP
0x0011e040 COMP
0x0011e080 COMP
0x0011e0c0 COMP
0x0011e100 COMP
0x0011e140 COMP
0x0011e180 COMP
0x0011e1c0 COMP
0x0011e200 COMP
0x0011e240 COMP
0x0011e280 COMP
0x0011e2c0 COMP
0x0011e300 COMP
0x0011e340 COMP
0x0011e380 COMP
0x0011e3c0 COMP
READRES
0x0011e800 G_ACT0
0x0811e800 G_ACT1
0x0011e800 COMP
0x0011e840 COMP
0x0011e880 COMP
0x0011e8c0 COMP
0x0011e900 COMP
0x0011e940 COMP
0x0011e980 COMP
0x0011e9c0 COMP
0x0011ea00 COMP
0x0011ea40 COMP
0x0011ea80 COMP
0x0011eac0 COMP
0x0011eb00 COMP
0x0011eb40 COMP
0x0011eb80 COMP
0x0011ebc0 COMP
READRES
0x0011f000 G_ACT0
0x0811f000 G_ACT1
0x0011f000 COMP
0x0011f040 COMP
0x0011f080 COMP
0x0011f0c0 COMP
0x0011f100 COMP
0x0011f140 COMP
0x0011f180 COMP
0x0011f1c0 COMP
0x0011f200 COMP
0x0011f240 COMP
0x0011f280 COMP
0x0011f2c0 COMP
0x0011f300 COMP
0x0011f340 COMP
0x0011f380 COMP
0x0011f3c0 COMP
READRES
0x0011f800 G_ACT0
0x0811f800 G_ACT1
0x0011f800 COMP
0x0011f840 COMP
0x0011f880 COMP
0x0011f8c0 COMP
0x0011f900 COMP
0x0011f940 COMP
0x0011f980 COMP
0x0011f9c0 COMP
0x0011fa00 COMP
0x0011fa40 COMP
0x0011fa80 COMP
0x0011fac0 COMP
0x0011fb00 COMP
0x0011fb40 COMP
0x0011fb80 COMP
0x0011fbc0 COMP
READRES
0x00120000 G_ACT0
0x08120000 G_ACT1
0x00120000 COMP
0x00120040 COMP
0x00120080 COMP
0x001200c0 COMP
0x00120100 COMP
0x00120140 COMP
0x00120180 COMP
0x001201c0 COMP
0x00120200 COMP
0x00120240 COMP
0x00120280 COMP
0x001202c0 COMP
0x00120300 COMP
0x00120340 COMP
0x00120380 COMP
0x001203c0 COMP
READRES
0x00120800 G_ACT0
0x08120800 G_ACT1
0x00120800 COMP
0x00120840 COMP
0x00120880 COMP
0x001208c0 COMP
0x00120900 COMP
0x00120940 COMP
0x00120980 COMP
0x001209c0 COMP
0x00120a00 COMP
0x00120a40 COMP
0x00120a80 COMP
0x00120ac0 COMP
0x00120b00 COMP
0x00120b40 COMP
0x00120b80 COMP
0x00120bc0 COMP
READRES
0x00121000 G_ACT0
0x08121000 G_ACT1
0x00121000 COMP
0x00121040 COMP
0x00121080 COMP
0x001210c0 COMP
0x00121100 COMP
0x00121140 COMP
0x00121180 COMP
0x001211c0 COMP
0x00121200 COMP
0x00121240 COMP
0x00121280 COMP
0x001212c0 COMP
0x00121300 COMP
0x00121340 COMP
0x00121380 COMP
0x001213c0 COMP
READRES
0x00121800 G_ACT0
0x08121800 G_ACT1
0x00121800 COMP
0x00121840 COMP
0x00121880 COMP
0x001218c0 COMP
0x00121900 COMP
0x00121940 COMP
0x00121980 COMP
0x001219c0 COMP
0x00121a00 COMP
0x00121a40 COMP
0x00121a80 COMP
0x00121ac0 COMP
0x00121b00 COMP
0x00121b40 COMP
0x00121b80 COMP
0x00121bc0 COMP
READRES
0x00122000 G_ACT0
0x08122000 G_ACT1
0x00122000 COMP
0x00122040 COMP
0x00122080 COMP
0x001220c0 COMP
0x00122100 COMP
0x00122140 COMP
0x00122180 COMP
0x001221c0 COMP
0x00122200 COMP
0x00122240 COMP
0x00122280 COMP
0x001222c0 COMP
0x00122300 COMP
0x00122340 COMP
0x00122380 COMP
0x001223c0 COMP
READRES
0x00122800 G_ACT0
0x08122800 G_ACT1
0x00122800 COMP
0x00122840 COMP
0x00122880 COMP
0x001228c0 COMP
0x00122900 COMP
0x00122940 COMP
0x00122980 COMP
0x001229c0 COMP
0x00122a00 COMP
0x00122a40 COMP
0x00122a80 COMP
0x00122ac0 COMP
0x00122b00 COMP
0x00122b40 COMP
0x00122b80 COMP
0x00122bc0 COMP
READRES
0x00123000 G_ACT0
0x08123000 G_ACT1
0x00123000 COMP
0x00123040 COMP
0x00123080 COMP
0x001230c0 COMP
0x00123100 COMP
0x00123140 COMP
0x00123180 COMP
0x001231c0 COMP
0x00123200 COMP
0x00123240 COMP
0x00123280 COMP
0x001232c0 COMP
0x00123300 COMP
0x00123340 COMP
0x00123380 COMP
0x001233c0 COMP
READRES
0x00123800 G_ACT0
0x08123800 G_ACT1
0x00123800 COMP
0x00123840 COMP
0x00123880 COMP
0x001238c0 COMP
0x00123900 COMP
0x00123940 COMP
0x00123980 COMP
0x001239c0 COMP
0x00123a00 COMP
0x00123a40 COMP
0x00123a80 COMP
0x00123ac0 COMP
0x00123b00 COMP
0x00123b40 COMP
0x00123b80 COMP
0x00123bc0 COMP
READRES
0x00124000 G_ACT0
0x08124000 G_ACT1
0x00124000 COMP
0x00124040 COMP
0x00124080 COMP
0x001240c0 COMP
0x00124100 COMP
0x00124140 COMP
0x00124180 COMP
0x001241c0 COMP
0x00124200 COMP
0x00124240 COMP
0x00124280 COMP
0x001242c0 COMP
0x00124300 COMP
0x00124340 COMP
0x00124380 COMP
0x001243c0 COMP
READRES
0x00124800 G_ACT0
0x08124800 G_ACT1
0x00124800 COMP
0x00124840 COMP
0x00124880 COMP
0x001248c0 COMP
0x00124900 COMP
0x00124940 COMP
0x00124980 COMP
0x001249c0 COMP
0x00124a00 COMP
0x00124a40 COMP
0x00124a80 COMP
0x00124ac0 COMP
0x00124b00 COMP
0x00124b40 COMP
0x00124b80 COMP
0x00124bc0 COMP
READRES
0x00125000 G_ACT0
0x08125000 G_ACT1
0x00125000 COMP
0x00125040 COMP
0x00125080 COMP
0x001250c0 COMP
0x00125100 COMP
0x00125140 COMP
0x00125180 COMP
0x001251c0 COMP
0x00125200 COMP
0x00125240 COMP
0x00125280 COMP
0x001252c0 COMP
0x00125300 COMP
0x00125340 COMP
0x00125380 COMP
0x001253c0 COMP
READRES
0x00125800 G_ACT0
0x08125800 G_ACT1
0x00125800 COMP
0x00125840 COMP
0x00125880 COMP
0x001258c0 COMP
0x00125900 COMP
0x00125940 COMP
0x00125980 COMP
0x001259c0 COMP
0x00125a00 COMP
0x00125a40 COMP
0x00125a80 COMP
0x00125ac0 COMP
0x00125b00 COMP
0x00125b40 COMP
0x00125b80 COMP
0x00125bc0 COMP
READRES
0x00126000 G_ACT0
0x08126000 G_ACT1
0x00126000 COMP
0x00126040 COMP
0x00126080 COMP
0x001260c0 COMP
0x00126100 COMP
0x00126140 COMP
0x00126180 COMP
0x001261c0 COMP
0x00126200 COMP
0x00126240 COMP
0x00126280 COMP
0x001262c0 COMP
0x00126300 COMP
0x00126340 COMP
0x00126380 COMP
0x001263c0 COMP
READRES
0x00126800 G_ACT0
0x08126800 G_ACT1
0x00126800 COMP
0x00126840 COMP
0x00126880 COMP
0x001268c0 COMP
0x00126900 COMP
0x00126940 COMP
0x00126980 COMP
0x001269c0 COMP
0x00126a00 COMP
0x00126a40 COMP
0x00126a80 COMP
0x00126ac0 COMP
0x00126b00 COMP
0x00126b40 COMP
0x00126b80 COMP
0x00126bc0 COMP
READRES
0x00127000 G_ACT0
0x08127000 G_ACT1
0x00127000 COMP
0x00127040 COMP
0x00127080 COMP
0x001270c0 COMP
0x00127100 COMP
0x00127140 COMP
0x00127180 COMP
0x001271c0 COMP
0x00127200 COMP
0x00127240 COMP
0x00127280 COMP
0x001272c0 COMP
0x00127300 COMP
0x00127340 COMP
0x00127380 COMP
0x001273c0 COMP
READRES
0x00127800 G_ACT0
0x08127800 G_ACT1
0x00127800 COMP
0x00127840 COMP
0x00127880 COMP
0x001278c0 COMP
0x00127900 COMP
0x00127940 COMP
0x00127980 COMP
0x001279c0 COMP
0x00127a00 COMP
0x00127a40 COMP
0x00127a80 COMP
0x00127ac0 COMP
0x00127b00 COMP
0x00127b40 COMP
0x00127b80 COMP
0x00127bc0 COMP
READRES
0x00128000 G_ACT0
0x08128000 G_ACT1
0x00128000 COMP
0x00128040 COMP
0x00128080 COMP
0x001280c0 COMP
0x00128100 COMP
0x00128140 COMP
0x00128180 COMP
0x001281c0 COMP
0x00128200 COMP
0x00128240 COMP
0x00128280 COMP
0x001282c0 COMP
0x00128300 COMP
0x00128340 COMP
0x00128380 COMP
0x001283c0 COMP
READRES
0x00128800 G_ACT0
0x08128800 G_ACT1
0x00128800 COMP
0x00128840 COMP
0x00128880 COMP
0x001288c0 COMP
0x00128900 COMP
0x00128940 COMP
0x00128980 COMP
0x001289c0 COMP
0x00128a00 COMP
0x00128a40 COMP
0x00128a80 COMP
0x00128ac0 COMP
0x00128b00 COMP
0x00128b40 COMP
0x00128b80 COMP
0x00128bc0 COMP
READRES
0x00129000 G_ACT0
0x08129000 G_ACT1
0x00129000 COMP
0x00129040 COMP
0x00129080 COMP
0x001290c0 COMP
0x00129100 COMP
0x00129140 COMP
0x00129180 COMP
0x001291c0 COMP
0x00129200 COMP
0x00129240 COMP
0x00129280 COMP
0x001292c0 COMP
0x00129300 COMP
0x00129340 COMP
0x00129380 COMP
0x001293c0 COMP
READRES
0x00129800 G_ACT0
0x08129800 G_ACT1
0x00129800 COMP
0x00129840 COMP
0x00129880 COMP
0x001298c0 COMP
0x00129900 COMP
0x00129940 COMP
0x00129980 COMP
0x001299c0 COMP
0x00129a00 COMP
0x00129a40 COMP
0x00129a80 COMP
0x00129ac0 COMP
0x00129b00 COMP
0x00129b40 COMP
0x00129b80 COMP
0x00129bc0 COMP
READRES
0x0012a000 G_ACT0
0x0812a000 G_ACT1
0x0012a000 COMP
0x0012a040 COMP
0x0012a080 COMP
0x0012a0c0 COMP
0x0012a100 COMP
0x0012a140 COMP
0x0012a180 COMP
0x0012a1c0 COMP
0x0012a200 COMP
0x0012a240 COMP
0x0012a280 COMP
0x0012a2c0 COMP
0x0012a300 COMP
0x0012a340 COMP
0x0012a380 COMP
0x0012a3c0 COMP
READRES
0x0012a800 G_ACT0
0x0812a800 G_ACT1
0x0012a800 COMP
0x0012a840 COMP
0x0012a880 COMP
0x0012a8c0 COMP
0x0012a900 COMP
0x0012a940 COMP
0x0012a980 COMP
0x0012a9c0 COMP
0x0012aa00 COMP
0x0012aa40 COMP
0x0012aa80 COMP
0x0012aac0 COMP
0x0012ab00 COMP
0x0012ab40 COMP
0x0012ab80 COMP
0x0012abc0 COMP
READRES
0x0012b000 G_ACT0
0x0812b000 G_ACT1
0x0012b000 COMP
0x0012b040 COMP
0x0012b080 COMP
0x0012b0c0 COMP
0x0012b100 COMP
0x0012b140 COMP
0x0012b180 COMP
0x0012b1c0 COMP
0x0012b200 COMP
0x0012b240 COMP
0x0012b280 COMP
0x0012b2c0 COMP
0x0012b300 COMP
0x0012b340 COMP
0x0012b380 COMP
0x0012b3c0 COMP
READRES
0x0012b800 G_ACT0
0x0812b800 G_ACT1
0x0012b800 COMP
0x0012b840 COMP
0x0012b880 COMP
0x0012b8c0 COMP
0x0012b900 COMP
0x0012b940 COMP
0x0012b980 COMP
0x0012b9c0 COMP
0x0012ba00 COMP
0x0012ba40 COMP
0x0012ba80 COMP
0x0012bac0 COMP
0x0012bb00 COMP
0x0012bb40 COMP
0x0012bb80 COMP
0x0012bbc0 COMP
READRES
0x0012c000 G_ACT0
0x0812c000 G_ACT1
0x0012c000 COMP
0x0012c040 COMP
0x0012c080 COMP
0x0012c0c0 COMP
0x0012c100 COMP
0x0012c140 COMP
0x0012c180 COMP
0x0012c1c0 COMP
0x0012c200 COMP
0x0012c240 COMP
0x0012c280 COMP
0x0012c2c0 COMP
0x0012c300 COMP
0x0012c340 COMP
0x0012c380 COMP
0x0012c3c0 COMP
READRES
0x0012c800 G_ACT0
0x0812c800 G_ACT1
0x0012c800 COMP
0x0012c840 COMP
0x0012c880 COMP
0x0012c8c0 COMP
0x0012c900 COMP
0x0012c940 COMP
0x0012c980 COMP
0x0012c9c0 COMP
0x0012ca00 COMP
0x0012ca40 COMP
0x0012ca80 COMP
0x0012cac0 COMP
0x0012cb00 COMP
0x0012cb40 COMP
0x0012cb80 COMP
0x0012cbc0 COMP
READRES
0x0012d000 G_ACT0
0x0812d000 G_ACT1
0x0012d000 COMP
0x0012d040 COMP
0x0012d080 COMP
0x0012d0c0 COMP
0x0012d100 COMP
0x0012d140 COMP
0x0012d180 COMP
0x0012d1c0 COMP
0x0012d200 COMP
0x0012d240 COMP
0x0012d280 COMP
0x0012d2c0 COMP
0x0012d300 COMP
0x0012d340 COMP
0x0012d380 COMP
0x0012d3c0 COMP
READRES
0x0012d800 G_ACT0
0x0812d800 G_ACT1
0x0012d800 COMP
0x0012d840 COMP
0x0012d880 COMP
0x0012d8c0 COMP
0x0012d900 COMP
0x0012d940 COMP
0x0012d980 COMP
0x0012d9c0 COMP
0x0012da00 COMP
0x0012da40 COMP
0x0012da80 COMP
0x0012dac0 COMP
0x0012db00 COMP
0x0012db40 COMP
0x0012db80 COMP
0x0012dbc0 COMP
READRES
0x0012e000 G_ACT0
0x0812e000 G_ACT1
0x0012e000 COMP
0x0012e040 COMP
0x0012e080 COMP
0x0012e0c0 COMP
0x0012e100 COMP
0x0012e140 COMP
0x0012e180 COMP
0x0012e1c0 COMP
0x0012e200 COMP
0x0012e240 COMP
0x0012e280 COMP
0x0012e2c0 COMP
0x0012e300 COMP
0x0012e340 COMP
0x0012e380 COMP
0x0012e3c0 COMP
READRES
0x0012e800 G_ACT0
0x0812e800 G_ACT1
0x0012e800 COMP
0x0012e840 COMP
0x0012e880 COMP
0x0012e8c0 COMP
0x0012e900 COMP
0x0012e940 COMP
0x0012e980 COMP
0x0012e9c0 COMP
0x0012ea00 COMP
0x0012ea40 COMP
0x0012ea80 COMP
0x0012eac0 COMP
0x0012eb00 COMP
0x0012eb40 COMP
0x0012eb80 COMP
0x0012ebc0 COMP
READRES
0x0012f000 G_ACT0
0x0812f000 G_ACT1
0x0012f000 COMP
0x0012f040 COMP
0x0012f080 COMP
0x0012f0c0 COMP
0x0012f100 COMP
0x0012f140 COMP
0x0012f180 COMP
0x0012f1c0 COMP
0x0012f200 COMP
0x0012f240 COMP
0x0012f280 COMP
0x0012f2c0 COMP
0x0012f300 COMP
0x0012f340 COMP
0x0012f380 COMP
0x0012f3c0 COMP
READRES
0x0012f800 G_ACT0
0x0812f800 G_ACT1
0x0012f800 COMP
0x0012f840 COMP
0x0012f880 COMP
0x0012f8c0 COMP
0x0012f900 COMP
0x0012f940 COMP
0x0012f980 COMP
0x0012f9c0 COMP
0x0012fa00 COMP
0x0012fa40 COMP
0x0012fa80 COMP
0x0012fac0 COMP
0x0012fb00 COMP
0x0012fb40 COMP
0x0012fb80 COMP
0x0012fbc0 COMP
READRES
0x00130000 G_ACT0
0x08130000 G_ACT1
0x00130000 COMP
0x00130040 COMP
0x00130080 COMP
0x001300c0 COMP
0x00130100 COMP
0x00130140 COMP
0x00130180 COMP
0x001301c0 COMP
0x00130200 COMP
0x00130240 COMP
0x00130280 COMP
0x001302c0 COMP
0x00130300 COMP
0x00130340 COMP
0x00130380 COMP
0x001303c0 COMP
READRES
0x00130800 G_ACT0
0x08130800 G_ACT1
0x00130800 COMP
0x00130840 COMP
0x00130880 COMP
0x001308c0 COMP
0x00130900 COMP
0x00130940 COMP
0x00130980 COMP
0x001309c0 COMP
0x00130a00 COMP
0x00130a40 COMP
0x00130a80 COMP
0x00130ac0 COMP
0x00130b00 COMP
0x00130b40 COMP
0x00130b80 COMP
0x00130bc0 COMP
READRES
0x00131000 G_ACT0
0x08131000 G_ACT1
0x00131000 COMP
0x00131040 COMP
0x00131080 COMP
0x001310c0 COMP
0x00131100 COMP
0x00131140 COMP
0x00131180 COMP
0x001311c0 COMP
0x00131200 COMP
0x00131240 COMP
0x00131280 COMP
0x001312c0 COMP
0x00131300 COMP
0x00131340 COMP
0x00131380 COMP
0x001313c0 COMP
READRES
0x00131800 G_ACT0
0x08131800 G_ACT1
0x00131800 COMP
0x00131840 COMP
0x00131880 COMP
0x001318c0 COMP
0x00131900 COMP
0x00131940 COMP
0x00131980 COMP
0x001319c0 COMP
0x00131a00 COMP
0x00131a40 COMP
0x00131a80 COMP
0x00131ac0 COMP
0x00131b00 COMP
0x00131b40 COMP
0x00131b80 COMP
0x00131bc0 COMP
READRES
0x00132000 G_ACT0
0x08132000 G_ACT1
0x00132000 COMP
0x00132040 COMP
0x00132080 COMP
0x001320c0 COMP
0x00132100 COMP
0x00132140 COMP
0x00132180 COMP
0x001321c0 COMP
0x00132200 COMP
0x00132240 COMP
0x00132280 COMP
0x001322c0 COMP
0x00132300 COMP
0x00132340 COMP
0x00132380 COMP
0x001323c0 COMP
READRES
0x00132800 G_ACT0
0x08132800 G_ACT1
0x00132800 COMP
0x00132840 COMP
0x00132880 COMP
0x001328c0 COMP
0x00132900 COMP
0x00132940 COMP
0x00132980 COMP
0x001329c0 COMP
0x00132a00 COMP
0x00132a40 COMP
0x00132a80 COMP
0x00132ac0 COMP
0x00132b00 COMP
0x00132b40 COMP
0x00132b80 COMP
0x00132bc0 COMP
READRES
0x00133000 G_ACT0
0x08133000 G_ACT1
0x00133000 COMP
0x00133040 COMP
0x00133080 COMP
0x001330c0 COMP
0x00133100 COMP
0x00133140 COMP
0x00133180 COMP
0x001331c0 COMP
0x00133200 COMP
0x00133240 COMP
0x00133280 COMP
0x001332c0 COMP
0x00133300 COMP
0x00133340 COMP
0x00133380 COMP
0x001333c0 COMP
READRES
0x00133800 G_ACT0
0x08133800 G_ACT1
0x00133800 COMP
0x00133840 COMP
0x00133880 COMP
0x001338c0 COMP
0x00133900 COMP
0x00133940 COMP
0x00133980 COMP
0x001339c0 COMP
0x00133a00 COMP
0x00133a40 COMP
0x00133a80 COMP
0x00133ac0 COMP
0x00133b00 COMP
0x00133b40 COMP
0x00133b80 COMP
0x00133bc0 COMP
READRES
0x00134000 G_ACT0
0x08134000 G_ACT1
0x00134000 COMP
0x00134040 COMP
0x00134080 COMP
0x001340c0 COMP
0x00134100 COMP
0x00134140 COMP
0x00134180 COMP
0x001341c0 COMP
0x00134200 COMP
0x00134240 COMP
0x00134280 COMP
0x001342c0 COMP
0x00134300 COMP
0x00134340 COMP
0x00134380 COMP
0x001343c0 COMP
READRES
0x00134800 G_ACT0
0x08134800 G_ACT1
0x00134800 COMP
0x00134840 COMP
0x00134880 COMP
0x001348c0 COMP
0x00134900 COMP
0x00134940 COMP
0x00134980 COMP
0x001349c0 COMP
0x00134a00 COMP
0x00134a40 COMP
0x00134a80 COMP
0x00134ac0 COMP
0x00134b00 COMP
0x00134b40 COMP
0x00134b80 COMP
0x00134bc0 COMP
READRES
0x00135000 G_ACT0
0x08135000 G_ACT1
0x00135000 COMP
0x00135040 COMP
0x00135080 COMP
0x001350c0 COMP
0x00135100 COMP
0x00135140 COMP
0x00135180 COMP
0x001351c0 COMP
0x00135200 COMP
0x00135240 COMP
0x00135280 COMP
0x001352c0 COMP
0x00135300 COMP
0x00135340 COMP
0x00135380 COMP
0x001353c0 COMP
READRES
0x00135800 G_ACT0
0x08135800 G_ACT1
0x00135800 COMP
0x00135840 COMP
0x00135880 COMP
0x001358c0 COMP
0x00135900 COMP
0x00135940 COMP
0x00135980 COMP
0x001359c0 COMP
0x00135a00 COMP
0x00135a40 COMP
0x00135a80 COMP
0x00135ac0 COMP
0x00135b00 COMP
0x00135b40 COMP
0x00135b80 COMP
0x00135bc0 COMP
READRES
0x00136000 G_ACT0
0x08136000 G_ACT1
0x00136000 COMP
0x00136040 COMP
0x00136080 COMP
0x001360c0 COMP
0x00136100 COMP
0x00136140 COMP
0x00136180 COMP
0x001361c0 COMP
0x00136200 COMP
0x00136240 COMP
0x00136280 COMP
0x001362c0 COMP
0x00136300 COMP
0x00136340 COMP
0x00136380 COMP
0x001363c0 COMP
READRES
0x00136800 G_ACT0
0x08136800 G_ACT1
0x00136800 COMP
0x00136840 COMP
0x00136880 COMP
0x001368c0 COMP
0x00136900 COMP
0x00136940 COMP
0x00136980 COMP
0x001369c0 COMP
0x00136a00 COMP
0x00136a40 COMP
0x00136a80 COMP
0x00136ac0 COMP
0x00136b00 COMP
0x00136b40 COMP
0x00136b80 COMP
0x00136bc0 COMP
READRES
0x00137000 G_ACT0
0x08137000 G_ACT1
0x00137000 COMP
0x00137040 COMP
0x00137080 COMP
0x001370c0 COMP
0x00137100 COMP
0x00137140 COMP
0x00137180 COMP
0x001371c0 COMP
0x00137200 COMP
0x00137240 COMP
0x00137280 COMP
0x001372c0 COMP
0x00137300 COMP
0x00137340 COMP
0x00137380 COMP
0x001373c0 COMP
READRES
0x00137800 G_ACT0
0x08137800 G_ACT1
0x00137800 COMP
0x00137840 COMP
0x00137880 COMP
0x001378c0 COMP
0x00137900 COMP
0x00137940 COMP
0x00137980 COMP
0x001379c0 COMP
0x00137a00 COMP
0x00137a40 COMP
0x00137a80 COMP
0x00137ac0 COMP
0x00137b00 COMP
0x00137b40 COMP
0x00137b80 COMP
0x00137bc0 COMP
READRES
0x00138000 G_ACT0
0x08138000 G_ACT1
0x00138000 COMP
0x00138040 COMP
0x00138080 COMP
0x001380c0 COMP
0x00138100 COMP
0x00138140 COMP
0x00138180 COMP
0x001381c0 COMP
0x00138200 COMP
0x00138240 COMP
0x00138280 COMP
0x001382c0 COMP
0x00138300 COMP
0x00138340 COMP
0x00138380 COMP
0x001383c0 COMP
READRES
0x00138800 G_ACT0
0x08138800 G_ACT1
0x00138800 COMP
0x00138840 COMP
0x00138880 COMP
0x001388c0 COMP
0x00138900 COMP
0x00138940 COMP
0x00138980 COMP
0x001389c0 COMP
0x00138a00 COMP
0x00138a40 COMP
0x00138a80 COMP
0x00138ac0 COMP
0x00138b00 COMP
0x00138b40 COMP
0x00138b80 COMP
0x00138bc0 COMP
READRES
0x00139000 G_ACT0
0x08139000 G_ACT1
0x00139000 COMP
0x00139040 COMP
0x00139080 COMP
0x001390c0 COMP
0x00139100 COMP
0x00139140 COMP
0x00139180 COMP
0x001391c0 COMP
0x00139200 COMP
0x00139240 COMP
0x00139280 COMP
0x001392c0 COMP
0x00139300 COMP
0x00139340 COMP
0x00139380 COMP
0x001393c0 COMP
READRES
0x00139800 G_ACT0
0x08139800 G_ACT1
0x00139800 COMP
0x00139840 COMP
0x00139880 COMP
0x001398c0 COMP
0x00139900 COMP
0x00139940 COMP
0x00139980 COMP
0x001399c0 COMP
0x00139a00 COMP
0x00139a40 COMP
0x00139a80 COMP
0x00139ac0 COMP
0x00139b00 COMP
0x00139b40 COMP
0x00139b80 COMP
0x00139bc0 COMP
READRES
0x0013a000 G_ACT0
0x0813a000 G_ACT1
0x0013a000 COMP
0x0013a040 COMP
0x0013a080 COMP
0x0013a0c0 COMP
0x0013a100 COMP
0x0013a140 COMP
0x0013a180 COMP
0x0013a1c0 COMP
0x0013a200 COMP
0x0013a240 COMP
0x0013a280 COMP
0x0013a2c0 COMP
0x0013a300 COMP
0x0013a340 COMP
0x0013a380 COMP
0x0013a3c0 COMP
READRES
0x0013a800 G_ACT0
0x0813a800 G_ACT1
0x0013a800 COMP
0x0013a840 COMP
0x0013a880 COMP
0x0013a8c0 COMP
0x0013a900 COMP
0x0013a940 COMP
0x0013a980 COMP
0x0013a9c0 COMP
0x0013aa00 COMP
0x0013aa40 COMP
0x0013aa80 COMP
0x0013aac0 COMP
0x0013ab00 COMP
0x0013ab40 COMP
0x0013ab80 COMP
0x0013abc0 COMP
READRES
0x0013b000 G_ACT0
0x0813b000 G_ACT1
0x0013b000 COMP
0x0013b040 COMP
0x0013b080 COMP
0x0013b0c0 COMP
0x0013b100 COMP
0x0013b140 COMP
0x0013b180 COMP
0x0013b1c0 COMP
0x0013b200 COMP
0x0013b240 COMP
0x0013b280 COMP
0x0013b2c0 COMP
0x0013b300 COMP
0x0013b340 COMP
0x0013b380 COMP
0x0013b3c0 COMP
READRES
0x0013b800 G_ACT0
0x0813b800 G_ACT1
0x0013b800 COMP
0x0013b840 COMP
0x0013b880 COMP
0x0013b8c0 COMP
0x0013b900 COMP
0x0013b940 COMP
0x0013b980 COMP
0x0013b9c0 COMP
0x0013ba00 COMP
0x0013ba40 COMP
0x0013ba80 COMP
0x0013bac0 COMP
0x0013bb00 COMP
0x0013bb40 COMP
0x0013bb80 COMP
0x0013bbc0 COMP
READRES
0x0013c000 G_ACT0
0x0813c000 G_ACT1
0x0013c000 COMP
0x0013c040 COMP
0x0013c080 COMP
0x0013c0c0 COMP
0x0013c100 COMP
0x0013c140 COMP
0x0013c180 COMP
0x0013c1c0 COMP
0x0013c200 COMP
0x0013c240 COMP
0x0013c280 COMP
0x0013c2c0 COMP
0x0013c300 COMP
0x0013c340 COMP
0x0013c380 COMP
0x0013c3c0 COMP
READRES
0x0013c800 G_ACT0
0x0813c800 G_ACT1
0x0013c800 COMP
0x0013c840 COMP
0x0013c880 COMP
0x0013c8c0 COMP
0x0013c900 COMP
0x0013c940 COMP
0x0013c980 COMP
0x0013c9c0 COMP
0x0013ca00 COMP
0x0013ca40 COMP
0x0013ca80 COMP
0x0013cac0 COMP
0x0013cb00 COMP
0x0013cb40 COMP
0x0013cb80 COMP
0x0013cbc0 COMP
READRES
0x0013d000 G_ACT0
0x0813d000 G_ACT1
0x0013d000 COMP
0x0013d040 COMP
0x0013d080 COMP
0x0013d0c0 COMP
0x0013d100 COMP
0x0013d140 COMP
0x0013d180 COMP
0x0013d1c0 COMP
0x0013d200 COMP
0x0013d240 COMP
0x0013d280 COMP
0x0013d2c0 COMP
0x0013d300 COMP
0x0013d340 COMP
0x0013d380 COMP
0x0013d3c0 COMP
READRES
0x0013d800 G_ACT0
0x0813d800 G_ACT1
0x0013d800 COMP
0x0013d840 COMP
0x0013d880 COMP
0x0013d8c0 COMP
0x0013d900 COMP
0x0013d940 COMP
0x0013d980 COMP
0x0013d9c0 COMP
0x0013da00 COMP
0x0013da40 COMP
0x0013da80 COMP
0x0013dac0 COMP
0x0013db00 COMP
0x0013db40 COMP
0x0013db80 COMP
0x0013dbc0 COMP
READRES
0x0013e000 G_ACT0
0x0813e000 G_ACT1
0x0013e000 COMP
0x0013e040 COMP
0x0013e080 COMP
0x0013e0c0 COMP
0x0013e100 COMP
0x0013e140 COMP
0x0013e180 COMP
0x0013e1c0 COMP
0x0013e200 COMP
0x0013e240 COMP
0x0013e280 COMP
0x0013e2c0 COMP
0x0013e300 COMP
0x0013e340 COMP
0x0013e380 COMP
0x0013e3c0 COMP
READRES
0x0013e800 G_ACT0
0x0813e800 G_ACT1
0x0013e800 COMP
0x0013e840 COMP
0x0013e880 COMP
0x0013e8c0 COMP
0x0013e900 COMP
0x0013e940 COMP
0x0013e980 COMP
0x0013e9c0 COMP
0x0013ea00 COMP
0x0013ea40 COMP
0x0013ea80 COMP
0x0013eac0 COMP
0x0013eb00 COMP
0x0013eb40 COMP
0x0013eb80 COMP
0x0013ebc0 COMP
READRES
0x0013f000 G_ACT0
0x0813f000 G_ACT1
0x0013f000 COMP
0x0013f040 COMP
0x0013f080 COMP
0x0013f0c0 COMP
0x0013f100 COMP
0x0013f140 COMP
0x0013f180 COMP
0x0013f1c0 COMP
0x0013f200 COMP
0x0013f240 COMP
0x0013f280 COMP
0x0013f2c0 COMP
0x0013f300 COMP
0x0013f340 COMP
0x0013f380 COMP
0x0013f3c0 COMP
READRES
0x0013f800 G_ACT0
0x0813f800 G_ACT1
0x0013f800 COMP
0x0013f840 COMP
0x0013f880 COMP
0x0013f8c0 COMP
0x0013f900 COMP
0x0013f940 COMP
0x0013f980 COMP
0x0013f9c0 COMP
0x0013fa00 COMP
0x0013fa40 COMP
0x0013fa80 COMP
0x0013fac0 COMP
0x0013fb00 COMP
0x0013fb40 COMP
0x0013fb80 COMP
0x0013fbc0 COMP
READRES
0x00140000 G_ACT0
0x08140000 G_ACT1
0x00140000 COMP
0x00140040 COMP
0x00140080 COMP
0x001400c0 COMP
0x00140100 COMP
0x00140140 COMP
0x00140180 COMP
0x001401c0 COMP
0x00140200 COMP
0x00140240 COMP
0x00140280 COMP
0x001402c0 COMP
0x00140300 COMP
0x00140340 COMP
0x00140380 COMP
0x001403c0 COMP
READRES
0x00140800 G_ACT0
0x08140800 G_ACT1
0x00140800 COMP
0x00140840 COMP
0x00140880 COMP
0x001408c0 COMP
0x00140900 COMP
0x00140940 COMP
0x00140980 COMP
0x001409c0 COMP
0x00140a00 COMP
0x00140a40 COMP
0x00140a80 COMP
0x00140ac0 COMP
0x00140b00 COMP
0x00140b40 COMP
0x00140b80 COMP
0x00140bc0 COMP
READRES
0x00141000 G_ACT0
0x08141000 G_ACT1
0x00141000 COMP
0x00141040 COMP
0x00141080 COMP
0x001410c0 COMP
0x00141100 COMP
0x00141140 COMP
0x00141180 COMP
0x001411c0 COMP
0x00141200 COMP
0x00141240 COMP
0x00141280 COMP
0x001412c0 COMP
0x00141300 COMP
0x00141340 COMP
0x00141380 COMP
0x001413c0 COMP
READRES
0x00141800 G_ACT0
0x08141800 G_ACT1
0x00141800 COMP
0x00141840 COMP
0x00141880 COMP
0x001418c0 COMP
0x00141900 COMP
0x00141940 COMP
0x00141980 COMP
0x001419c0 COMP
0x00141a00 COMP
0x00141a40 COMP
0x00141a80 COMP
0x00141ac0 COMP
0x00141b00 COMP
0x00141b40 COMP
0x00141b80 COMP
0x00141bc0 COMP
READRES
0x00142000 G_ACT0
0x08142000 G_ACT1
0x00142000 COMP
0x00142040 COMP
0x00142080 COMP
0x001420c0 COMP
0x00142100 COMP
0x00142140 COMP
0x00142180 COMP
0x001421c0 COMP
0x00142200 COMP
0x00142240 COMP
0x00142280 COMP
0x001422c0 COMP
0x00142300 COMP
0x00142340 COMP
0x00142380 COMP
0x001423c0 COMP
READRES
0x00142800 G_ACT0
0x08142800 G_ACT1
0x00142800 COMP
0x00142840 COMP
0x00142880 COMP
0x001428c0 COMP
0x00142900 COMP
0x00142940 COMP
0x00142980 COMP
0x001429c0 COMP
0x00142a00 COMP
0x00142a40 COMP
0x00142a80 COMP
0x00142ac0 COMP
0x00142b00 COMP
0x00142b40 COMP
0x00142b80 COMP
0x00142bc0 COMP
READRES
0x00143000 G_ACT0
0x08143000 G_ACT1
0x00143000 COMP
0x00143040 COMP
0x00143080 COMP
0x001430c0 COMP
0x00143100 COMP
0x00143140 COMP
0x00143180 COMP
0x001431c0 COMP
0x00143200 COMP
0x00143240 COMP
0x00143280 COMP
0x001432c0 COMP
0x00143300 COMP
0x00143340 COMP
0x00143380 COMP
0x001433c0 COMP
READRES
0x00143800 G_ACT0
0x08143800 G_ACT1
0x00143800 COMP
0x00143840 COMP
0x00143880 COMP
0x001438c0 COMP
0x00143900 COMP
0x00143940 COMP
0x00143980 COMP
0x001439c0 COMP
0x00143a00 COMP
0x00143a40 COMP
0x00143a80 COMP
0x00143ac0 COMP
0x00143b00 COMP
0x00143b40 COMP
0x00143b80 COMP
0x00143bc0 COMP
READRES
0x00144000 G_ACT0
0x08144000 G_ACT1
0x00144000 COMP
0x00144040 COMP
0x00144080 COMP
0x001440c0 COMP
0x00144100 COMP
0x00144140 COMP
0x00144180 COMP
0x001441c0 COMP
0x00144200 COMP
0x00144240 COMP
0x00144280 COMP
0x001442c0 COMP
0x00144300 COMP
0x00144340 COMP
0x00144380 COMP
0x001443c0 COMP
READRES
0x00144800 G_ACT0
0x08144800 G_ACT1
0x00144800 COMP
0x00144840 COMP
0x00144880 COMP
0x001448c0 COMP
0x00144900 COMP
0x00144940 COMP
0x00144980 COMP
0x001449c0 COMP
0x00144a00 COMP
0x00144a40 COMP
0x00144a80 COMP
0x00144ac0 COMP
0x00144b00 COMP
0x00144b40 COMP
0x00144b80 COMP
0x00144bc0 COMP
READRES
0x00145000 G_ACT0
0x08145000 G_ACT1
0x00145000 COMP
0x00145040 COMP
0x00145080 COMP
0x001450c0 COMP
0x00145100 COMP
0x00145140 COMP
0x00145180 COMP
0x001451c0 COMP
0x00145200 COMP
0x00145240 COMP
0x00145280 COMP
0x001452c0 COMP
0x00145300 COMP
0x00145340 COMP
0x00145380 COMP
0x001453c0 COMP
READRES
0x00145800 G_ACT0
0x08145800 G_ACT1
0x00145800 COMP
0x00145840 COMP
0x00145880 COMP
0x001458c0 COMP
0x00145900 COMP
0x00145940 COMP
0x00145980 COMP
0x001459c0 COMP
0x00145a00 COMP
0x00145a40 COMP
0x00145a80 COMP
0x00145ac0 COMP
0x00145b00 COMP
0x00145b40 COMP
0x00145b80 COMP
0x00145bc0 COMP
READRES
0x00146000 G_ACT0
0x08146000 G_ACT1
0x00146000 COMP
0x00146040 COMP
0x00146080 COMP
0x001460c0 COMP
0x00146100 COMP
0x00146140 COMP
0x00146180 COMP
0x001461c0 COMP
0x00146200 COMP
0x00146240 COMP
0x00146280 COMP
0x001462c0 COMP
0x00146300 COMP
0x00146340 COMP
0x00146380 COMP
0x001463c0 COMP
READRES
0x00146800 G_ACT0
0x08146800 G_ACT1
0x00146800 COMP
0x00146840 COMP
0x00146880 COMP
0x001468c0 COMP
0x00146900 COMP
0x00146940 COMP
0x00146980 COMP
0x001469c0 COMP
0x00146a00 COMP
0x00146a40 COMP
0x00146a80 COMP
0x00146ac0 COMP
0x00146b00 COMP
0x00146b40 COMP
0x00146b80 COMP
0x00146bc0 COMP
READRES
0x00147000 G_ACT0
0x08147000 G_ACT1
0x00147000 COMP
0x00147040 COMP
0x00147080 COMP
0x001470c0 COMP
0x00147100 COMP
0x00147140 COMP
0x00147180 COMP
0x001471c0 COMP
0x00147200 COMP
0x00147240 COMP
0x00147280 COMP
0x001472c0 COMP
0x00147300 COMP
0x00147340 COMP
0x00147380 COMP
0x001473c0 COMP
READRES
0x00147800 G_ACT0
0x08147800 G_ACT1
0x00147800 COMP
0x00147840 COMP
0x00147880 COMP
0x001478c0 COMP
0x00147900 COMP
0x00147940 COMP
0x00147980 COMP
0x001479c0 COMP
0x00147a00 COMP
0x00147a40 COMP
0x00147a80 COMP
0x00147ac0 COMP
0x00147b00 COMP
0x00147b40 COMP
0x00147b80 COMP
0x00147bc0 COMP
READRES
0x00148000 G_ACT0
0x08148000 G_ACT1
0x00148000 COMP
0x00148040 COMP
0x00148080 COMP
0x001480c0 COMP
0x00148100 COMP
0x00148140 COMP
0x00148180 COMP
0x001481c0 COMP
0x00148200 COMP
0x00148240 COMP
0x00148280 COMP
0x001482c0 COMP
0x00148300 COMP
0x00148340 COMP
0x00148380 COMP
0x001483c0 COMP
READRES
0x00148800 G_ACT0
0x08148800 G_ACT1
0x00148800 COMP
0x00148840 COMP
0x00148880 COMP
0x001488c0 COMP
0x00148900 COMP
0x00148940 COMP
0x00148980 COMP
0x001489c0 COMP
0x00148a00 COMP
0x00148a40 COMP
0x00148a80 COMP
0x00148ac0 COMP
0x00148b00 COMP
0x00148b40 COMP
0x00148b80 COMP
0x00148bc0 COMP
READRES
0x00149000 G_ACT0
0x08149000 G_ACT1
0x00149000 COMP
0x00149040 COMP
0x00149080 COMP
0x001490c0 COMP
0x00149100 COMP
0x00149140 COMP
0x00149180 COMP
0x001491c0 COMP
0x00149200 COMP
0x00149240 COMP
0x00149280 COMP
0x001492c0 COMP
0x00149300 COMP
0x00149340 COMP
0x00149380 COMP
0x001493c0 COMP
READRES
0x00149800 G_ACT0
0x08149800 G_ACT1
0x00149800 COMP
0x00149840 COMP
0x00149880 COMP
0x001498c0 COMP
0x00149900 COMP
0x00149940 COMP
0x00149980 COMP
0x001499c0 COMP
0x00149a00 COMP
0x00149a40 COMP
0x00149a80 COMP
0x00149ac0 COMP
0x00149b00 COMP
0x00149b40 COMP
0x00149b80 COMP
0x00149bc0 COMP
READRES
0x0014a000 G_ACT0
0x0814a000 G_ACT1
0x0014a000 COMP
0x0014a040 COMP
0x0014a080 COMP
0x0014a0c0 COMP
0x0014a100 COMP
0x0014a140 COMP
0x0014a180 COMP
0x0014a1c0 COMP
0x0014a200 COMP
0x0014a240 COMP
0x0014a280 COMP
0x0014a2c0 COMP
0x0014a300 COMP
0x0014a340 COMP
0x0014a380 COMP
0x0014a3c0 COMP
READRES
0x0014a800 G_ACT0
0x0814a800 G_ACT1
0x0014a800 COMP
0x0014a840 COMP
0x0014a880 COMP
0x0014a8c0 COMP
0x0014a900 COMP
0x0014a940 COMP
0x0014a980 COMP
0x0014a9c0 COMP
0x0014aa00 COMP
0x0014aa40 COMP
0x0014aa80 COMP
0x0014aac0 COMP
0x0014ab00 COMP
0x0014ab40 COMP
0x0014ab80 COMP
0x0014abc0 COMP
READRES
0x0014b000 G_ACT0
0x0814b000 G_ACT1
0x0014b000 COMP
0x0014b040 COMP
0x0014b080 COMP
0x0014b0c0 COMP
0x0014b100 COMP
0x0014b140 COMP
0x0014b180 COMP
0x0014b1c0 COMP
0x0014b200 COMP
0x0014b240 COMP
0x0014b280 COMP
0x0014b2c0 COMP
0x0014b300 COMP
0x0014b340 COMP
0x0014b380 COMP
0x0014b3c0 COMP
READRES
0x0014b800 G_ACT0
0x0814b800 G_ACT1
0x0014b800 COMP
0x0014b840 COMP
0x0014b880 COMP
0x0014b8c0 COMP
0x0014b900 COMP
0x0014b940 COMP
0x0014b980 COMP
0x0014b9c0 COMP
0x0014ba00 COMP
0x0014ba40 COMP
0x0014ba80 COMP
0x0014bac0 COMP
0x0014bb00 COMP
0x0014bb40 COMP
0x0014bb80 COMP
0x0014bbc0 COMP
READRES
0x0014c000 G_ACT0
0x0814c000 G_ACT1
0x0014c000 COMP
0x0014c040 COMP
0x0014c080 COMP
0x0014c0c0 COMP
0x0014c100 COMP
0x0014c140 COMP
0x0014c180 COMP
0x0014c1c0 COMP
0x0014c200 COMP
0x0014c240 COMP
0x0014c280 COMP
0x0014c2c0 COMP
0x0014c300 COMP
0x0014c340 COMP
0x0014c380 COMP
0x0014c3c0 COMP
READRES
0x0014c800 G_ACT0
0x0814c800 G_ACT1
0x0014c800 COMP
0x0014c840 COMP
0x0014c880 COMP
0x0014c8c0 COMP
0x0014c900 COMP
0x0014c940 COMP
0x0014c980 COMP
0x0014c9c0 COMP
0x0014ca00 COMP
0x0014ca40 COMP
0x0014ca80 COMP
0x0014cac0 COMP
0x0014cb00 COMP
0x0014cb40 COMP
0x0014cb80 COMP
0x0014cbc0 COMP
READRES
0x0014d000 G_ACT0
0x0814d000 G_ACT1
0x0014d000 COMP
0x0014d040 COMP
0x0014d080 COMP
0x0014d0c0 COMP
0x0014d100 COMP
0x0014d140 COMP
0x0014d180 COMP
0x0014d1c0 COMP
0x0014d200 COMP
0x0014d240 COMP
0x0014d280 COMP
0x0014d2c0 COMP
0x0014d300 COMP
0x0014d340 COMP
0x0014d380 COMP
0x0014d3c0 COMP
READRES
0x0014d800 G_ACT0
0x0814d800 G_ACT1
0x0014d800 COMP
0x0014d840 COMP
0x0014d880 COMP
0x0014d8c0 COMP
0x0014d900 COMP
0x0014d940 COMP
0x0014d980 COMP
0x0014d9c0 COMP
0x0014da00 COMP
0x0014da40 COMP
0x0014da80 COMP
0x0014dac0 COMP
0x0014db00 COMP
0x0014db40 COMP
0x0014db80 COMP
0x0014dbc0 COMP
READRES
0x0014e000 G_ACT0
0x0814e000 G_ACT1
0x0014e000 COMP
0x0014e040 COMP
0x0014e080 COMP
0x0014e0c0 COMP
0x0014e100 COMP
0x0014e140 COMP
0x0014e180 COMP
0x0014e1c0 COMP
0x0014e200 COMP
0x0014e240 COMP
0x0014e280 COMP
0x0014e2c0 COMP
0x0014e300 COMP
0x0014e340 COMP
0x0014e380 COMP
0x0014e3c0 COMP
READRES
0x0014e800 G_ACT0
0x0814e800 G_ACT1
0x0014e800 COMP
0x0014e840 COMP
0x0014e880 COMP
0x0014e8c0 COMP
0x0014e900 COMP
0x0014e940 COMP
0x0014e980 COMP
0x0014e9c0 COMP
0x0014ea00 COMP
0x0014ea40 COMP
0x0014ea80 COMP
0x0014eac0 COMP
0x0014eb00 COMP
0x0014eb40 COMP
0x0014eb80 COMP
0x0014ebc0 COMP
READRES
0x0014f000 G_ACT0
0x0814f000 G_ACT1
0x0014f000 COMP
0x0014f040 COMP
0x0014f080 COMP
0x0014f0c0 COMP
0x0014f100 COMP
0x0014f140 COMP
0x0014f180 COMP
0x0014f1c0 COMP
0x0014f200 COMP
0x0014f240 COMP
0x0014f280 COMP
0x0014f2c0 COMP
0x0014f300 COMP
0x0014f340 COMP
0x0014f380 COMP
0x0014f3c0 COMP
READRES
0x0014f800 G_ACT0
0x0814f800 G_ACT1
0x0014f800 COMP
0x0014f840 COMP
0x0014f880 COMP
0x0014f8c0 COMP
0x0014f900 COMP
0x0014f940 COMP
0x0014f980 COMP
0x0014f9c0 COMP
0x0014fa00 COMP
0x0014fa40 COMP
0x0014fa80 COMP
0x0014fac0 COMP
0x0014fb00 COMP
0x0014fb40 COMP
0x0014fb80 COMP
0x0014fbc0 COMP
READRES
0x00150000 G_ACT0
0x08150000 G_ACT1
0x00150000 COMP
0x00150040 COMP
0x00150080 COMP
0x001500c0 COMP
0x00150100 COMP
0x00150140 COMP
0x00150180 COMP
0x001501c0 COMP
0x00150200 COMP
0x00150240 COMP
0x00150280 COMP
0x001502c0 COMP
0x00150300 COMP
0x00150340 COMP
0x00150380 COMP
0x001503c0 COMP
READRES
0x00150800 G_ACT0
0x08150800 G_ACT1
0x00150800 COMP
0x00150840 COMP
0x00150880 COMP
0x001508c0 COMP
0x00150900 COMP
0x00150940 COMP
0x00150980 COMP
0x001509c0 COMP
0x00150a00 COMP
0x00150a40 COMP
0x00150a80 COMP
0x00150ac0 COMP
0x00150b00 COMP
0x00150b40 COMP
0x00150b80 COMP
0x00150bc0 COMP
READRES
0x00151000 G_ACT0
0x08151000 G_ACT1
0x00151000 COMP
0x00151040 COMP
0x00151080 COMP
0x001510c0 COMP
0x00151100 COMP
0x00151140 COMP
0x00151180 COMP
0x001511c0 COMP
0x00151200 COMP
0x00151240 COMP
0x00151280 COMP
0x001512c0 COMP
0x00151300 COMP
0x00151340 COMP
0x00151380 COMP
0x001513c0 COMP
READRES
0x00151800 G_ACT0
0x08151800 G_ACT1
0x00151800 COMP
0x00151840 COMP
0x00151880 COMP
0x001518c0 COMP
0x00151900 COMP
0x00151940 COMP
0x00151980 COMP
0x001519c0 COMP
0x00151a00 COMP
0x00151a40 COMP
0x00151a80 COMP
0x00151ac0 COMP
0x00151b00 COMP
0x00151b40 COMP
0x00151b80 COMP
0x00151bc0 COMP
READRES
0x00152000 G_ACT0
0x08152000 G_ACT1
0x00152000 COMP
0x00152040 COMP
0x00152080 COMP
0x001520c0 COMP
0x00152100 COMP
0x00152140 COMP
0x00152180 COMP
0x001521c0 COMP
0x00152200 COMP
0x00152240 COMP
0x00152280 COMP
0x001522c0 COMP
0x00152300 COMP
0x00152340 COMP
0x00152380 COMP
0x001523c0 COMP
READRES
0x00152800 G_ACT0
0x08152800 G_ACT1
0x00152800 COMP
0x00152840 COMP
0x00152880 COMP
0x001528c0 COMP
0x00152900 COMP
0x00152940 COMP
0x00152980 COMP
0x001529c0 COMP
0x00152a00 COMP
0x00152a40 COMP
0x00152a80 COMP
0x00152ac0 COMP
0x00152b00 COMP
0x00152b40 COMP
0x00152b80 COMP
0x00152bc0 COMP
READRES
0x00153000 G_ACT0
0x08153000 G_ACT1
0x00153000 COMP
0x00153040 COMP
0x00153080 COMP
0x001530c0 COMP
0x00153100 COMP
0x00153140 COMP
0x00153180 COMP
0x001531c0 COMP
0x00153200 COMP
0x00153240 COMP
0x00153280 COMP
0x001532c0 COMP
0x00153300 COMP
0x00153340 COMP
0x00153380 COMP
0x001533c0 COMP
READRES
0x00153800 G_ACT0
0x08153800 G_ACT1
0x00153800 COMP
0x00153840 COMP
0x00153880 COMP
0x001538c0 COMP
0x00153900 COMP
0x00153940 COMP
0x00153980 COMP
0x001539c0 COMP
0x00153a00 COMP
0x00153a40 COMP
0x00153a80 COMP
0x00153ac0 COMP
0x00153b00 COMP
0x00153b40 COMP
0x00153b80 COMP
0x00153bc0 COMP
READRES
0x00154000 G_ACT0
0x08154000 G_ACT1
0x00154000 COMP
0x00154040 COMP
0x00154080 COMP
0x001540c0 COMP
0x00154100 COMP
0x00154140 COMP
0x00154180 COMP
0x001541c0 COMP
0x00154200 COMP
0x00154240 COMP
0x00154280 COMP
0x001542c0 COMP
0x00154300 COMP
0x00154340 COMP
0x00154380 COMP
0x001543c0 COMP
READRES
0x00154800 G_ACT0
0x08154800 G_ACT1
0x00154800 COMP
0x00154840 COMP
0x00154880 COMP
0x001548c0 COMP
0x00154900 COMP
0x00154940 COMP
0x00154980 COMP
0x001549c0 COMP
0x00154a00 COMP
0x00154a40 COMP
0x00154a80 COMP
0x00154ac0 COMP
0x00154b00 COMP
0x00154b40 COMP
0x00154b80 COMP
0x00154bc0 COMP
READRES
0x00155000 G_ACT0
0x08155000 G_ACT1
0x00155000 COMP
0x00155040 COMP
0x00155080 COMP
0x001550c0 COMP
0x00155100 COMP
0x00155140 COMP
0x00155180 COMP
0x001551c0 COMP
0x00155200 COMP
0x00155240 COMP
0x00155280 COMP
0x001552c0 COMP
0x00155300 COMP
0x00155340 COMP
0x00155380 COMP
0x001553c0 COMP
READRES
0x00155800 G_ACT0
0x08155800 G_ACT1
0x00155800 COMP
0x00155840 COMP
0x00155880 COMP
0x001558c0 COMP
0x00155900 COMP
0x00155940 COMP
0x00155980 COMP
0x001559c0 COMP
0x00155a00 COMP
0x00155a40 COMP
0x00155a80 COMP
0x00155ac0 COMP
0x00155b00 COMP
0x00155b40 COMP
0x00155b80 COMP
0x00155bc0 COMP
READRES
0x00156000 G_ACT0
0x08156000 G_ACT1
0x00156000 COMP
0x00156040 COMP
0x00156080 COMP
0x001560c0 COMP
0x00156100 COMP
0x00156140 COMP
0x00156180 COMP
0x001561c0 COMP
0x00156200 COMP
0x00156240 COMP
0x00156280 COMP
0x001562c0 COMP
0x00156300 COMP
0x00156340 COMP
0x00156380 COMP
0x001563c0 COMP
READRES
0x00156800 G_ACT0
0x08156800 G_ACT1
0x00156800 COMP
0x00156840 COMP
0x00156880 COMP
0x001568c0 COMP
0x00156900 COMP
0x00156940 COMP
0x00156980 COMP
0x001569c0 COMP
0x00156a00 COMP
0x00156a40 COMP
0x00156a80 COMP
0x00156ac0 COMP
0x00156b00 COMP
0x00156b40 COMP
0x00156b80 COMP
0x00156bc0 COMP
READRES
0x00157000 G_ACT0
0x08157000 G_ACT1
0x00157000 COMP
0x00157040 COMP
0x00157080 COMP
0x001570c0 COMP
0x00157100 COMP
0x00157140 COMP
0x00157180 COMP
0x001571c0 COMP
0x00157200 COMP
0x00157240 COMP
0x00157280 COMP
0x001572c0 COMP
0x00157300 COMP
0x00157340 COMP
0x00157380 COMP
0x001573c0 COMP
READRES
0x00157800 G_ACT0
0x08157800 G_ACT1
0x00157800 COMP
0x00157840 COMP
0x00157880 COMP
0x001578c0 COMP
0x00157900 COMP
0x00157940 COMP
0x00157980 COMP
0x001579c0 COMP
0x00157a00 COMP
0x00157a40 COMP
0x00157a80 COMP
0x00157ac0 COMP
0x00157b00 COMP
0x00157b40 COMP
0x00157b80 COMP
0x00157bc0 COMP
READRES
0x00158000 G_ACT0
0x08158000 G_ACT1
0x00158000 COMP
0x00158040 COMP
0x00158080 COMP
0x001580c0 COMP
0x00158100 COMP
0x00158140 COMP
0x00158180 COMP
0x001581c0 COMP
0x00158200 COMP
0x00158240 COMP
0x00158280 COMP
0x001582c0 COMP
0x00158300 COMP
0x00158340 COMP
0x00158380 COMP
0x001583c0 COMP
READRES
0x00158800 G_ACT0
0x08158800 G_ACT1
0x00158800 COMP
0x00158840 COMP
0x00158880 COMP
0x001588c0 COMP
0x00158900 COMP
0x00158940 COMP
0x00158980 COMP
0x001589c0 COMP
0x00158a00 COMP
0x00158a40 COMP
0x00158a80 COMP
0x00158ac0 COMP
0x00158b00 COMP
0x00158b40 COMP
0x00158b80 COMP
0x00158bc0 COMP
READRES
0x00159000 G_ACT0
0x08159000 G_ACT1
0x00159000 COMP
0x00159040 COMP
0x00159080 COMP
0x001590c0 COMP
0x00159100 COMP
0x00159140 COMP
0x00159180 COMP
0x001591c0 COMP
0x00159200 COMP
0x00159240 COMP
0x00159280 COMP
0x001592c0 COMP
0x00159300 COMP
0x00159340 COMP
0x00159380 COMP
0x001593c0 COMP
READRES
0x00159800 G_ACT0
0x08159800 G_ACT1
0x00159800 COMP
0x00159840 COMP
0x00159880 COMP
0x001598c0 COMP
0x00159900 COMP
0x00159940 COMP
0x00159980 COMP
0x001599c0 COMP
0x00159a00 COMP
0x00159a40 COMP
0x00159a80 COMP
0x00159ac0 COMP
0x00159b00 COMP
0x00159b40 COMP
0x00159b80 COMP
0x00159bc0 COMP
READRES
0x0015a000 G_ACT0
0x0815a000 G_ACT1
0x0015a000 COMP
0x0015a040 COMP
0x0015a080 COMP
0x0015a0c0 COMP
0x0015a100 COMP
0x0015a140 COMP
0x0015a180 COMP
0x0015a1c0 COMP
0x0015a200 COMP
0x0015a240 COMP
0x0015a280 COMP
0x0015a2c0 COMP
0x0015a300 COMP
0x0015a340 COMP
0x0015a380 COMP
0x0015a3c0 COMP
READRES
0x0015a800 G_ACT0
0x0815a800 G_ACT1
0x0015a800 COMP
0x0015a840 COMP
0x0015a880 COMP
0x0015a8c0 COMP
0x0015a900 COMP
0x0015a940 COMP
0x0015a980 COMP
0x0015a9c0 COMP
0x0015aa00 COMP
0x0015aa40 COMP
0x0015aa80 COMP
0x0015aac0 COMP
0x0015ab00 COMP
0x0015ab40 COMP
0x0015ab80 COMP
0x0015abc0 COMP
READRES
0x0015b000 G_ACT0
0x0815b000 G_ACT1
0x0015b000 COMP
0x0015b040 COMP
0x0015b080 COMP
0x0015b0c0 COMP
0x0015b100 COMP
0x0015b140 COMP
0x0015b180 COMP
0x0015b1c0 COMP
0x0015b200 COMP
0x0015b240 COMP
0x0015b280 COMP
0x0015b2c0 COMP
0x0015b300 COMP
0x0015b340 COMP
0x0015b380 COMP
0x0015b3c0 COMP
READRES
0x0015b800 G_ACT0
0x0815b800 G_ACT1
0x0015b800 COMP
0x0015b840 COMP
0x0015b880 COMP
0x0015b8c0 COMP
0x0015b900 COMP
0x0015b940 COMP
0x0015b980 COMP
0x0015b9c0 COMP
0x0015ba00 COMP
0x0015ba40 COMP
0x0015ba80 COMP
0x0015bac0 COMP
0x0015bb00 COMP
0x0015bb40 COMP
0x0015bb80 COMP
0x0015bbc0 COMP
READRES
0x0015c000 G_ACT0
0x0815c000 G_ACT1
0x0015c000 COMP
0x0015c040 COMP
0x0015c080 COMP
0x0015c0c0 COMP
0x0015c100 COMP
0x0015c140 COMP
0x0015c180 COMP
0x0015c1c0 COMP
0x0015c200 COMP
0x0015c240 COMP
0x0015c280 COMP
0x0015c2c0 COMP
0x0015c300 COMP
0x0015c340 COMP
0x0015c380 COMP
0x0015c3c0 COMP
READRES
0x0015c800 G_ACT0
0x0815c800 G_ACT1
0x0015c800 COMP
0x0015c840 COMP
0x0015c880 COMP
0x0015c8c0 COMP
0x0015c900 COMP
0x0015c940 COMP
0x0015c980 COMP
0x0015c9c0 COMP
0x0015ca00 COMP
0x0015ca40 COMP
0x0015ca80 COMP
0x0015cac0 COMP
0x0015cb00 COMP
0x0015cb40 COMP
0x0015cb80 COMP
0x0015cbc0 COMP
READRES
0x0015d000 G_ACT0
0x0815d000 G_ACT1
0x0015d000 COMP
0x0015d040 COMP
0x0015d080 COMP
0x0015d0c0 COMP
0x0015d100 COMP
0x0015d140 COMP
0x0015d180 COMP
0x0015d1c0 COMP
0x0015d200 COMP
0x0015d240 COMP
0x0015d280 COMP
0x0015d2c0 COMP
0x0015d300 COMP
0x0015d340 COMP
0x0015d380 COMP
0x0015d3c0 COMP
READRES
0x0015d800 G_ACT0
0x0815d800 G_ACT1
0x0015d800 COMP
0x0015d840 COMP
0x0015d880 COMP
0x0015d8c0 COMP
0x0015d900 COMP
0x0015d940 COMP
0x0015d980 COMP
0x0015d9c0 COMP
0x0015da00 COMP
0x0015da40 COMP
0x0015da80 COMP
0x0015dac0 COMP
0x0015db00 COMP
0x0015db40 COMP
0x0015db80 COMP
0x0015dbc0 COMP
READRES
0x0015e000 G_ACT0
0x0815e000 G_ACT1
0x0015e000 COMP
0x0015e040 COMP
0x0015e080 COMP
0x0015e0c0 COMP
0x0015e100 COMP
0x0015e140 COMP
0x0015e180 COMP
0x0015e1c0 COMP
0x0015e200 COMP
0x0015e240 COMP
0x0015e280 COMP
0x0015e2c0 COMP
0x0015e300 COMP
0x0015e340 COMP
0x0015e380 COMP
0x0015e3c0 COMP
READRES
0x0015e800 G_ACT0
0x0815e800 G_ACT1
0x0015e800 COMP
0x0015e840 COMP
0x0015e880 COMP
0x0015e8c0 COMP
0x0015e900 COMP
0x0015e940 COMP
0x0015e980 COMP
0x0015e9c0 COMP
0x0015ea00 COMP
0x0015ea40 COMP
0x0015ea80 COMP
0x0015eac0 COMP
0x0015eb00 COMP
0x0015eb40 COMP
0x0015eb80 COMP
0x0015ebc0 COMP
READRES
0x0015f000 G_ACT0
0x0815f000 G_ACT1
0x0015f000 COMP
0x0015f040 COMP
0x0015f080 COMP
0x0015f0c0 COMP
0x0015f100 COMP
0x0015f140 COMP
0x0015f180 COMP
0x0015f1c0 COMP
0x0015f200 COMP
0x0015f240 COMP
0x0015f280 COMP
0x0015f2c0 COMP
0x0015f300 COMP
0x0015f340 COMP
0x0015f380 COMP
0x0015f3c0 COMP
READRES
0x0015f800 G_ACT0
0x0815f800 G_ACT1
0x0015f800 COMP
0x0015f840 COMP
0x0015f880 COMP
0x0015f8c0 COMP
0x0015f900 COMP
0x0015f940 COMP
0x0015f980 COMP
0x0015f9c0 COMP
0x0015fa00 COMP
0x0015fa40 COMP
0x0015fa80 COMP
0x0015fac0 COMP
0x0015fb00 COMP
0x0015fb40 COMP
0x0015fb80 COMP
0x0015fbc0 COMP
READRES
0x00160000 G_ACT0
0x08160000 G_ACT1
0x00160000 COMP
0x00160040 COMP
0x00160080 COMP
0x001600c0 COMP
0x00160100 COMP
0x00160140 COMP
0x00160180 COMP
0x001601c0 COMP
0x00160200 COMP
0x00160240 COMP
0x00160280 COMP
0x001602c0 COMP
0x00160300 COMP
0x00160340 COMP
0x00160380 COMP
0x001603c0 COMP
READRES
0x00160800 G_ACT0
0x08160800 G_ACT1
0x00160800 COMP
0x00160840 COMP
0x00160880 COMP
0x001608c0 COMP
0x00160900 COMP
0x00160940 COMP
0x00160980 COMP
0x001609c0 COMP
0x00160a00 COMP
0x00160a40 COMP
0x00160a80 COMP
0x00160ac0 COMP
0x00160b00 COMP
0x00160b40 COMP
0x00160b80 COMP
0x00160bc0 COMP
READRES
0x00161000 G_ACT0
0x08161000 G_ACT1
0x00161000 COMP
0x00161040 COMP
0x00161080 COMP
0x001610c0 COMP
0x00161100 COMP
0x00161140 COMP
0x00161180 COMP
0x001611c0 COMP
0x00161200 COMP
0x00161240 COMP
0x00161280 COMP
0x001612c0 COMP
0x00161300 COMP
0x00161340 COMP
0x00161380 COMP
0x001613c0 COMP
READRES
0x00161800 G_ACT0
0x08161800 G_ACT1
0x00161800 COMP
0x00161840 COMP
0x00161880 COMP
0x001618c0 COMP
0x00161900 COMP
0x00161940 COMP
0x00161980 COMP
0x001619c0 COMP
0x00161a00 COMP
0x00161a40 COMP
0x00161a80 COMP
0x00161ac0 COMP
0x00161b00 COMP
0x00161b40 COMP
0x00161b80 COMP
0x00161bc0 COMP
READRES
0x00162000 G_ACT0
0x08162000 G_ACT1
0x00162000 COMP
0x00162040 COMP
0x00162080 COMP
0x001620c0 COMP
0x00162100 COMP
0x00162140 COMP
0x00162180 COMP
0x001621c0 COMP
0x00162200 COMP
0x00162240 COMP
0x00162280 COMP
0x001622c0 COMP
0x00162300 COMP
0x00162340 COMP
0x00162380 COMP
0x001623c0 COMP
READRES
0x00162800 G_ACT0
0x08162800 G_ACT1
0x00162800 COMP
0x00162840 COMP
0x00162880 COMP
0x001628c0 COMP
0x00162900 COMP
0x00162940 COMP
0x00162980 COMP
0x001629c0 COMP
0x00162a00 COMP
0x00162a40 COMP
0x00162a80 COMP
0x00162ac0 COMP
0x00162b00 COMP
0x00162b40 COMP
0x00162b80 COMP
0x00162bc0 COMP
READRES
0x00163000 G_ACT0
0x08163000 G_ACT1
0x00163000 COMP
0x00163040 COMP
0x00163080 COMP
0x001630c0 COMP
0x00163100 COMP
0x00163140 COMP
0x00163180 COMP
0x001631c0 COMP
0x00163200 COMP
0x00163240 COMP
0x00163280 COMP
0x001632c0 COMP
0x00163300 COMP
0x00163340 COMP
0x00163380 COMP
0x001633c0 COMP
READRES
0x00163800 G_ACT0
0x08163800 G_ACT1
0x00163800 COMP
0x00163840 COMP
0x00163880 COMP
0x001638c0 COMP
0x00163900 COMP
0x00163940 COMP
0x00163980 COMP
0x001639c0 COMP
0x00163a00 COMP
0x00163a40 COMP
0x00163a80 COMP
0x00163ac0 COMP
0x00163b00 COMP
0x00163b40 COMP
0x00163b80 COMP
0x00163bc0 COMP
READRES
0x00164000 G_ACT0
0x08164000 G_ACT1
0x00164000 COMP
0x00164040 COMP
0x00164080 COMP
0x001640c0 COMP
0x00164100 COMP
0x00164140 COMP
0x00164180 COMP
0x001641c0 COMP
0x00164200 COMP
0x00164240 COMP
0x00164280 COMP
0x001642c0 COMP
0x00164300 COMP
0x00164340 COMP
0x00164380 COMP
0x001643c0 COMP
READRES
0x00164800 G_ACT0
0x08164800 G_ACT1
0x00164800 COMP
0x00164840 COMP
0x00164880 COMP
0x001648c0 COMP
0x00164900 COMP
0x00164940 COMP
0x00164980 COMP
0x001649c0 COMP
0x00164a00 COMP
0x00164a40 COMP
0x00164a80 COMP
0x00164ac0 COMP
0x00164b00 COMP
0x00164b40 COMP
0x00164b80 COMP
0x00164bc0 COMP
READRES
0x00165000 G_ACT0
0x08165000 G_ACT1
0x00165000 COMP
0x00165040 COMP
0x00165080 COMP
0x001650c0 COMP
0x00165100 COMP
0x00165140 COMP
0x00165180 COMP
0x001651c0 COMP
0x00165200 COMP
0x00165240 COMP
0x00165280 COMP
0x001652c0 COMP
0x00165300 COMP
0x00165340 COMP
0x00165380 COMP
0x001653c0 COMP
READRES
0x00165800 G_ACT0
0x08165800 G_ACT1
0x00165800 COMP
0x00165840 COMP
0x00165880 COMP
0x001658c0 COMP
0x00165900 COMP
0x00165940 COMP
0x00165980 COMP
0x001659c0 COMP
0x00165a00 COMP
0x00165a40 COMP
0x00165a80 COMP
0x00165ac0 COMP
0x00165b00 COMP
0x00165b40 COMP
0x00165b80 COMP
0x00165bc0 COMP
READRES
0x00166000 G_ACT0
0x08166000 G_ACT1
0x00166000 COMP
0x00166040 COMP
0x00166080 COMP
0x001660c0 COMP
0x00166100 COMP
0x00166140 COMP
0x00166180 COMP
0x001661c0 COMP
0x00166200 COMP
0x00166240 COMP
0x00166280 COMP
0x001662c0 COMP
0x00166300 COMP
0x00166340 COMP
0x00166380 COMP
0x001663c0 COMP
READRES
0x00166800 G_ACT0
0x08166800 G_ACT1
0x00166800 COMP
0x00166840 COMP
0x00166880 COMP
0x001668c0 COMP
0x00166900 COMP
0x00166940 COMP
0x00166980 COMP
0x001669c0 COMP
0x00166a00 COMP
0x00166a40 COMP
0x00166a80 COMP
0x00166ac0 COMP
0x00166b00 COMP
0x00166b40 COMP
0x00166b80 COMP
0x00166bc0 COMP
READRES
0x00167000 G_ACT0
0x08167000 G_ACT1
0x00167000 COMP
0x00167040 COMP
0x00167080 COMP
0x001670c0 COMP
0x00167100 COMP
0x00167140 COMP
0x00167180 COMP
0x001671c0 COMP
0x00167200 COMP
0x00167240 COMP
0x00167280 COMP
0x001672c0 COMP
0x00167300 COMP
0x00167340 COMP
0x00167380 COMP
0x001673c0 COMP
READRES
0x00167800 G_ACT0
0x08167800 G_ACT1
0x00167800 COMP
0x00167840 COMP
0x00167880 COMP
0x001678c0 COMP
0x00167900 COMP
0x00167940 COMP
0x00167980 COMP
0x001679c0 COMP
0x00167a00 COMP
0x00167a40 COMP
0x00167a80 COMP
0x00167ac0 COMP
0x00167b00 COMP
0x00167b40 COMP
0x00167b80 COMP
0x00167bc0 COMP
READRES
0x00168000 G_ACT0
0x08168000 G_ACT1
0x00168000 COMP
0x00168040 COMP
0x00168080 COMP
0x001680c0 COMP
0x00168100 COMP
0x00168140 COMP
0x00168180 COMP
0x001681c0 COMP
0x00168200 COMP
0x00168240 COMP
0x00168280 COMP
0x001682c0 COMP
0x00168300 COMP
0x00168340 COMP
0x00168380 COMP
0x001683c0 COMP
READRES
0x00168800 G_ACT0
0x08168800 G_ACT1
0x00168800 COMP
0x00168840 COMP
0x00168880 COMP
0x001688c0 COMP
0x00168900 COMP
0x00168940 COMP
0x00168980 COMP
0x001689c0 COMP
0x00168a00 COMP
0x00168a40 COMP
0x00168a80 COMP
0x00168ac0 COMP
0x00168b00 COMP
0x00168b40 COMP
0x00168b80 COMP
0x00168bc0 COMP
READRES
0x00169000 G_ACT0
0x08169000 G_ACT1
0x00169000 COMP
0x00169040 COMP
0x00169080 COMP
0x001690c0 COMP
0x00169100 COMP
0x00169140 COMP
0x00169180 COMP
0x001691c0 COMP
0x00169200 COMP
0x00169240 COMP
0x00169280 COMP
0x001692c0 COMP
0x00169300 COMP
0x00169340 COMP
0x00169380 COMP
0x001693c0 COMP
READRES
0x00169800 G_ACT0
0x08169800 G_ACT1
0x00169800 COMP
0x00169840 COMP
0x00169880 COMP
0x001698c0 COMP
0x00169900 COMP
0x00169940 COMP
0x00169980 COMP
0x001699c0 COMP
0x00169a00 COMP
0x00169a40 COMP
0x00169a80 COMP
0x00169ac0 COMP
0x00169b00 COMP
0x00169b40 COMP
0x00169b80 COMP
0x00169bc0 COMP
READRES
0x0016a000 G_ACT0
0x0816a000 G_ACT1
0x0016a000 COMP
0x0016a040 COMP
0x0016a080 COMP
0x0016a0c0 COMP
0x0016a100 COMP
0x0016a140 COMP
0x0016a180 COMP
0x0016a1c0 COMP
0x0016a200 COMP
0x0016a240 COMP
0x0016a280 COMP
0x0016a2c0 COMP
0x0016a300 COMP
0x0016a340 COMP
0x0016a380 COMP
0x0016a3c0 COMP
READRES
0x0016a800 G_ACT0
0x0816a800 G_ACT1
0x0016a800 COMP
0x0016a840 COMP
0x0016a880 COMP
0x0016a8c0 COMP
0x0016a900 COMP
0x0016a940 COMP
0x0016a980 COMP
0x0016a9c0 COMP
0x0016aa00 COMP
0x0016aa40 COMP
0x0016aa80 COMP
0x0016aac0 COMP
0x0016ab00 COMP
0x0016ab40 COMP
0x0016ab80 COMP
0x0016abc0 COMP
READRES
0x0016b000 G_ACT0
0x0816b000 G_ACT1
0x0016b000 COMP
0x0016b040 COMP
0x0016b080 COMP
0x0016b0c0 COMP
0x0016b100 COMP
0x0016b140 COMP
0x0016b180 COMP
0x0016b1c0 COMP
0x0016b200 COMP
0x0016b240 COMP
0x0016b280 COMP
0x0016b2c0 COMP
0x0016b300 COMP
0x0016b340 COMP
0x0016b380 COMP
0x0016b3c0 COMP
READRES
0x0016b800 G_ACT0
0x0816b800 G_ACT1
0x0016b800 COMP
0x0016b840 COMP
0x0016b880 COMP
0x0016b8c0 COMP
0x0016b900 COMP
0x0016b940 COMP
0x0016b980 COMP
0x0016b9c0 COMP
0x0016ba00 COMP
0x0016ba40 COMP
0x0016ba80 COMP
0x0016bac0 COMP
0x0016bb00 COMP
0x0016bb40 COMP
0x0016bb80 COMP
0x0016bbc0 COMP
READRES
0x0016c000 G_ACT0
0x0816c000 G_ACT1
0x0016c000 COMP
0x0016c040 COMP
0x0016c080 COMP
0x0016c0c0 COMP
0x0016c100 COMP
0x0016c140 COMP
0x0016c180 COMP
0x0016c1c0 COMP
0x0016c200 COMP
0x0016c240 COMP
0x0016c280 COMP
0x0016c2c0 COMP
0x0016c300 COMP
0x0016c340 COMP
0x0016c380 COMP
0x0016c3c0 COMP
READRES
0x0016c800 G_ACT0
0x0816c800 G_ACT1
0x0016c800 COMP
0x0016c840 COMP
0x0016c880 COMP
0x0016c8c0 COMP
0x0016c900 COMP
0x0016c940 COMP
0x0016c980 COMP
0x0016c9c0 COMP
0x0016ca00 COMP
0x0016ca40 COMP
0x0016ca80 COMP
0x0016cac0 COMP
0x0016cb00 COMP
0x0016cb40 COMP
0x0016cb80 COMP
0x0016cbc0 COMP
READRES
0x0016d000 G_ACT0
0x0816d000 G_ACT1
0x0016d000 COMP
0x0016d040 COMP
0x0016d080 COMP
0x0016d0c0 COMP
0x0016d100 COMP
0x0016d140 COMP
0x0016d180 COMP
0x0016d1c0 COMP
0x0016d200 COMP
0x0016d240 COMP
0x0016d280 COMP
0x0016d2c0 COMP
0x0016d300 COMP
0x0016d340 COMP
0x0016d380 COMP
0x0016d3c0 COMP
READRES
0x0016d800 G_ACT0
0x0816d800 G_ACT1
0x0016d800 COMP
0x0016d840 COMP
0x0016d880 COMP
0x0016d8c0 COMP
0x0016d900 COMP
0x0016d940 COMP
0x0016d980 COMP
0x0016d9c0 COMP
0x0016da00 COMP
0x0016da40 COMP
0x0016da80 COMP
0x0016dac0 COMP
0x0016db00 COMP
0x0016db40 COMP
0x0016db80 COMP
0x0016dbc0 COMP
READRES
0x0016e000 G_ACT0
0x0816e000 G_ACT1
0x0016e000 COMP
0x0016e040 COMP
0x0016e080 COMP
0x0016e0c0 COMP
0x0016e100 COMP
0x0016e140 COMP
0x0016e180 COMP
0x0016e1c0 COMP
0x0016e200 COMP
0x0016e240 COMP
0x0016e280 COMP
0x0016e2c0 COMP
0x0016e300 COMP
0x0016e340 COMP
0x0016e380 COMP
0x0016e3c0 COMP
READRES
0x0016e800 G_ACT0
0x0816e800 G_ACT1
0x0016e800 COMP
0x0016e840 COMP
0x0016e880 COMP
0x0016e8c0 COMP
0x0016e900 COMP
0x0016e940 COMP
0x0016e980 COMP
0x0016e9c0 COMP
0x0016ea00 COMP
0x0016ea40 COMP
0x0016ea80 COMP
0x0016eac0 COMP
0x0016eb00 COMP
0x0016eb40 COMP
0x0016eb80 COMP
0x0016ebc0 COMP
READRES
0x0016f000 G_ACT0
0x0816f000 G_ACT1
0x0016f000 COMP
0x0016f040 COMP
0x0016f080 COMP
0x0016f0c0 COMP
0x0016f100 COMP
0x0016f140 COMP
0x0016f180 COMP
0x0016f1c0 COMP
0x0016f200 COMP
0x0016f240 COMP
0x0016f280 COMP
0x0016f2c0 COMP
0x0016f300 COMP
0x0016f340 COMP
0x0016f380 COMP
0x0016f3c0 COMP
READRES
0x0016f800 G_ACT0
0x0816f800 G_ACT1
0x0016f800 COMP
0x0016f840 COMP
0x0016f880 COMP
0x0016f8c0 COMP
0x0016f900 COMP
0x0016f940 COMP
0x0016f980 COMP
0x0016f9c0 COMP
0x0016fa00 COMP
0x0016fa40 COMP
0x0016fa80 COMP
0x0016fac0 COMP
0x0016fb00 COMP
0x0016fb40 COMP
0x0016fb80 COMP
0x0016fbc0 COMP
READRES
0x00170000 G_ACT0
0x08170000 G_ACT1
0x00170000 COMP
0x00170040 COMP
0x00170080 COMP
0x001700c0 COMP
0x00170100 COMP
0x00170140 COMP
0x00170180 COMP
0x001701c0 COMP
0x00170200 COMP
0x00170240 COMP
0x00170280 COMP
0x001702c0 COMP
0x00170300 COMP
0x00170340 COMP
0x00170380 COMP
0x001703c0 COMP
READRES
0x00170800 G_ACT0
0x08170800 G_ACT1
0x00170800 COMP
0x00170840 COMP
0x00170880 COMP
0x001708c0 COMP
0x00170900 COMP
0x00170940 COMP
0x00170980 COMP
0x001709c0 COMP
0x00170a00 COMP
0x00170a40 COMP
0x00170a80 COMP
0x00170ac0 COMP
0x00170b00 COMP
0x00170b40 COMP
0x00170b80 COMP
0x00170bc0 COMP
READRES
0x00171000 G_ACT0
0x08171000 G_ACT1
0x00171000 COMP
0x00171040 COMP
0x00171080 COMP
0x001710c0 COMP
0x00171100 COMP
0x00171140 COMP
0x00171180 COMP
0x001711c0 COMP
0x00171200 COMP
0x00171240 COMP
0x00171280 COMP
0x001712c0 COMP
0x00171300 COMP
0x00171340 COMP
0x00171380 COMP
0x001713c0 COMP
READRES
0x00171800 G_ACT0
0x08171800 G_ACT1
0x00171800 COMP
0x00171840 COMP
0x00171880 COMP
0x001718c0 COMP
0x00171900 COMP
0x00171940 COMP
0x00171980 COMP
0x001719c0 COMP
0x00171a00 COMP
0x00171a40 COMP
0x00171a80 COMP
0x00171ac0 COMP
0x00171b00 COMP
0x00171b40 COMP
0x00171b80 COMP
0x00171bc0 COMP
READRES
0x00172000 G_ACT0
0x08172000 G_ACT1
0x00172000 COMP
0x00172040 COMP
0x00172080 COMP
0x001720c0 COMP
0x00172100 COMP
0x00172140 COMP
0x00172180 COMP
0x001721c0 COMP
0x00172200 COMP
0x00172240 COMP
0x00172280 COMP
0x001722c0 COMP
0x00172300 COMP
0x00172340 COMP
0x00172380 COMP
0x001723c0 COMP
READRES
0x00172800 G_ACT0
0x08172800 G_ACT1
0x00172800 COMP
0x00172840 COMP
0x00172880 COMP
0x001728c0 COMP
0x00172900 COMP
0x00172940 COMP
0x00172980 COMP
0x001729c0 COMP
0x00172a00 COMP
0x00172a40 COMP
0x00172a80 COMP
0x00172ac0 COMP
0x00172b00 COMP
0x00172b40 COMP
0x00172b80 COMP
0x00172bc0 COMP
READRES
0x00173000 G_ACT0
0x08173000 G_ACT1
0x00173000 COMP
0x00173040 COMP
0x00173080 COMP
0x001730c0 COMP
0x00173100 COMP
0x00173140 COMP
0x00173180 COMP
0x001731c0 COMP
0x00173200 COMP
0x00173240 COMP
0x00173280 COMP
0x001732c0 COMP
0x00173300 COMP
0x00173340 COMP
0x00173380 COMP
0x001733c0 COMP
READRES
0x00173800 G_ACT0
0x08173800 G_ACT1
0x00173800 COMP
0x00173840 COMP
0x00173880 COMP
0x001738c0 COMP
0x00173900 COMP
0x00173940 COMP
0x00173980 COMP
0x001739c0 COMP
0x00173a00 COMP
0x00173a40 COMP
0x00173a80 COMP
0x00173ac0 COMP
0x00173b00 COMP
0x00173b40 COMP
0x00173b80 COMP
0x00173bc0 COMP
READRES
0x00174000 G_ACT0
0x08174000 G_ACT1
0x00174000 COMP
0x00174040 COMP
0x00174080 COMP
0x001740c0 COMP
0x00174100 COMP
0x00174140 COMP
0x00174180 COMP
0x001741c0 COMP
0x00174200 COMP
0x00174240 COMP
0x00174280 COMP
0x001742c0 COMP
0x00174300 COMP
0x00174340 COMP
0x00174380 COMP
0x001743c0 COMP
READRES
0x00174800 G_ACT0
0x08174800 G_ACT1
0x00174800 COMP
0x00174840 COMP
0x00174880 COMP
0x001748c0 COMP
0x00174900 COMP
0x00174940 COMP
0x00174980 COMP
0x001749c0 COMP
0x00174a00 COMP
0x00174a40 COMP
0x00174a80 COMP
0x00174ac0 COMP
0x00174b00 COMP
0x00174b40 COMP
0x00174b80 COMP
0x00174bc0 COMP
READRES
0x00175000 G_ACT0
0x08175000 G_ACT1
0x00175000 COMP
0x00175040 COMP
0x00175080 COMP
0x001750c0 COMP
0x00175100 COMP
0x00175140 COMP
0x00175180 COMP
0x001751c0 COMP
0x00175200 COMP
0x00175240 COMP
0x00175280 COMP
0x001752c0 COMP
0x00175300 COMP
0x00175340 COMP
0x00175380 COMP
0x001753c0 COMP
READRES
0x00175800 G_ACT0
0x08175800 G_ACT1
0x00175800 COMP
0x00175840 COMP
0x00175880 COMP
0x001758c0 COMP
0x00175900 COMP
0x00175940 COMP
0x00175980 COMP
0x001759c0 COMP
0x00175a00 COMP
0x00175a40 COMP
0x00175a80 COMP
0x00175ac0 COMP
0x00175b00 COMP
0x00175b40 COMP
0x00175b80 COMP
0x00175bc0 COMP
READRES
0x00176000 G_ACT0
0x08176000 G_ACT1
0x00176000 COMP
0x00176040 COMP
0x00176080 COMP
0x001760c0 COMP
0x00176100 COMP
0x00176140 COMP
0x00176180 COMP
0x001761c0 COMP
0x00176200 COMP
0x00176240 COMP
0x00176280 COMP
0x001762c0 COMP
0x00176300 COMP
0x00176340 COMP
0x00176380 COMP
0x001763c0 COMP
READRES
0x00176800 G_ACT0
0x08176800 G_ACT1
0x00176800 COMP
0x00176840 COMP
0x00176880 COMP
0x001768c0 COMP
0x00176900 COMP
0x00176940 COMP
0x00176980 COMP
0x001769c0 COMP
0x00176a00 COMP
0x00176a40 COMP
0x00176a80 COMP
0x00176ac0 COMP
0x00176b00 COMP
0x00176b40 COMP
0x00176b80 COMP
0x00176bc0 COMP
READRES
0x00177000 G_ACT0
0x08177000 G_ACT1
0x00177000 COMP
0x00177040 COMP
0x00177080 COMP
0x001770c0 COMP
0x00177100 COMP
0x00177140 COMP
0x00177180 COMP
0x001771c0 COMP
0x00177200 COMP
0x00177240 COMP
0x00177280 COMP
0x001772c0 COMP
0x00177300 COMP
0x00177340 COMP
0x00177380 COMP
0x001773c0 COMP
READRES
0x00177800 G_ACT0
0x08177800 G_ACT1
0x00177800 COMP
0x00177840 COMP
0x00177880 COMP
0x001778c0 COMP
0x00177900 COMP
0x00177940 COMP
0x00177980 COMP
0x001779c0 COMP
0x00177a00 COMP
0x00177a40 COMP
0x00177a80 COMP
0x00177ac0 COMP
0x00177b00 COMP
0x00177b40 COMP
0x00177b80 COMP
0x00177bc0 COMP
READRES
0x00178000 G_ACT0
0x08178000 G_ACT1
0x00178000 COMP
0x00178040 COMP
0x00178080 COMP
0x001780c0 COMP
0x00178100 COMP
0x00178140 COMP
0x00178180 COMP
0x001781c0 COMP
0x00178200 COMP
0x00178240 COMP
0x00178280 COMP
0x001782c0 COMP
0x00178300 COMP
0x00178340 COMP
0x00178380 COMP
0x001783c0 COMP
READRES
0x00178800 G_ACT0
0x08178800 G_ACT1
0x00178800 COMP
0x00178840 COMP
0x00178880 COMP
0x001788c0 COMP
0x00178900 COMP
0x00178940 COMP
0x00178980 COMP
0x001789c0 COMP
0x00178a00 COMP
0x00178a40 COMP
0x00178a80 COMP
0x00178ac0 COMP
0x00178b00 COMP
0x00178b40 COMP
0x00178b80 COMP
0x00178bc0 COMP
READRES
0x00179000 G_ACT0
0x08179000 G_ACT1
0x00179000 COMP
0x00179040 COMP
0x00179080 COMP
0x001790c0 COMP
0x00179100 COMP
0x00179140 COMP
0x00179180 COMP
0x001791c0 COMP
0x00179200 COMP
0x00179240 COMP
0x00179280 COMP
0x001792c0 COMP
0x00179300 COMP
0x00179340 COMP
0x00179380 COMP
0x001793c0 COMP
READRES
0x00179800 G_ACT0
0x08179800 G_ACT1
0x00179800 COMP
0x00179840 COMP
0x00179880 COMP
0x001798c0 COMP
0x00179900 COMP
0x00179940 COMP
0x00179980 COMP
0x001799c0 COMP
0x00179a00 COMP
0x00179a40 COMP
0x00179a80 COMP
0x00179ac0 COMP
0x00179b00 COMP
0x00179b40 COMP
0x00179b80 COMP
0x00179bc0 COMP
READRES
0x0017a000 G_ACT0
0x0817a000 G_ACT1
0x0017a000 COMP
0x0017a040 COMP
0x0017a080 COMP
0x0017a0c0 COMP
0x0017a100 COMP
0x0017a140 COMP
0x0017a180 COMP
0x0017a1c0 COMP
0x0017a200 COMP
0x0017a240 COMP
0x0017a280 COMP
0x0017a2c0 COMP
0x0017a300 COMP
0x0017a340 COMP
0x0017a380 COMP
0x0017a3c0 COMP
READRES
0x0017a800 G_ACT0
0x0817a800 G_ACT1
0x0017a800 COMP
0x0017a840 COMP
0x0017a880 COMP
0x0017a8c0 COMP
0x0017a900 COMP
0x0017a940 COMP
0x0017a980 COMP
0x0017a9c0 COMP
0x0017aa00 COMP
0x0017aa40 COMP
0x0017aa80 COMP
0x0017aac0 COMP
0x0017ab00 COMP
0x0017ab40 COMP
0x0017ab80 COMP
0x0017abc0 COMP
READRES
0x0017b000 G_ACT0
0x0817b000 G_ACT1
0x0017b000 COMP
0x0017b040 COMP
0x0017b080 COMP
0x0017b0c0 COMP
0x0017b100 COMP
0x0017b140 COMP
0x0017b180 COMP
0x0017b1c0 COMP
0x0017b200 COMP
0x0017b240 COMP
0x0017b280 COMP
0x0017b2c0 COMP
0x0017b300 COMP
0x0017b340 COMP
0x0017b380 COMP
0x0017b3c0 COMP
READRES
0x0017b800 G_ACT0
0x0817b800 G_ACT1
0x0017b800 COMP
0x0017b840 COMP
0x0017b880 COMP
0x0017b8c0 COMP
0x0017b900 COMP
0x0017b940 COMP
0x0017b980 COMP
0x0017b9c0 COMP
0x0017ba00 COMP
0x0017ba40 COMP
0x0017ba80 COMP
0x0017bac0 COMP
0x0017bb00 COMP
0x0017bb40 COMP
0x0017bb80 COMP
0x0017bbc0 COMP
READRES
0x0017c000 G_ACT0
0x0817c000 G_ACT1
0x0017c000 COMP
0x0017c040 COMP
0x0017c080 COMP
0x0017c0c0 COMP
0x0017c100 COMP
0x0017c140 COMP
0x0017c180 COMP
0x0017c1c0 COMP
0x0017c200 COMP
0x0017c240 COMP
0x0017c280 COMP
0x0017c2c0 COMP
0x0017c300 COMP
0x0017c340 COMP
0x0017c380 COMP
0x0017c3c0 COMP
READRES
0x0017c800 G_ACT0
0x0817c800 G_ACT1
0x0017c800 COMP
0x0017c840 COMP
0x0017c880 COMP
0x0017c8c0 COMP
0x0017c900 COMP
0x0017c940 COMP
0x0017c980 COMP
0x0017c9c0 COMP
0x0017ca00 COMP
0x0017ca40 COMP
0x0017ca80 COMP
0x0017cac0 COMP
0x0017cb00 COMP
0x0017cb40 COMP
0x0017cb80 COMP
0x0017cbc0 COMP
READRES
0x0017d000 G_ACT0
0x0817d000 G_ACT1
0x0017d000 COMP
0x0017d040 COMP
0x0017d080 COMP
0x0017d0c0 COMP
0x0017d100 COMP
0x0017d140 COMP
0x0017d180 COMP
0x0017d1c0 COMP
0x0017d200 COMP
0x0017d240 COMP
0x0017d280 COMP
0x0017d2c0 COMP
0x0017d300 COMP
0x0017d340 COMP
0x0017d380 COMP
0x0017d3c0 COMP
READRES
0x0017d800 G_ACT0
0x0817d800 G_ACT1
0x0017d800 COMP
0x0017d840 COMP
0x0017d880 COMP
0x0017d8c0 COMP
0x0017d900 COMP
0x0017d940 COMP
0x0017d980 COMP
0x0017d9c0 COMP
0x0017da00 COMP
0x0017da40 COMP
0x0017da80 COMP
0x0017dac0 COMP
0x0017db00 COMP
0x0017db40 COMP
0x0017db80 COMP
0x0017dbc0 COMP
READRES
0x0017e000 G_ACT0
0x0817e000 G_ACT1
0x0017e000 COMP
0x0017e040 COMP
0x0017e080 COMP
0x0017e0c0 COMP
0x0017e100 COMP
0x0017e140 COMP
0x0017e180 COMP
0x0017e1c0 COMP
0x0017e200 COMP
0x0017e240 COMP
0x0017e280 COMP
0x0017e2c0 COMP
0x0017e300 COMP
0x0017e340 COMP
0x0017e380 COMP
0x0017e3c0 COMP
READRES
0x0017e800 G_ACT0
0x0817e800 G_ACT1
0x0017e800 COMP
0x0017e840 COMP
0x0017e880 COMP
0x0017e8c0 COMP
0x0017e900 COMP
0x0017e940 COMP
0x0017e980 COMP
0x0017e9c0 COMP
0x0017ea00 COMP
0x0017ea40 COMP
0x0017ea80 COMP
0x0017eac0 COMP
0x0017eb00 COMP
0x0017eb40 COMP
0x0017eb80 COMP
0x0017ebc0 COMP
READRES
0x0017f000 G_ACT0
0x0817f000 G_ACT1
0x0017f000 COMP
0x0017f040 COMP
0x0017f080 COMP
0x0017f0c0 COMP
0x0017f100 COMP
0x0017f140 COMP
0x0017f180 COMP
0x0017f1c0 COMP
0x0017f200 COMP
0x0017f240 COMP
0x0017f280 COMP
0x0017f2c0 COMP
0x0017f300 COMP
0x0017f340 COMP
0x0017f380 COMP
0x0017f3c0 COMP
READRES
0x0017f800 G_ACT0
0x0817f800 G_ACT1
0x0017f800 COMP
0x0017f840 COMP
0x0017f880 COMP
0x0017f8c0 COMP
0x0017f900 COMP
0x0017f940 COMP
0x0017f980 COMP
0x0017f9c0 COMP
0x0017fa00 COMP
0x0017fa40 COMP
0x0017fa80 COMP
0x0017fac0 COMP
0x0017fb00 COMP
0x0017fb40 COMP
0x0017fb80 COMP
0x0017fbc0 COMP
READRES