0x00000000 GWRITE
0x00000000 G_ACT0
0x08000000 G_ACT1
0x10000000 G_ACT2
0x18000000 G_ACT3
0x00000000 COMP
0x00000040 COMP
0x00000080 COMP
0x000000c0 COMP
0x00000100 COMP
0x00000140 COMP
0x00000180 COMP
0x000001c0 COMP
0x00000200 COMP
0x00000240 COMP
0x00000280 COMP
0x000002c0 COMP
0x00000300 COMP
0x00000340 COMP
0x00000380 COMP
0x000003c0 COMP
0x00000400 COMP
0x00000440 COMP
0x00000480 COMP
0x000004c0 COMP
0x00000500 COMP
0x00000540 COMP
0x00000580 COMP
0x000005c0 COMP
0x00000600 COMP
0x00000640 COMP
0x00000680 COMP
0x000006c0 COMP
0x00000700 COMP
0x00000740 COMP
0x00000780 COMP
0x000007c0 COMP
READRES
0x00000800 G_ACT0
0x08000800 G_ACT1
0x10000800 G_ACT2
0x18000800 G_ACT3
0x00000800 COMP
0x00000840 COMP
0x00000880 COMP
0x000008c0 COMP
0x00000900 COMP
0x00000940 COMP
0x00000980 COMP
0x000009c0 COMP
0x00000a00 COMP
0x00000a40 COMP
0x00000a80 COMP
0x00000ac0 COMP
0x00000b00 COMP
0x00000b40 COMP
0x00000b80 COMP
0x00000bc0 COMP
0x00000c00 COMP
0x00000c40 COMP
0x00000c80 COMP
0x00000cc0 COMP
0x00000d00 COMP
0x00000d40 COMP
0x00000d80 COMP
0x00000dc0 COMP
0x00000e00 COMP
0x00000e40 COMP
0x00000e80 COMP
0x00000ec0 COMP
0x00000f00 COMP
0x00000f40 COMP
0x00000f80 COMP
0x00000fc0 COMP
READRES
0x00001000 G_ACT0
0x08001000 G_ACT1
0x10001000 G_ACT2
0x18001000 G_ACT3
0x00001000 COMP
0x00001040 COMP
0x00001080 COMP
0x000010c0 COMP
0x00001100 COMP
0x00001140 COMP
0x00001180 COMP
0x000011c0 COMP
0x00001200 COMP
0x00001240 COMP
0x00001280 COMP
0x000012c0 COMP
0x00001300 COMP
0x00001340 COMP
0x00001380 COMP
0x000013c0 COMP
0x00001400 COMP
0x00001440 COMP
0x00001480 COMP
0x000014c0 COMP
0x00001500 COMP
0x00001540 COMP
0x00001580 COMP
0x000015c0 COMP
0x00001600 COMP
0x00001640 COMP
0x00001680 COMP
0x000016c0 COMP
0x00001700 COMP
0x00001740 COMP
0x00001780 COMP
0x000017c0 COMP
READRES
0x00001800 G_ACT0
0x08001800 G_ACT1
0x10001800 G_ACT2
0x18001800 G_ACT3
0x00001800 COMP
0x00001840 COMP
0x00001880 COMP
0x000018c0 COMP
0x00001900 COMP
0x00001940 COMP
0x00001980 COMP
0x000019c0 COMP
0x00001a00 COMP
0x00001a40 COMP
0x00001a80 COMP
0x00001ac0 COMP
0x00001b00 COMP
0x00001b40 COMP
0x00001b80 COMP
0x00001bc0 COMP
0x00001c00 COMP
0x00001c40 COMP
0x00001c80 COMP
0x00001cc0 COMP
0x00001d00 COMP
0x00001d40 COMP
0x00001d80 COMP
0x00001dc0 COMP
0x00001e00 COMP
0x00001e40 COMP
0x00001e80 COMP
0x00001ec0 COMP
0x00001f00 COMP
0x00001f40 COMP
0x00001f80 COMP
0x00001fc0 COMP
READRES
0x00002000 G_ACT0
0x08002000 G_ACT1
0x10002000 G_ACT2
0x18002000 G_ACT3
0x00002000 COMP
0x00002040 COMP
0x00002080 COMP
0x000020c0 COMP
0x00002100 COMP
0x00002140 COMP
0x00002180 COMP
0x000021c0 COMP
0x00002200 COMP
0x00002240 COMP
0x00002280 COMP
0x000022c0 COMP
0x00002300 COMP
0x00002340 COMP
0x00002380 COMP
0x000023c0 COMP
0x00002400 COMP
0x00002440 COMP
0x00002480 COMP
0x000024c0 COMP
0x00002500 COMP
0x00002540 COMP
0x00002580 COMP
0x000025c0 COMP
0x00002600 COMP
0x00002640 COMP
0x00002680 COMP
0x000026c0 COMP
0x00002700 COMP
0x00002740 COMP
0x00002780 COMP
0x000027c0 COMP
READRES
0x00002800 G_ACT0
0x08002800 G_ACT1
0x10002800 G_ACT2
0x18002800 G_ACT3
0x00002800 COMP
0x00002840 COMP
0x00002880 COMP
0x000028c0 COMP
0x00002900 COMP
0x00002940 COMP
0x00002980 COMP
0x000029c0 COMP
0x00002a00 COMP
0x00002a40 COMP
0x00002a80 COMP
0x00002ac0 COMP
0x00002b00 COMP
0x00002b40 COMP
0x00002b80 COMP
0x00002bc0 COMP
0x00002c00 COMP
0x00002c40 COMP
0x00002c80 COMP
0x00002cc0 COMP
0x00002d00 COMP
0x00002d40 COMP
0x00002d80 COMP
0x00002dc0 COMP
0x00002e00 COMP
0x00002e40 COMP
0x00002e80 COMP
0x00002ec0 COMP
0x00002f00 COMP
0x00002f40 COMP
0x00002f80 COMP
0x00002fc0 COMP
READRES
0x00003000 G_ACT0
0x08003000 G_ACT1
0x10003000 G_ACT2
0x18003000 G_ACT3
0x00003000 COMP
0x00003040 COMP
0x00003080 COMP
0x000030c0 COMP
0x00003100 COMP
0x00003140 COMP
0x00003180 COMP
0x000031c0 COMP
0x00003200 COMP
0x00003240 COMP
0x00003280 COMP
0x000032c0 COMP
0x00003300 COMP
0x00003340 COMP
0x00003380 COMP
0x000033c0 COMP
0x00003400 COMP
0x00003440 COMP
0x00003480 COMP
0x000034c0 COMP
0x00003500 COMP
0x00003540 COMP
0x00003580 COMP
0x000035c0 COMP
0x00003600 COMP
0x00003640 COMP
0x00003680 COMP
0x000036c0 COMP
0x00003700 COMP
0x00003740 COMP
0x00003780 COMP
0x000037c0 COMP
READRES
0x00003800 G_ACT0
0x08003800 G_ACT1
0x10003800 G_ACT2
0x18003800 G_ACT3
0x00003800 COMP
0x00003840 COMP
0x00003880 COMP
0x000038c0 COMP
0x00003900 COMP
0x00003940 COMP
0x00003980 COMP
0x000039c0 COMP
0x00003a00 COMP
0x00003a40 COMP
0x00003a80 COMP
0x00003ac0 COMP
0x00003b00 COMP
0x00003b40 COMP
0x00003b80 COMP
0x00003bc0 COMP
0x00003c00 COMP
0x00003c40 COMP
0x00003c80 COMP
0x00003cc0 COMP
0x00003d00 COMP
0x00003d40 COMP
0x00003d80 COMP
0x00003dc0 COMP
0x00003e00 COMP
0x00003e40 COMP
0x00003e80 COMP
0x00003ec0 COMP
0x00003f00 COMP
0x00003f40 COMP
0x00003f80 COMP
0x00003fc0 COMP
READRES
0x00004000 G_ACT0
0x08004000 G_ACT1
0x10004000 G_ACT2
0x18004000 G_ACT3
0x00004000 COMP
0x00004040 COMP
0x00004080 COMP
0x000040c0 COMP
0x00004100 COMP
0x00004140 COMP
0x00004180 COMP
0x000041c0 COMP
0x00004200 COMP
0x00004240 COMP
0x00004280 COMP
0x000042c0 COMP
0x00004300 COMP
0x00004340 COMP
0x00004380 COMP
0x000043c0 COMP
0x00004400 COMP
0x00004440 COMP
0x00004480 COMP
0x000044c0 COMP
0x00004500 COMP
0x00004540 COMP
0x00004580 COMP
0x000045c0 COMP
0x00004600 COMP
0x00004640 COMP
0x00004680 COMP
0x000046c0 COMP
0x00004700 COMP
0x00004740 COMP
0x00004780 COMP
0x000047c0 COMP
READRES
0x00004800 G_ACT0
0x08004800 G_ACT1
0x10004800 G_ACT2
0x18004800 G_ACT3
0x00004800 COMP
0x00004840 COMP
0x00004880 COMP
0x000048c0 COMP
0x00004900 COMP
0x00004940 COMP
0x00004980 COMP
0x000049c0 COMP
0x00004a00 COMP
0x00004a40 COMP
0x00004a80 COMP
0x00004ac0 COMP
0x00004b00 COMP
0x00004b40 COMP
0x00004b80 COMP
0x00004bc0 COMP
0x00004c00 COMP
0x00004c40 COMP
0x00004c80 COMP
0x00004cc0 COMP
0x00004d00 COMP
0x00004d40 COMP
0x00004d80 COMP
0x00004dc0 COMP
0x00004e00 COMP
0x00004e40 COMP
0x00004e80 COMP
0x00004ec0 COMP
0x00004f00 COMP
0x00004f40 COMP
0x00004f80 COMP
0x00004fc0 COMP
READRES
0x00005000 G_ACT0
0x08005000 G_ACT1
0x10005000 G_ACT2
0x18005000 G_ACT3
0x00005000 COMP
0x00005040 COMP
0x00005080 COMP
0x000050c0 COMP
0x00005100 COMP
0x00005140 COMP
0x00005180 COMP
0x000051c0 COMP
0x00005200 COMP
0x00005240 COMP
0x00005280 COMP
0x000052c0 COMP
0x00005300 COMP
0x00005340 COMP
0x00005380 COMP
0x000053c0 COMP
0x00005400 COMP
0x00005440 COMP
0x00005480 COMP
0x000054c0 COMP
0x00005500 COMP
0x00005540 COMP
0x00005580 COMP
0x000055c0 COMP
0x00005600 COMP
0x00005640 COMP
0x00005680 COMP
0x000056c0 COMP
0x00005700 COMP
0x00005740 COMP
0x00005780 COMP
0x000057c0 COMP
READRES
0x00005800 G_ACT0
0x08005800 G_ACT1
0x10005800 G_ACT2
0x18005800 G_ACT3
0x00005800 COMP
0x00005840 COMP
0x00005880 COMP
0x000058c0 COMP
0x00005900 COMP
0x00005940 COMP
0x00005980 COMP
0x000059c0 COMP
0x00005a00 COMP
0x00005a40 COMP
0x00005a80 COMP
0x00005ac0 COMP
0x00005b00 COMP
0x00005b40 COMP
0x00005b80 COMP
0x00005bc0 COMP
0x00005c00 COMP
0x00005c40 COMP
0x00005c80 COMP
0x00005cc0 COMP
0x00005d00 COMP
0x00005d40 COMP
0x00005d80 COMP
0x00005dc0 COMP
0x00005e00 COMP
0x00005e40 COMP
0x00005e80 COMP
0x00005ec0 COMP
0x00005f00 COMP
0x00005f40 COMP
0x00005f80 COMP
0x00005fc0 COMP
READRES
0x00006000 G_ACT0
0x08006000 G_ACT1
0x10006000 G_ACT2
0x18006000 G_ACT3
0x00006000 COMP
0x00006040 COMP
0x00006080 COMP
0x000060c0 COMP
0x00006100 COMP
0x00006140 COMP
0x00006180 COMP
0x000061c0 COMP
0x00006200 COMP
0x00006240 COMP
0x00006280 COMP
0x000062c0 COMP
0x00006300 COMP
0x00006340 COMP
0x00006380 COMP
0x000063c0 COMP
0x00006400 COMP
0x00006440 COMP
0x00006480 COMP
0x000064c0 COMP
0x00006500 COMP
0x00006540 COMP
0x00006580 COMP
0x000065c0 COMP
0x00006600 COMP
0x00006640 COMP
0x00006680 COMP
0x000066c0 COMP
0x00006700 COMP
0x00006740 COMP
0x00006780 COMP
0x000067c0 COMP
READRES
0x00006800 G_ACT0
0x08006800 G_ACT1
0x10006800 G_ACT2
0x18006800 G_ACT3
0x00006800 COMP
0x00006840 COMP
0x00006880 COMP
0x000068c0 COMP
0x00006900 COMP
0x00006940 COMP
0x00006980 COMP
0x000069c0 COMP
0x00006a00 COMP
0x00006a40 COMP
0x00006a80 COMP
0x00006ac0 COMP
0x00006b00 COMP
0x00006b40 COMP
0x00006b80 COMP
0x00006bc0 COMP
0x00006c00 COMP
0x00006c40 COMP
0x00006c80 COMP
0x00006cc0 COMP
0x00006d00 COMP
0x00006d40 COMP
0x00006d80 COMP
0x00006dc0 COMP
0x00006e00 COMP
0x00006e40 COMP
0x00006e80 COMP
0x00006ec0 COMP
0x00006f00 COMP
0x00006f40 COMP
0x00006f80 COMP
0x00006fc0 COMP
READRES
0x00007000 G_ACT0
0x08007000 G_ACT1
0x10007000 G_ACT2
0x18007000 G_ACT3
0x00007000 COMP
0x00007040 COMP
0x00007080 COMP
0x000070c0 COMP
0x00007100 COMP
0x00007140 COMP
0x00007180 COMP
0x000071c0 COMP
0x00007200 COMP
0x00007240 COMP
0x00007280 COMP
0x000072c0 COMP
0x00007300 COMP
0x00007340 COMP
0x00007380 COMP
0x000073c0 COMP
0x00007400 COMP
0x00007440 COMP
0x00007480 COMP
0x000074c0 COMP
0x00007500 COMP
0x00007540 COMP
0x00007580 COMP
0x000075c0 COMP
0x00007600 COMP
0x00007640 COMP
0x00007680 COMP
0x000076c0 COMP
0x00007700 COMP
0x00007740 COMP
0x00007780 COMP
0x000077c0 COMP
READRES
0x00007800 G_ACT0
0x08007800 G_ACT1
0x10007800 G_ACT2
0x18007800 G_ACT3
0x00007800 COMP
0x00007840 COMP
0x00007880 COMP
0x000078c0 COMP
0x00007900 COMP
0x00007940 COMP
0x00007980 COMP
0x000079c0 COMP
0x00007a00 COMP
0x00007a40 COMP
0x00007a80 COMP
0x00007ac0 COMP
0x00007b00 COMP
0x00007b40 COMP
0x00007b80 COMP
0x00007bc0 COMP
0x00007c00 COMP
0x00007c40 COMP
0x00007c80 COMP
0x00007cc0 COMP
0x00007d00 COMP
0x00007d40 COMP
0x00007d80 COMP
0x00007dc0 COMP
0x00007e00 COMP
0x00007e40 COMP
0x00007e80 COMP
0x00007ec0 COMP
0x00007f00 COMP
0x00007f40 COMP
0x00007f80 COMP
0x00007fc0 COMP
READRES
0x00008000 G_ACT0
0x08008000 G_ACT1
0x10008000 G_ACT2
0x18008000 G_ACT3
0x00008000 COMP
0x00008040 COMP
0x00008080 COMP
0x000080c0 COMP
0x00008100 COMP
0x00008140 COMP
0x00008180 COMP
0x000081c0 COMP
0x00008200 COMP
0x00008240 COMP
0x00008280 COMP
0x000082c0 COMP
0x00008300 COMP
0x00008340 COMP
0x00008380 COMP
0x000083c0 COMP
0x00008400 COMP
0x00008440 COMP
0x00008480 COMP
0x000084c0 COMP
0x00008500 COMP
0x00008540 COMP
0x00008580 COMP
0x000085c0 COMP
0x00008600 COMP
0x00008640 COMP
0x00008680 COMP
0x000086c0 COMP
0x00008700 COMP
0x00008740 COMP
0x00008780 COMP
0x000087c0 COMP
READRES
0x00008800 G_ACT0
0x08008800 G_ACT1
0x10008800 G_ACT2
0x18008800 G_ACT3
0x00008800 COMP
0x00008840 COMP
0x00008880 COMP
0x000088c0 COMP
0x00008900 COMP
0x00008940 COMP
0x00008980 COMP
0x000089c0 COMP
0x00008a00 COMP
0x00008a40 COMP
0x00008a80 COMP
0x00008ac0 COMP
0x00008b00 COMP
0x00008b40 COMP
0x00008b80 COMP
0x00008bc0 COMP
0x00008c00 COMP
0x00008c40 COMP
0x00008c80 COMP
0x00008cc0 COMP
0x00008d00 COMP
0x00008d40 COMP
0x00008d80 COMP
0x00008dc0 COMP
0x00008e00 COMP
0x00008e40 COMP
0x00008e80 COMP
0x00008ec0 COMP
0x00008f00 COMP
0x00008f40 COMP
0x00008f80 COMP
0x00008fc0 COMP
READRES
0x00009000 G_ACT0
0x08009000 G_ACT1
0x10009000 G_ACT2
0x18009000 G_ACT3
0x00009000 COMP
0x00009040 COMP
0x00009080 COMP
0x000090c0 COMP
0x00009100 COMP
0x00009140 COMP
0x00009180 COMP
0x000091c0 COMP
0x00009200 COMP
0x00009240 COMP
0x00009280 COMP
0x000092c0 COMP
0x00009300 COMP
0x00009340 COMP
0x00009380 COMP
0x000093c0 COMP
0x00009400 COMP
0x00009440 COMP
0x00009480 COMP
0x000094c0 COMP
0x00009500 COMP
0x00009540 COMP
0x00009580 COMP
0x000095c0 COMP
0x00009600 COMP
0x00009640 COMP
0x00009680 COMP
0x000096c0 COMP
0x00009700 COMP
0x00009740 COMP
0x00009780 COMP
0x000097c0 COMP
READRES
0x00009800 G_ACT0
0x08009800 G_ACT1
0x10009800 G_ACT2
0x18009800 G_ACT3
0x00009800 COMP
0x00009840 COMP
0x00009880 COMP
0x000098c0 COMP
0x00009900 COMP
0x00009940 COMP
0x00009980 COMP
0x000099c0 COMP
0x00009a00 COMP
0x00009a40 COMP
0x00009a80 COMP
0x00009ac0 COMP
0x00009b00 COMP
0x00009b40 COMP
0x00009b80 COMP
0x00009bc0 COMP
0x00009c00 COMP
0x00009c40 COMP
0x00009c80 COMP
0x00009cc0 COMP
0x00009d00 COMP
0x00009d40 COMP
0x00009d80 COMP
0x00009dc0 COMP
0x00009e00 COMP
0x00009e40 COMP
0x00009e80 COMP
0x00009ec0 COMP
0x00009f00 COMP
0x00009f40 COMP
0x00009f80 COMP
0x00009fc0 COMP
READRES
0x0000a000 G_ACT0
0x0800a000 G_ACT1
0x1000a000 G_ACT2
0x1800a000 G_ACT3
0x0000a000 COMP
0x0000a040 COMP
0x0000a080 COMP
0x0000a0c0 COMP
0x0000a100 COMP
0x0000a140 COMP
0x0000a180 COMP
0x0000a1c0 COMP
0x0000a200 COMP
0x0000a240 COMP
0x0000a280 COMP
0x0000a2c0 COMP
0x0000a300 COMP
0x0000a340 COMP
0x0000a380 COMP
0x0000a3c0 COMP
0x0000a400 COMP
0x0000a440 COMP
0x0000a480 COMP
0x0000a4c0 COMP
0x0000a500 COMP
0x0000a540 COMP
0x0000a580 COMP
0x0000a5c0 COMP
0x0000a600 COMP
0x0000a640 COMP
0x0000a680 COMP
0x0000a6c0 COMP
0x0000a700 COMP
0x0000a740 COMP
0x0000a780 COMP
0x0000a7c0 COMP
READRES
0x0000a800 G_ACT0
0x0800a800 G_ACT1
0x1000a800 G_ACT2
0x1800a800 G_ACT3
0x0000a800 COMP
0x0000a840 COMP
0x0000a880 COMP
0x0000a8c0 COMP
0x0000a900 COMP
0x0000a940 COMP
0x0000a980 COMP
0x0000a9c0 COMP
0x0000aa00 COMP
0x0000aa40 COMP
0x0000aa80 COMP
0x0000aac0 COMP
0x0000ab00 COMP
0x0000ab40 COMP
0x0000ab80 COMP
0x0000abc0 COMP
0x0000ac00 COMP
0x0000ac40 COMP
0x0000ac80 COMP
0x0000acc0 COMP
0x0000ad00 COMP
0x0000ad40 COMP
0x0000ad80 COMP
0x0000adc0 COMP
0x0000ae00 COMP
0x0000ae40 COMP
0x0000ae80 COMP
0x0000aec0 COMP
0x0000af00 COMP
0x0000af40 COMP
0x0000af80 COMP
0x0000afc0 COMP
READRES
0x0000b000 G_ACT0
0x0800b000 G_ACT1
0x1000b000 G_ACT2
0x1800b000 G_ACT3
0x0000b000 COMP
0x0000b040 COMP
0x0000b080 COMP
0x0000b0c0 COMP
0x0000b100 COMP
0x0000b140 COMP
0x0000b180 COMP
0x0000b1c0 COMP
0x0000b200 COMP
0x0000b240 COMP
0x0000b280 COMP
0x0000b2c0 COMP
0x0000b300 COMP
0x0000b340 COMP
0x0000b380 COMP
0x0000b3c0 COMP
0x0000b400 COMP
0x0000b440 COMP
0x0000b480 COMP
0x0000b4c0 COMP
0x0000b500 COMP
0x0000b540 COMP
0x0000b580 COMP
0x0000b5c0 COMP
0x0000b600 COMP
0x0000b640 COMP
0x0000b680 COMP
0x0000b6c0 COMP
0x0000b700 COMP
0x0000b740 COMP
0x0000b780 COMP
0x0000b7c0 COMP
READRES
0x0000b800 G_ACT0
0x0800b800 G_ACT1
0x1000b800 G_ACT2
0x1800b800 G_ACT3
0x0000b800 COMP
0x0000b840 COMP
0x0000b880 COMP
0x0000b8c0 COMP
0x0000b900 COMP
0x0000b940 COMP
0x0000b980 COMP
0x0000b9c0 COMP
0x0000ba00 COMP
0x0000ba40 COMP
0x0000ba80 COMP
0x0000bac0 COMP
0x0000bb00 COMP
0x0000bb40 COMP
0x0000bb80 COMP
0x0000bbc0 COMP
0x0000bc00 COMP
0x0000bc40 COMP
0x0000bc80 COMP
0x0000bcc0 COMP
0x0000bd00 COMP
0x0000bd40 COMP
0x0000bd80 COMP
0x0000bdc0 COMP
0x0000be00 COMP
0x0000be40 COMP
0x0000be80 COMP
0x0000bec0 COMP
0x0000bf00 COMP
0x0000bf40 COMP
0x0000bf80 COMP
0x0000bfc0 COMP
READRES
0x0000c000 G_ACT0
0x0800c000 G_ACT1
0x1000c000 G_ACT2
0x1800c000 G_ACT3
0x0000c000 COMP
0x0000c040 COMP
0x0000c080 COMP
0x0000c0c0 COMP
0x0000c100 COMP
0x0000c140 COMP
0x0000c180 COMP
0x0000c1c0 COMP
0x0000c200 COMP
0x0000c240 COMP
0x0000c280 COMP
0x0000c2c0 COMP
0x0000c300 COMP
0x0000c340 COMP
0x0000c380 COMP
0x0000c3c0 COMP
0x0000c400 COMP
0x0000c440 COMP
0x0000c480 COMP
0x0000c4c0 COMP
0x0000c500 COMP
0x0000c540 COMP
0x0000c580 COMP
0x0000c5c0 COMP
0x0000c600 COMP
0x0000c640 COMP
0x0000c680 COMP
0x0000c6c0 COMP
0x0000c700 COMP
0x0000c740 COMP
0x0000c780 COMP
0x0000c7c0 COMP
READRES
0x0000c800 G_ACT0
0x0800c800 G_ACT1
0x1000c800 G_ACT2
0x1800c800 G_ACT3
0x0000c800 COMP
0x0000c840 COMP
0x0000c880 COMP
0x0000c8c0 COMP
0x0000c900 COMP
0x0000c940 COMP
0x0000c980 COMP
0x0000c9c0 COMP
0x0000ca00 COMP
0x0000ca40 COMP
0x0000ca80 COMP
0x0000cac0 COMP
0x0000cb00 COMP
0x0000cb40 COMP
0x0000cb80 COMP
0x0000cbc0 COMP
0x0000cc00 COMP
0x0000cc40 COMP
0x0000cc80 COMP
0x0000ccc0 COMP
0x0000cd00 COMP
0x0000cd40 COMP
0x0000cd80 COMP
0x0000cdc0 COMP
0x0000ce00 COMP
0x0000ce40 COMP
0x0000ce80 COMP
0x0000cec0 COMP
0x0000cf00 COMP
0x0000cf40 COMP
0x0000cf80 COMP
0x0000cfc0 COMP
READRES
0x0000d000 G_ACT0
0x0800d000 G_ACT1
0x1000d000 G_ACT2
0x1800d000 G_ACT3
0x0000d000 COMP
0x0000d040 COMP
0x0000d080 COMP
0x0000d0c0 COMP
0x0000d100 COMP
0x0000d140 COMP
0x0000d180 COMP
0x0000d1c0 COMP
0x0000d200 COMP
0x0000d240 COMP
0x0000d280 COMP
0x0000d2c0 COMP
0x0000d300 COMP
0x0000d340 COMP
0x0000d380 COMP
0x0000d3c0 COMP
0x0000d400 COMP
0x0000d440 COMP
0x0000d480 COMP
0x0000d4c0 COMP
0x0000d500 COMP
0x0000d540 COMP
0x0000d580 COMP
0x0000d5c0 COMP
0x0000d600 COMP
0x0000d640 COMP
0x0000d680 COMP
0x0000d6c0 COMP
0x0000d700 COMP
0x0000d740 COMP
0x0000d780 COMP
0x0000d7c0 COMP
READRES
0x0000d800 G_ACT0
0x0800d800 G_ACT1
0x1000d800 G_ACT2
0x1800d800 G_ACT3
0x0000d800 COMP
0x0000d840 COMP
0x0000d880 COMP
0x0000d8c0 COMP
0x0000d900 COMP
0x0000d940 COMP
0x0000d980 COMP
0x0000d9c0 COMP
0x0000da00 COMP
0x0000da40 COMP
0x0000da80 COMP
0x0000dac0 COMP
0x0000db00 COMP
0x0000db40 COMP
0x0000db80 COMP
0x0000dbc0 COMP
0x0000dc00 COMP
0x0000dc40 COMP
0x0000dc80 COMP
0x0000dcc0 COMP
0x0000dd00 COMP
0x0000dd40 COMP
0x0000dd80 COMP
0x0000ddc0 COMP
0x0000de00 COMP
0x0000de40 COMP
0x0000de80 COMP
0x0000dec0 COMP
0x0000df00 COMP
0x0000df40 COMP
0x0000df80 COMP
0x0000dfc0 COMP
READRES
0x0000e000 G_ACT0
0x0800e000 G_ACT1
0x1000e000 G_ACT2
0x1800e000 G_ACT3
0x0000e000 COMP
0x0000e040 COMP
0x0000e080 COMP
0x0000e0c0 COMP
0x0000e100 COMP
0x0000e140 COMP
0x0000e180 COMP
0x0000e1c0 COMP
0x0000e200 COMP
0x0000e240 COMP
0x0000e280 COMP
0x0000e2c0 COMP
0x0000e300 COMP
0x0000e340 COMP
0x0000e380 COMP
0x0000e3c0 COMP
0x0000e400 COMP
0x0000e440 COMP
0x0000e480 COMP
0x0000e4c0 COMP
0x0000e500 COMP
0x0000e540 COMP
0x0000e580 COMP
0x0000e5c0 COMP
0x0000e600 COMP
0x0000e640 COMP
0x0000e680 COMP
0x0000e6c0 COMP
0x0000e700 COMP
0x0000e740 COMP
0x0000e780 COMP
0x0000e7c0 COMP
READRES
0x0000e800 G_ACT0
0x0800e800 G_ACT1
0x1000e800 G_ACT2
0x1800e800 G_ACT3
0x0000e800 COMP
0x0000e840 COMP
0x0000e880 COMP
0x0000e8c0 COMP
0x0000e900 COMP
0x0000e940 COMP
0x0000e980 COMP
0x0000e9c0 COMP
0x0000ea00 COMP
0x0000ea40 COMP
0x0000ea80 COMP
0x0000eac0 COMP
0x0000eb00 COMP
0x0000eb40 COMP
0x0000eb80 COMP
0x0000ebc0 COMP
0x0000ec00 COMP
0x0000ec40 COMP
0x0000ec80 COMP
0x0000ecc0 COMP
0x0000ed00 COMP
0x0000ed40 COMP
0x0000ed80 COMP
0x0000edc0 COMP
0x0000ee00 COMP
0x0000ee40 COMP
0x0000ee80 COMP
0x0000eec0 COMP
0x0000ef00 COMP
0x0000ef40 COMP
0x0000ef80 COMP
0x0000efc0 COMP
READRES
0x0000f000 G_ACT0
0x0800f000 G_ACT1
0x1000f000 G_ACT2
0x1800f000 G_ACT3
0x0000f000 COMP
0x0000f040 COMP
0x0000f080 COMP
0x0000f0c0 COMP
0x0000f100 COMP
0x0000f140 COMP
0x0000f180 COMP
0x0000f1c0 COMP
0x0000f200 COMP
0x0000f240 COMP
0x0000f280 COMP
0x0000f2c0 COMP
0x0000f300 COMP
0x0000f340 COMP
0x0000f380 COMP
0x0000f3c0 COMP
0x0000f400 COMP
0x0000f440 COMP
0x0000f480 COMP
0x0000f4c0 COMP
0x0000f500 COMP
0x0000f540 COMP
0x0000f580 COMP
0x0000f5c0 COMP
0x0000f600 COMP
0x0000f640 COMP
0x0000f680 COMP
0x0000f6c0 COMP
0x0000f700 COMP
0x0000f740 COMP
0x0000f780 COMP
0x0000f7c0 COMP
READRES
0x0000f800 G_ACT0
0x0800f800 G_ACT1
0x1000f800 G_ACT2
0x1800f800 G_ACT3
0x0000f800 COMP
0x0000f840 COMP
0x0000f880 COMP
0x0000f8c0 COMP
0x0000f900 COMP
0x0000f940 COMP
0x0000f980 COMP
0x0000f9c0 COMP
0x0000fa00 COMP
0x0000fa40 COMP
0x0000fa80 COMP
0x0000fac0 COMP
0x0000fb00 COMP
0x0000fb40 COMP
0x0000fb80 COMP
0x0000fbc0 COMP
0x0000fc00 COMP
0x0000fc40 COMP
0x0000fc80 COMP
0x0000fcc0 COMP
0x0000fd00 COMP
0x0000fd40 COMP
0x0000fd80 COMP
0x0000fdc0 COMP
0x0000fe00 COMP
0x0000fe40 COMP
0x0000fe80 COMP
0x0000fec0 COMP
0x0000ff00 COMP
0x0000ff40 COMP
0x0000ff80 COMP
0x0000ffc0 COMP
READRES
0x00010000 G_ACT0
0x08010000 G_ACT1
0x10010000 G_ACT2
0x18010000 G_ACT3
0x00010000 COMP
0x00010040 COMP
0x00010080 COMP
0x000100c0 COMP
0x00010100 COMP
0x00010140 COMP
0x00010180 COMP
0x000101c0 COMP
0x00010200 COMP
0x00010240 COMP
0x00010280 COMP
0x000102c0 COMP
0x00010300 COMP
0x00010340 COMP
0x00010380 COMP
0x000103c0 COMP
0x00010400 COMP
0x00010440 COMP
0x00010480 COMP
0x000104c0 COMP
0x00010500 COMP
0x00010540 COMP
0x00010580 COMP
0x000105c0 COMP
0x00010600 COMP
0x00010640 COMP
0x00010680 COMP
0x000106c0 COMP
0x00010700 COMP
0x00010740 COMP
0x00010780 COMP
0x000107c0 COMP
READRES
0x00010800 G_ACT0
0x08010800 G_ACT1
0x10010800 G_ACT2
0x18010800 G_ACT3
0x00010800 COMP
0x00010840 COMP
0x00010880 COMP
0x000108c0 COMP
0x00010900 COMP
0x00010940 COMP
0x00010980 COMP
0x000109c0 COMP
0x00010a00 COMP
0x00010a40 COMP
0x00010a80 COMP
0x00010ac0 COMP
0x00010b00 COMP
0x00010b40 COMP
0x00010b80 COMP
0x00010bc0 COMP
0x00010c00 COMP
0x00010c40 COMP
0x00010c80 COMP
0x00010cc0 COMP
0x00010d00 COMP
0x00010d40 COMP
0x00010d80 COMP
0x00010dc0 COMP
0x00010e00 COMP
0x00010e40 COMP
0x00010e80 COMP
0x00010ec0 COMP
0x00010f00 COMP
0x00010f40 COMP
0x00010f80 COMP
0x00010fc0 COMP
READRES
0x00011000 G_ACT0
0x08011000 G_ACT1
0x10011000 G_ACT2
0x18011000 G_ACT3
0x00011000 COMP
0x00011040 COMP
0x00011080 COMP
0x000110c0 COMP
0x00011100 COMP
0x00011140 COMP
0x00011180 COMP
0x000111c0 COMP
0x00011200 COMP
0x00011240 COMP
0x00011280 COMP
0x000112c0 COMP
0x00011300 COMP
0x00011340 COMP
0x00011380 COMP
0x000113c0 COMP
0x00011400 COMP
0x00011440 COMP
0x00011480 COMP
0x000114c0 COMP
0x00011500 COMP
0x00011540 COMP
0x00011580 COMP
0x000115c0 COMP
0x00011600 COMP
0x00011640 COMP
0x00011680 COMP
0x000116c0 COMP
0x00011700 COMP
0x00011740 COMP
0x00011780 COMP
0x000117c0 COMP
READRES
0x00011800 G_ACT0
0x08011800 G_ACT1
0x10011800 G_ACT2
0x18011800 G_ACT3
0x00011800 COMP
0x00011840 COMP
0x00011880 COMP
0x000118c0 COMP
0x00011900 COMP
0x00011940 COMP
0x00011980 COMP
0x000119c0 COMP
0x00011a00 COMP
0x00011a40 COMP
0x00011a80 COMP
0x00011ac0 COMP
0x00011b00 COMP
0x00011b40 COMP
0x00011b80 COMP
0x00011bc0 COMP
0x00011c00 COMP
0x00011c40 COMP
0x00011c80 COMP
0x00011cc0 COMP
0x00011d00 COMP
0x00011d40 COMP
0x00011d80 COMP
0x00011dc0 COMP
0x00011e00 COMP
0x00011e40 COMP
0x00011e80 COMP
0x00011ec0 COMP
0x00011f00 COMP
0x00011f40 COMP
0x00011f80 COMP
0x00011fc0 COMP
READRES
0x00012000 G_ACT0
0x08012000 G_ACT1
0x10012000 G_ACT2
0x18012000 G_ACT3
0x00012000 COMP
0x00012040 COMP
0x00012080 COMP
0x000120c0 COMP
0x00012100 COMP
0x00012140 COMP
0x00012180 COMP
0x000121c0 COMP
0x00012200 COMP
0x00012240 COMP
0x00012280 COMP
0x000122c0 COMP
0x00012300 COMP
0x00012340 COMP
0x00012380 COMP
0x000123c0 COMP
0x00012400 COMP
0x00012440 COMP
0x00012480 COMP
0x000124c0 COMP
0x00012500 COMP
0x00012540 COMP
0x00012580 COMP
0x000125c0 COMP
0x00012600 COMP
0x00012640 COMP
0x00012680 COMP
0x000126c0 COMP
0x00012700 COMP
0x00012740 COMP
0x00012780 COMP
0x000127c0 COMP
READRES
0x00012800 G_ACT0
0x08012800 G_ACT1
0x10012800 G_ACT2
0x18012800 G_ACT3
0x00012800 COMP
0x00012840 COMP
0x00012880 COMP
0x000128c0 COMP
0x00012900 COMP
0x00012940 COMP
0x00012980 COMP
0x000129c0 COMP
0x00012a00 COMP
0x00012a40 COMP
0x00012a80 COMP
0x00012ac0 COMP
0x00012b00 COMP
0x00012b40 COMP
0x00012b80 COMP
0x00012bc0 COMP
0x00012c00 COMP
0x00012c40 COMP
0x00012c80 COMP
0x00012cc0 COMP
0x00012d00 COMP
0x00012d40 COMP
0x00012d80 COMP
0x00012dc0 COMP
0x00012e00 COMP
0x00012e40 COMP
0x00012e80 COMP
0x00012ec0 COMP
0x00012f00 COMP
0x00012f40 COMP
0x00012f80 COMP
0x00012fc0 COMP
READRES
0x00013000 G_ACT0
0x08013000 G_ACT1
0x10013000 G_ACT2
0x18013000 G_ACT3
0x00013000 COMP
0x00013040 COMP
0x00013080 COMP
0x000130c0 COMP
0x00013100 COMP
0x00013140 COMP
0x00013180 COMP
0x000131c0 COMP
0x00013200 COMP
0x00013240 COMP
0x00013280 COMP
0x000132c0 COMP
0x00013300 COMP
0x00013340 COMP
0x00013380 COMP
0x000133c0 COMP
0x00013400 COMP
0x00013440 COMP
0x00013480 COMP
0x000134c0 COMP
0x00013500 COMP
0x00013540 COMP
0x00013580 COMP
0x000135c0 COMP
0x00013600 COMP
0x00013640 COMP
0x00013680 COMP
0x000136c0 COMP
0x00013700 COMP
0x00013740 COMP
0x00013780 COMP
0x000137c0 COMP
READRES
0x00013800 G_ACT0
0x08013800 G_ACT1
0x10013800 G_ACT2
0x18013800 G_ACT3
0x00013800 COMP
0x00013840 COMP
0x00013880 COMP
0x000138c0 COMP
0x00013900 COMP
0x00013940 COMP
0x00013980 COMP
0x000139c0 COMP
0x00013a00 COMP
0x00013a40 COMP
0x00013a80 COMP
0x00013ac0 COMP
0x00013b00 COMP
0x00013b40 COMP
0x00013b80 COMP
0x00013bc0 COMP
0x00013c00 COMP
0x00013c40 COMP
0x00013c80 COMP
0x00013cc0 COMP
0x00013d00 COMP
0x00013d40 COMP
0x00013d80 COMP
0x00013dc0 COMP
0x00013e00 COMP
0x00013e40 COMP
0x00013e80 COMP
0x00013ec0 COMP
0x00013f00 COMP
0x00013f40 COMP
0x00013f80 COMP
0x00013fc0 COMP
READRES
0x00014000 G_ACT0
0x08014000 G_ACT1
0x10014000 G_ACT2
0x18014000 G_ACT3
0x00014000 COMP
0x00014040 COMP
0x00014080 COMP
0x000140c0 COMP
0x00014100 COMP
0x00014140 COMP
0x00014180 COMP
0x000141c0 COMP
0x00014200 COMP
0x00014240 COMP
0x00014280 COMP
0x000142c0 COMP
0x00014300 COMP
0x00014340 COMP
0x00014380 COMP
0x000143c0 COMP
0x00014400 COMP
0x00014440 COMP
0x00014480 COMP
0x000144c0 COMP
0x00014500 COMP
0x00014540 COMP
0x00014580 COMP
0x000145c0 COMP
0x00014600 COMP
0x00014640 COMP
0x00014680 COMP
0x000146c0 COMP
0x00014700 COMP
0x00014740 COMP
0x00014780 COMP
0x000147c0 COMP
READRES
0x00014800 G_ACT0
0x08014800 G_ACT1
0x10014800 G_ACT2
0x18014800 G_ACT3
0x00014800 COMP
0x00014840 COMP
0x00014880 COMP
0x000148c0 COMP
0x00014900 COMP
0x00014940 COMP
0x00014980 COMP
0x000149c0 COMP
0x00014a00 COMP
0x00014a40 COMP
0x00014a80 COMP
0x00014ac0 COMP
0x00014b00 COMP
0x00014b40 COMP
0x00014b80 COMP
0x00014bc0 COMP
0x00014c00 COMP
0x00014c40 COMP
0x00014c80 COMP
0x00014cc0 COMP
0x00014d00 COMP
0x00014d40 COMP
0x00014d80 COMP
0x00014dc0 COMP
0x00014e00 COMP
0x00014e40 COMP
0x00014e80 COMP
0x00014ec0 COMP
0x00014f00 COMP
0x00014f40 COMP
0x00014f80 COMP
0x00014fc0 COMP
READRES
0x00015000 G_ACT0
0x08015000 G_ACT1
0x10015000 G_ACT2
0x18015000 G_ACT3
0x00015000 COMP
0x00015040 COMP
0x00015080 COMP
0x000150c0 COMP
0x00015100 COMP
0x00015140 COMP
0x00015180 COMP
0x000151c0 COMP
0x00015200 COMP
0x00015240 COMP
0x00015280 COMP
0x000152c0 COMP
0x00015300 COMP
0x00015340 COMP
0x00015380 COMP
0x000153c0 COMP
0x00015400 COMP
0x00015440 COMP
0x00015480 COMP
0x000154c0 COMP
0x00015500 COMP
0x00015540 COMP
0x00015580 COMP
0x000155c0 COMP
0x00015600 COMP
0x00015640 COMP
0x00015680 COMP
0x000156c0 COMP
0x00015700 COMP
0x00015740 COMP
0x00015780 COMP
0x000157c0 COMP
READRES
0x00015800 G_ACT0
0x08015800 G_ACT1
0x10015800 G_ACT2
0x18015800 G_ACT3
0x00015800 COMP
0x00015840 COMP
0x00015880 COMP
0x000158c0 COMP
0x00015900 COMP
0x00015940 COMP
0x00015980 COMP
0x000159c0 COMP
0x00015a00 COMP
0x00015a40 COMP
0x00015a80 COMP
0x00015ac0 COMP
0x00015b00 COMP
0x00015b40 COMP
0x00015b80 COMP
0x00015bc0 COMP
0x00015c00 COMP
0x00015c40 COMP
0x00015c80 COMP
0x00015cc0 COMP
0x00015d00 COMP
0x00015d40 COMP
0x00015d80 COMP
0x00015dc0 COMP
0x00015e00 COMP
0x00015e40 COMP
0x00015e80 COMP
0x00015ec0 COMP
0x00015f00 COMP
0x00015f40 COMP
0x00015f80 COMP
0x00015fc0 COMP
READRES
0x00016000 G_ACT0
0x08016000 G_ACT1
0x10016000 G_ACT2
0x18016000 G_ACT3
0x00016000 COMP
0x00016040 COMP
0x00016080 COMP
0x000160c0 COMP
0x00016100 COMP
0x00016140 COMP
0x00016180 COMP
0x000161c0 COMP
0x00016200 COMP
0x00016240 COMP
0x00016280 COMP
0x000162c0 COMP
0x00016300 COMP
0x00016340 COMP
0x00016380 COMP
0x000163c0 COMP
0x00016400 COMP
0x00016440 COMP
0x00016480 COMP
0x000164c0 COMP
0x00016500 COMP
0x00016540 COMP
0x00016580 COMP
0x000165c0 COMP
0x00016600 COMP
0x00016640 COMP
0x00016680 COMP
0x000166c0 COMP
0x00016700 COMP
0x00016740 COMP
0x00016780 COMP
0x000167c0 COMP
READRES
0x00016800 G_ACT0
0x08016800 G_ACT1
0x10016800 G_ACT2
0x18016800 G_ACT3
0x00016800 COMP
0x00016840 COMP
0x00016880 COMP
0x000168c0 COMP
0x00016900 COMP
0x00016940 COMP
0x00016980 COMP
0x000169c0 COMP
0x00016a00 COMP
0x00016a40 COMP
0x00016a80 COMP
0x00016ac0 COMP
0x00016b00 COMP
0x00016b40 COMP
0x00016b80 COMP
0x00016bc0 COMP
0x00016c00 COMP
0x00016c40 COMP
0x00016c80 COMP
0x00016cc0 COMP
0x00016d00 COMP
0x00016d40 COMP
0x00016d80 COMP
0x00016dc0 COMP
0x00016e00 COMP
0x00016e40 COMP
0x00016e80 COMP
0x00016ec0 COMP
0x00016f00 COMP
0x00016f40 COMP
0x00016f80 COMP
0x00016fc0 COMP
READRES
0x00017000 G_ACT0
0x08017000 G_ACT1
0x10017000 G_ACT2
0x18017000 G_ACT3
0x00017000 COMP
0x00017040 COMP
0x00017080 COMP
0x000170c0 COMP
0x00017100 COMP
0x00017140 COMP
0x00017180 COMP
0x000171c0 COMP
0x00017200 COMP
0x00017240 COMP
0x00017280 COMP
0x000172c0 COMP
0x00017300 COMP
0x00017340 COMP
0x00017380 COMP
0x000173c0 COMP
0x00017400 COMP
0x00017440 COMP
0x00017480 COMP
0x000174c0 COMP
0x00017500 COMP
0x00017540 COMP
0x00017580 COMP
0x000175c0 COMP
0x00017600 COMP
0x00017640 COMP
0x00017680 COMP
0x000176c0 COMP
0x00017700 COMP
0x00017740 COMP
0x00017780 COMP
0x000177c0 COMP
READRES
0x00017800 G_ACT0
0x08017800 G_ACT1
0x10017800 G_ACT2
0x18017800 G_ACT3
0x00017800 COMP
0x00017840 COMP
0x00017880 COMP
0x000178c0 COMP
0x00017900 COMP
0x00017940 COMP
0x00017980 COMP
0x000179c0 COMP
0x00017a00 COMP
0x00017a40 COMP
0x00017a80 COMP
0x00017ac0 COMP
0x00017b00 COMP
0x00017b40 COMP
0x00017b80 COMP
0x00017bc0 COMP
0x00017c00 COMP
0x00017c40 COMP
0x00017c80 COMP
0x00017cc0 COMP
0x00017d00 COMP
0x00017d40 COMP
0x00017d80 COMP
0x00017dc0 COMP
0x00017e00 COMP
0x00017e40 COMP
0x00017e80 COMP
0x00017ec0 COMP
0x00017f00 COMP
0x00017f40 COMP
0x00017f80 COMP
0x00017fc0 COMP
READRES
0x00018000 G_ACT0
0x08018000 G_ACT1
0x10018000 G_ACT2
0x18018000 G_ACT3
0x00018000 COMP
0x00018040 COMP
0x00018080 COMP
0x000180c0 COMP
0x00018100 COMP
0x00018140 COMP
0x00018180 COMP
0x000181c0 COMP
0x00018200 COMP
0x00018240 COMP
0x00018280 COMP
0x000182c0 COMP
0x00018300 COMP
0x00018340 COMP
0x00018380 COMP
0x000183c0 COMP
0x00018400 COMP
0x00018440 COMP
0x00018480 COMP
0x000184c0 COMP
0x00018500 COMP
0x00018540 COMP
0x00018580 COMP
0x000185c0 COMP
0x00018600 COMP
0x00018640 COMP
0x00018680 COMP
0x000186c0 COMP
0x00018700 COMP
0x00018740 COMP
0x00018780 COMP
0x000187c0 COMP
READRES
0x00018800 G_ACT0
0x08018800 G_ACT1
0x10018800 G_ACT2
0x18018800 G_ACT3
0x00018800 COMP
0x00018840 COMP
0x00018880 COMP
0x000188c0 COMP
0x00018900 COMP
0x00018940 COMP
0x00018980 COMP
0x000189c0 COMP
0x00018a00 COMP
0x00018a40 COMP
0x00018a80 COMP
0x00018ac0 COMP
0x00018b00 COMP
0x00018b40 COMP
0x00018b80 COMP
0x00018bc0 COMP
0x00018c00 COMP
0x00018c40 COMP
0x00018c80 COMP
0x00018cc0 COMP
0x00018d00 COMP
0x00018d40 COMP
0x00018d80 COMP
0x00018dc0 COMP
0x00018e00 COMP
0x00018e40 COMP
0x00018e80 COMP
0x00018ec0 COMP
0x00018f00 COMP
0x00018f40 COMP
0x00018f80 COMP
0x00018fc0 COMP
READRES
0x00019000 G_ACT0
0x08019000 G_ACT1
0x10019000 G_ACT2
0x18019000 G_ACT3
0x00019000 COMP
0x00019040 COMP
0x00019080 COMP
0x000190c0 COMP
0x00019100 COMP
0x00019140 COMP
0x00019180 COMP
0x000191c0 COMP
0x00019200 COMP
0x00019240 COMP
0x00019280 COMP
0x000192c0 COMP
0x00019300 COMP
0x00019340 COMP
0x00019380 COMP
0x000193c0 COMP
0x00019400 COMP
0x00019440 COMP
0x00019480 COMP
0x000194c0 COMP
0x00019500 COMP
0x00019540 COMP
0x00019580 COMP
0x000195c0 COMP
0x00019600 COMP
0x00019640 COMP
0x00019680 COMP
0x000196c0 COMP
0x00019700 COMP
0x00019740 COMP
0x00019780 COMP
0x000197c0 COMP
READRES
0x00019800 G_ACT0
0x08019800 G_ACT1
0x10019800 G_ACT2
0x18019800 G_ACT3
0x00019800 COMP
0x00019840 COMP
0x00019880 COMP
0x000198c0 COMP
0x00019900 COMP
0x00019940 COMP
0x00019980 COMP
0x000199c0 COMP
0x00019a00 COMP
0x00019a40 COMP
0x00019a80 COMP
0x00019ac0 COMP
0x00019b00 COMP
0x00019b40 COMP
0x00019b80 COMP
0x00019bc0 COMP
0x00019c00 COMP
0x00019c40 COMP
0x00019c80 COMP
0x00019cc0 COMP
0x00019d00 COMP
0x00019d40 COMP
0x00019d80 COMP
0x00019dc0 COMP
0x00019e00 COMP
0x00019e40 COMP
0x00019e80 COMP
0x00019ec0 COMP
0x00019f00 COMP
0x00019f40 COMP
0x00019f80 COMP
0x00019fc0 COMP
READRES
0x0001a000 G_ACT0
0x0801a000 G_ACT1
0x1001a000 G_ACT2
0x1801a000 G_ACT3
0x0001a000 COMP
0x0001a040 COMP
0x0001a080 COMP
0x0001a0c0 COMP
0x0001a100 COMP
0x0001a140 COMP
0x0001a180 COMP
0x0001a1c0 COMP
0x0001a200 COMP
0x0001a240 COMP
0x0001a280 COMP
0x0001a2c0 COMP
0x0001a300 COMP
0x0001a340 COMP
0x0001a380 COMP
0x0001a3c0 COMP
0x0001a400 COMP
0x0001a440 COMP
0x0001a480 COMP
0x0001a4c0 COMP
0x0001a500 COMP
0x0001a540 COMP
0x0001a580 COMP
0x0001a5c0 COMP
0x0001a600 COMP
0x0001a640 COMP
0x0001a680 COMP
0x0001a6c0 COMP
0x0001a700 COMP
0x0001a740 COMP
0x0001a780 COMP
0x0001a7c0 COMP
READRES
0x0001a800 G_ACT0
0x0801a800 G_ACT1
0x1001a800 G_ACT2
0x1801a800 G_ACT3
0x0001a800 COMP
0x0001a840 COMP
0x0001a880 COMP
0x0001a8c0 COMP
0x0001a900 COMP
0x0001a940 COMP
0x0001a980 COMP
0x0001a9c0 COMP
0x0001aa00 COMP
0x0001aa40 COMP
0x0001aa80 COMP
0x0001aac0 COMP
0x0001ab00 COMP
0x0001ab40 COMP
0x0001ab80 COMP
0x0001abc0 COMP
0x0001ac00 COMP
0x0001ac40 COMP
0x0001ac80 COMP
0x0001acc0 COMP
0x0001ad00 COMP
0x0001ad40 COMP
0x0001ad80 COMP
0x0001adc0 COMP
0x0001ae00 COMP
0x0001ae40 COMP
0x0001ae80 COMP
0x0001aec0 COMP
0x0001af00 COMP
0x0001af40 COMP
0x0001af80 COMP
0x0001afc0 COMP
READRES
0x0001b000 G_ACT0
0x0801b000 G_ACT1
0x1001b000 G_ACT2
0x1801b000 G_ACT3
0x0001b000 COMP
0x0001b040 COMP
0x0001b080 COMP
0x0001b0c0 COMP
0x0001b100 COMP
0x0001b140 COMP
0x0001b180 COMP
0x0001b1c0 COMP
0x0001b200 COMP
0x0001b240 COMP
0x0001b280 COMP
0x0001b2c0 COMP
0x0001b300 COMP
0x0001b340 COMP
0x0001b380 COMP
0x0001b3c0 COMP
0x0001b400 COMP
0x0001b440 COMP
0x0001b480 COMP
0x0001b4c0 COMP
0x0001b500 COMP
0x0001b540 COMP
0x0001b580 COMP
0x0001b5c0 COMP
0x0001b600 COMP
0x0001b640 COMP
0x0001b680 COMP
0x0001b6c0 COMP
0x0001b700 COMP
0x0001b740 COMP
0x0001b780 COMP
0x0001b7c0 COMP
READRES
0x0001b800 G_ACT0
0x0801b800 G_ACT1
0x1001b800 G_ACT2
0x1801b800 G_ACT3
0x0001b800 COMP
0x0001b840 COMP
0x0001b880 COMP
0x0001b8c0 COMP
0x0001b900 COMP
0x0001b940 COMP
0x0001b980 COMP
0x0001b9c0 COMP
0x0001ba00 COMP
0x0001ba40 COMP
0x0001ba80 COMP
0x0001bac0 COMP
0x0001bb00 COMP
0x0001bb40 COMP
0x0001bb80 COMP
0x0001bbc0 COMP
0x0001bc00 COMP
0x0001bc40 COMP
0x0001bc80 COMP
0x0001bcc0 COMP
0x0001bd00 COMP
0x0001bd40 COMP
0x0001bd80 COMP
0x0001bdc0 COMP
0x0001be00 COMP
0x0001be40 COMP
0x0001be80 COMP
0x0001bec0 COMP
0x0001bf00 COMP
0x0001bf40 COMP
0x0001bf80 COMP
0x0001bfc0 COMP
READRES
0x0001c000 G_ACT0
0x0801c000 G_ACT1
0x1001c000 G_ACT2
0x1801c000 G_ACT3
0x0001c000 COMP
0x0001c040 COMP
0x0001c080 COMP
0x0001c0c0 COMP
0x0001c100 COMP
0x0001c140 COMP
0x0001c180 COMP
0x0001c1c0 COMP
0x0001c200 COMP
0x0001c240 COMP
0x0001c280 COMP
0x0001c2c0 COMP
0x0001c300 COMP
0x0001c340 COMP
0x0001c380 COMP
0x0001c3c0 COMP
0x0001c400 COMP
0x0001c440 COMP
0x0001c480 COMP
0x0001c4c0 COMP
0x0001c500 COMP
0x0001c540 COMP
0x0001c580 COMP
0x0001c5c0 COMP
0x0001c600 COMP
0x0001c640 COMP
0x0001c680 COMP
0x0001c6c0 COMP
0x0001c700 COMP
0x0001c740 COMP
0x0001c780 COMP
0x0001c7c0 COMP
READRES
0x0001c800 G_ACT0
0x0801c800 G_ACT1
0x1001c800 G_ACT2
0x1801c800 G_ACT3
0x0001c800 COMP
0x0001c840 COMP
0x0001c880 COMP
0x0001c8c0 COMP
0x0001c900 COMP
0x0001c940 COMP
0x0001c980 COMP
0x0001c9c0 COMP
0x0001ca00 COMP
0x0001ca40 COMP
0x0001ca80 COMP
0x0001cac0 COMP
0x0001cb00 COMP
0x0001cb40 COMP
0x0001cb80 COMP
0x0001cbc0 COMP
0x0001cc00 COMP
0x0001cc40 COMP
0x0001cc80 COMP
0x0001ccc0 COMP
0x0001cd00 COMP
0x0001cd40 COMP
0x0001cd80 COMP
0x0001cdc0 COMP
0x0001ce00 COMP
0x0001ce40 COMP
0x0001ce80 COMP
0x0001cec0 COMP
0x0001cf00 COMP
0x0001cf40 COMP
0x0001cf80 COMP
0x0001cfc0 COMP
READRES
0x0001d000 G_ACT0
0x0801d000 G_ACT1
0x1001d000 G_ACT2
0x1801d000 G_ACT3
0x0001d000 COMP
0x0001d040 COMP
0x0001d080 COMP
0x0001d0c0 COMP
0x0001d100 COMP
0x0001d140 COMP
0x0001d180 COMP
0x0001d1c0 COMP
0x0001d200 COMP
0x0001d240 COMP
0x0001d280 COMP
0x0001d2c0 COMP
0x0001d300 COMP
0x0001d340 COMP
0x0001d380 COMP
0x0001d3c0 COMP
0x0001d400 COMP
0x0001d440 COMP
0x0001d480 COMP
0x0001d4c0 COMP
0x0001d500 COMP
0x0001d540 COMP
0x0001d580 COMP
0x0001d5c0 COMP
0x0001d600 COMP
0x0001d640 COMP
0x0001d680 COMP
0x0001d6c0 COMP
0x0001d700 COMP
0x0001d740 COMP
0x0001d780 COMP
0x0001d7c0 COMP
READRES
0x0001d800 G_ACT0
0x0801d800 G_ACT1
0x1001d800 G_ACT2
0x1801d800 G_ACT3
0x0001d800 COMP
0x0001d840 COMP
0x0001d880 COMP
0x0001d8c0 COMP
0x0001d900 COMP
0x0001d940 COMP
0x0001d980 COMP
0x0001d9c0 COMP
0x0001da00 COMP
0x0001da40 COMP
0x0001da80 COMP
0x0001dac0 COMP
0x0001db00 COMP
0x0001db40 COMP
0x0001db80 COMP
0x0001dbc0 COMP
0x0001dc00 COMP
0x0001dc40 COMP
0x0001dc80 COMP
0x0001dcc0 COMP
0x0001dd00 COMP
0x0001dd40 COMP
0x0001dd80 COMP
0x0001ddc0 COMP
0x0001de00 COMP
0x0001de40 COMP
0x0001de80 COMP
0x0001dec0 COMP
0x0001df00 COMP
0x0001df40 COMP
0x0001df80 COMP
0x0001dfc0 COMP
READRES
0x0001e000 G_ACT0
0x0801e000 G_ACT1
0x1001e000 G_ACT2
0x1801e000 G_ACT3
0x0001e000 COMP
0x0001e040 COMP
0x0001e080 COMP
0x0001e0c0 COMP
0x0001e100 COMP
0x0001e140 COMP
0x0001e180 COMP
0x0001e1c0 COMP
0x0001e200 COMP
0x0001e240 COMP
0x0001e280 COMP
0x0001e2c0 COMP
0x0001e300 COMP
0x0001e340 COMP
0x0001e380 COMP
0x0001e3c0 COMP
0x0001e400 COMP
0x0001e440 COMP
0x0001e480 COMP
0x0001e4c0 COMP
0x0001e500 COMP
0x0001e540 COMP
0x0001e580 COMP
0x0001e5c0 COMP
0x0001e600 COMP
0x0001e640 COMP
0x0001e680 COMP
0x0001e6c0 COMP
0x0001e700 COMP
0x0001e740 COMP
0x0001e780 COMP
0x0001e7c0 COMP
READRES
0x0001e800 G_ACT0
0x0801e800 G_ACT1
0x1001e800 G_ACT2
0x1801e800 G_ACT3
0x0001e800 COMP
0x0001e840 COMP
0x0001e880 COMP
0x0001e8c0 COMP
0x0001e900 COMP
0x0001e940 COMP
0x0001e980 COMP
0x0001e9c0 COMP
0x0001ea00 COMP
0x0001ea40 COMP
0x0001ea80 COMP
0x0001eac0 COMP
0x0001eb00 COMP
0x0001eb40 COMP
0x0001eb80 COMP
0x0001ebc0 COMP
0x0001ec00 COMP
0x0001ec40 COMP
0x0001ec80 COMP
0x0001ecc0 COMP
0x0001ed00 COMP
0x0001ed40 COMP
0x0001ed80 COMP
0x0001edc0 COMP
0x0001ee00 COMP
0x0001ee40 COMP
0x0001ee80 COMP
0x0001eec0 COMP
0x0001ef00 COMP
0x0001ef40 COMP
0x0001ef80 COMP
0x0001efc0 COMP
READRES
0x0001f000 G_ACT0
0x0801f000 G_ACT1
0x1001f000 G_ACT2
0x1801f000 G_ACT3
0x0001f000 COMP
0x0001f040 COMP
0x0001f080 COMP
0x0001f0c0 COMP
0x0001f100 COMP
0x0001f140 COMP
0x0001f180 COMP
0x0001f1c0 COMP
0x0001f200 COMP
0x0001f240 COMP
0x0001f280 COMP
0x0001f2c0 COMP
0x0001f300 COMP
0x0001f340 COMP
0x0001f380 COMP
0x0001f3c0 COMP
0x0001f400 COMP
0x0001f440 COMP
0x0001f480 COMP
0x0001f4c0 COMP
0x0001f500 COMP
0x0001f540 COMP
0x0001f580 COMP
0x0001f5c0 COMP
0x0001f600 COMP
0x0001f640 COMP
0x0001f680 COMP
0x0001f6c0 COMP
0x0001f700 COMP
0x0001f740 COMP
0x0001f780 COMP
0x0001f7c0 COMP
READRES
0x0001f800 G_ACT0
0x0801f800 G_ACT1
0x1001f800 G_ACT2
0x1801f800 G_ACT3
0x0001f800 COMP
0x0001f840 COMP
0x0001f880 COMP
0x0001f8c0 COMP
0x0001f900 COMP
0x0001f940 COMP
0x0001f980 COMP
0x0001f9c0 COMP
0x0001fa00 COMP
0x0001fa40 COMP
0x0001fa80 COMP
0x0001fac0 COMP
0x0001fb00 COMP
0x0001fb40 COMP
0x0001fb80 COMP
0x0001fbc0 COMP
0x0001fc00 COMP
0x0001fc40 COMP
0x0001fc80 COMP
0x0001fcc0 COMP
0x0001fd00 COMP
0x0001fd40 COMP
0x0001fd80 COMP
0x0001fdc0 COMP
0x0001fe00 COMP
0x0001fe40 COMP
0x0001fe80 COMP
0x0001fec0 COMP
0x0001ff00 COMP
0x0001ff40 COMP
0x0001ff80 COMP
0x0001ffc0 COMP
READRES
0x00020000 G_ACT0
0x08020000 G_ACT1
0x10020000 G_ACT2
0x18020000 G_ACT3
0x00020000 COMP
0x00020040 COMP
0x00020080 COMP
0x000200c0 COMP
0x00020100 COMP
0x00020140 COMP
0x00020180 COMP
0x000201c0 COMP
0x00020200 COMP
0x00020240 COMP
0x00020280 COMP
0x000202c0 COMP
0x00020300 COMP
0x00020340 COMP
0x00020380 COMP
0x000203c0 COMP
0x00020400 COMP
0x00020440 COMP
0x00020480 COMP
0x000204c0 COMP
0x00020500 COMP
0x00020540 COMP
0x00020580 COMP
0x000205c0 COMP
0x00020600 COMP
0x00020640 COMP
0x00020680 COMP
0x000206c0 COMP
0x00020700 COMP
0x00020740 COMP
0x00020780 COMP
0x000207c0 COMP
READRES
0x00020800 G_ACT0
0x08020800 G_ACT1
0x10020800 G_ACT2
0x18020800 G_ACT3
0x00020800 COMP
0x00020840 COMP
0x00020880 COMP
0x000208c0 COMP
0x00020900 COMP
0x00020940 COMP
0x00020980 COMP
0x000209c0 COMP
0x00020a00 COMP
0x00020a40 COMP
0x00020a80 COMP
0x00020ac0 COMP
0x00020b00 COMP
0x00020b40 COMP
0x00020b80 COMP
0x00020bc0 COMP
0x00020c00 COMP
0x00020c40 COMP
0x00020c80 COMP
0x00020cc0 COMP
0x00020d00 COMP
0x00020d40 COMP
0x00020d80 COMP
0x00020dc0 COMP
0x00020e00 COMP
0x00020e40 COMP
0x00020e80 COMP
0x00020ec0 COMP
0x00020f00 COMP
0x00020f40 COMP
0x00020f80 COMP
0x00020fc0 COMP
READRES
0x00021000 G_ACT0
0x08021000 G_ACT1
0x10021000 G_ACT2
0x18021000 G_ACT3
0x00021000 COMP
0x00021040 COMP
0x00021080 COMP
0x000210c0 COMP
0x00021100 COMP
0x00021140 COMP
0x00021180 COMP
0x000211c0 COMP
0x00021200 COMP
0x00021240 COMP
0x00021280 COMP
0x000212c0 COMP
0x00021300 COMP
0x00021340 COMP
0x00021380 COMP
0x000213c0 COMP
0x00021400 COMP
0x00021440 COMP
0x00021480 COMP
0x000214c0 COMP
0x00021500 COMP
0x00021540 COMP
0x00021580 COMP
0x000215c0 COMP
0x00021600 COMP
0x00021640 COMP
0x00021680 COMP
0x000216c0 COMP
0x00021700 COMP
0x00021740 COMP
0x00021780 COMP
0x000217c0 COMP
READRES
0x00021800 G_ACT0
0x08021800 G_ACT1
0x10021800 G_ACT2
0x18021800 G_ACT3
0x00021800 COMP
0x00021840 COMP
0x00021880 COMP
0x000218c0 COMP
0x00021900 COMP
0x00021940 COMP
0x00021980 COMP
0x000219c0 COMP
0x00021a00 COMP
0x00021a40 COMP
0x00021a80 COMP
0x00021ac0 COMP
0x00021b00 COMP
0x00021b40 COMP
0x00021b80 COMP
0x00021bc0 COMP
0x00021c00 COMP
0x00021c40 COMP
0x00021c80 COMP
0x00021cc0 COMP
0x00021d00 COMP
0x00021d40 COMP
0x00021d80 COMP
0x00021dc0 COMP
0x00021e00 COMP
0x00021e40 COMP
0x00021e80 COMP
0x00021ec0 COMP
0x00021f00 COMP
0x00021f40 COMP
0x00021f80 COMP
0x00021fc0 COMP
READRES
0x00022000 G_ACT0
0x08022000 G_ACT1
0x10022000 G_ACT2
0x18022000 G_ACT3
0x00022000 COMP
0x00022040 COMP
0x00022080 COMP
0x000220c0 COMP
0x00022100 COMP
0x00022140 COMP
0x00022180 COMP
0x000221c0 COMP
0x00022200 COMP
0x00022240 COMP
0x00022280 COMP
0x000222c0 COMP
0x00022300 COMP
0x00022340 COMP
0x00022380 COMP
0x000223c0 COMP
0x00022400 COMP
0x00022440 COMP
0x00022480 COMP
0x000224c0 COMP
0x00022500 COMP
0x00022540 COMP
0x00022580 COMP
0x000225c0 COMP
0x00022600 COMP
0x00022640 COMP
0x00022680 COMP
0x000226c0 COMP
0x00022700 COMP
0x00022740 COMP
0x00022780 COMP
0x000227c0 COMP
READRES
0x00022800 G_ACT0
0x08022800 G_ACT1
0x10022800 G_ACT2
0x18022800 G_ACT3
0x00022800 COMP
0x00022840 COMP
0x00022880 COMP
0x000228c0 COMP
0x00022900 COMP
0x00022940 COMP
0x00022980 COMP
0x000229c0 COMP
0x00022a00 COMP
0x00022a40 COMP
0x00022a80 COMP
0x00022ac0 COMP
0x00022b00 COMP
0x00022b40 COMP
0x00022b80 COMP
0x00022bc0 COMP
0x00022c00 COMP
0x00022c40 COMP
0x00022c80 COMP
0x00022cc0 COMP
0x00022d00 COMP
0x00022d40 COMP
0x00022d80 COMP
0x00022dc0 COMP
0x00022e00 COMP
0x00022e40 COMP
0x00022e80 COMP
0x00022ec0 COMP
0x00022f00 COMP
0x00022f40 COMP
0x00022f80 COMP
0x00022fc0 COMP
READRES
0x00023000 G_ACT0
0x08023000 G_ACT1
0x10023000 G_ACT2
0x18023000 G_ACT3
0x00023000 COMP
0x00023040 COMP
0x00023080 COMP
0x000230c0 COMP
0x00023100 COMP
0x00023140 COMP
0x00023180 COMP
0x000231c0 COMP
0x00023200 COMP
0x00023240 COMP
0x00023280 COMP
0x000232c0 COMP
0x00023300 COMP
0x00023340 COMP
0x00023380 COMP
0x000233c0 COMP
0x00023400 COMP
0x00023440 COMP
0x00023480 COMP
0x000234c0 COMP
0x00023500 COMP
0x00023540 COMP
0x00023580 COMP
0x000235c0 COMP
0x00023600 COMP
0x00023640 COMP
0x00023680 COMP
0x000236c0 COMP
0x00023700 COMP
0x00023740 COMP
0x00023780 COMP
0x000237c0 COMP
READRES
0x00023800 G_ACT0
0x08023800 G_ACT1
0x10023800 G_ACT2
0x18023800 G_ACT3
0x00023800 COMP
0x00023840 COMP
0x00023880 COMP
0x000238c0 COMP
0x00023900 COMP
0x00023940 COMP
0x00023980 COMP
0x000239c0 COMP
0x00023a00 COMP
0x00023a40 COMP
0x00023a80 COMP
0x00023ac0 COMP
0x00023b00 COMP
0x00023b40 COMP
0x00023b80 COMP
0x00023bc0 COMP
0x00023c00 COMP
0x00023c40 COMP
0x00023c80 COMP
0x00023cc0 COMP
0x00023d00 COMP
0x00023d40 COMP
0x00023d80 COMP
0x00023dc0 COMP
0x00023e00 COMP
0x00023e40 COMP
0x00023e80 COMP
0x00023ec0 COMP
0x00023f00 COMP
0x00023f40 COMP
0x00023f80 COMP
0x00023fc0 COMP
READRES
0x00024000 G_ACT0
0x08024000 G_ACT1
0x10024000 G_ACT2
0x18024000 G_ACT3
0x00024000 COMP
0x00024040 COMP
0x00024080 COMP
0x000240c0 COMP
0x00024100 COMP
0x00024140 COMP
0x00024180 COMP
0x000241c0 COMP
0x00024200 COMP
0x00024240 COMP
0x00024280 COMP
0x000242c0 COMP
0x00024300 COMP
0x00024340 COMP
0x00024380 COMP
0x000243c0 COMP
0x00024400 COMP
0x00024440 COMP
0x00024480 COMP
0x000244c0 COMP
0x00024500 COMP
0x00024540 COMP
0x00024580 COMP
0x000245c0 COMP
0x00024600 COMP
0x00024640 COMP
0x00024680 COMP
0x000246c0 COMP
0x00024700 COMP
0x00024740 COMP
0x00024780 COMP
0x000247c0 COMP
READRES
0x00024800 G_ACT0
0x08024800 G_ACT1
0x10024800 G_ACT2
0x18024800 G_ACT3
0x00024800 COMP
0x00024840 COMP
0x00024880 COMP
0x000248c0 COMP
0x00024900 COMP
0x00024940 COMP
0x00024980 COMP
0x000249c0 COMP
0x00024a00 COMP
0x00024a40 COMP
0x00024a80 COMP
0x00024ac0 COMP
0x00024b00 COMP
0x00024b40 COMP
0x00024b80 COMP
0x00024bc0 COMP
0x00024c00 COMP
0x00024c40 COMP
0x00024c80 COMP
0x00024cc0 COMP
0x00024d00 COMP
0x00024d40 COMP
0x00024d80 COMP
0x00024dc0 COMP
0x00024e00 COMP
0x00024e40 COMP
0x00024e80 COMP
0x00024ec0 COMP
0x00024f00 COMP
0x00024f40 COMP
0x00024f80 COMP
0x00024fc0 COMP
READRES
0x00025000 G_ACT0
0x08025000 G_ACT1
0x10025000 G_ACT2
0x18025000 G_ACT3
0x00025000 COMP
0x00025040 COMP
0x00025080 COMP
0x000250c0 COMP
0x00025100 COMP
0x00025140 COMP
0x00025180 COMP
0x000251c0 COMP
0x00025200 COMP
0x00025240 COMP
0x00025280 COMP
0x000252c0 COMP
0x00025300 COMP
0x00025340 COMP
0x00025380 COMP
0x000253c0 COMP
0x00025400 COMP
0x00025440 COMP
0x00025480 COMP
0x000254c0 COMP
0x00025500 COMP
0x00025540 COMP
0x00025580 COMP
0x000255c0 COMP
0x00025600 COMP
0x00025640 COMP
0x00025680 COMP
0x000256c0 COMP
0x00025700 COMP
0x00025740 COMP
0x00025780 COMP
0x000257c0 COMP
READRES
0x00025800 G_ACT0
0x08025800 G_ACT1
0x10025800 G_ACT2
0x18025800 G_ACT3
0x00025800 COMP
0x00025840 COMP
0x00025880 COMP
0x000258c0 COMP
0x00025900 COMP
0x00025940 COMP
0x00025980 COMP
0x000259c0 COMP
0x00025a00 COMP
0x00025a40 COMP
0x00025a80 COMP
0x00025ac0 COMP
0x00025b00 COMP
0x00025b40 COMP
0x00025b80 COMP
0x00025bc0 COMP
0x00025c00 COMP
0x00025c40 COMP
0x00025c80 COMP
0x00025cc0 COMP
0x00025d00 COMP
0x00025d40 COMP
0x00025d80 COMP
0x00025dc0 COMP
0x00025e00 COMP
0x00025e40 COMP
0x00025e80 COMP
0x00025ec0 COMP
0x00025f00 COMP
0x00025f40 COMP
0x00025f80 COMP
0x00025fc0 COMP
READRES
0x00026000 G_ACT0
0x08026000 G_ACT1
0x10026000 G_ACT2
0x18026000 G_ACT3
0x00026000 COMP
0x00026040 COMP
0x00026080 COMP
0x000260c0 COMP
0x00026100 COMP
0x00026140 COMP
0x00026180 COMP
0x000261c0 COMP
0x00026200 COMP
0x00026240 COMP
0x00026280 COMP
0x000262c0 COMP
0x00026300 COMP
0x00026340 COMP
0x00026380 COMP
0x000263c0 COMP
0x00026400 COMP
0x00026440 COMP
0x00026480 COMP
0x000264c0 COMP
0x00026500 COMP
0x00026540 COMP
0x00026580 COMP
0x000265c0 COMP
0x00026600 COMP
0x00026640 COMP
0x00026680 COMP
0x000266c0 COMP
0x00026700 COMP
0x00026740 COMP
0x00026780 COMP
0x000267c0 COMP
READRES
0x00026800 G_ACT0
0x08026800 G_ACT1
0x10026800 G_ACT2
0x18026800 G_ACT3
0x00026800 COMP
0x00026840 COMP
0x00026880 COMP
0x000268c0 COMP
0x00026900 COMP
0x00026940 COMP
0x00026980 COMP
0x000269c0 COMP
0x00026a00 COMP
0x00026a40 COMP
0x00026a80 COMP
0x00026ac0 COMP
0x00026b00 COMP
0x00026b40 COMP
0x00026b80 COMP
0x00026bc0 COMP
0x00026c00 COMP
0x00026c40 COMP
0x00026c80 COMP
0x00026cc0 COMP
0x00026d00 COMP
0x00026d40 COMP
0x00026d80 COMP
0x00026dc0 COMP
0x00026e00 COMP
0x00026e40 COMP
0x00026e80 COMP
0x00026ec0 COMP
0x00026f00 COMP
0x00026f40 COMP
0x00026f80 COMP
0x00026fc0 COMP
READRES
0x00027000 G_ACT0
0x08027000 G_ACT1
0x10027000 G_ACT2
0x18027000 G_ACT3
0x00027000 COMP
0x00027040 COMP
0x00027080 COMP
0x000270c0 COMP
0x00027100 COMP
0x00027140 COMP
0x00027180 COMP
0x000271c0 COMP
0x00027200 COMP
0x00027240 COMP
0x00027280 COMP
0x000272c0 COMP
0x00027300 COMP
0x00027340 COMP
0x00027380 COMP
0x000273c0 COMP
0x00027400 COMP
0x00027440 COMP
0x00027480 COMP
0x000274c0 COMP
0x00027500 COMP
0x00027540 COMP
0x00027580 COMP
0x000275c0 COMP
0x00027600 COMP
0x00027640 COMP
0x00027680 COMP
0x000276c0 COMP
0x00027700 COMP
0x00027740 COMP
0x00027780 COMP
0x000277c0 COMP
READRES
0x00027800 G_ACT0
0x08027800 G_ACT1
0x10027800 G_ACT2
0x18027800 G_ACT3
0x00027800 COMP
0x00027840 COMP
0x00027880 COMP
0x000278c0 COMP
0x00027900 COMP
0x00027940 COMP
0x00027980 COMP
0x000279c0 COMP
0x00027a00 COMP
0x00027a40 COMP
0x00027a80 COMP
0x00027ac0 COMP
0x00027b00 COMP
0x00027b40 COMP
0x00027b80 COMP
0x00027bc0 COMP
0x00027c00 COMP
0x00027c40 COMP
0x00027c80 COMP
0x00027cc0 COMP
0x00027d00 COMP
0x00027d40 COMP
0x00027d80 COMP
0x00027dc0 COMP
0x00027e00 COMP
0x00027e40 COMP
0x00027e80 COMP
0x00027ec0 COMP
0x00027f00 COMP
0x00027f40 COMP
0x00027f80 COMP
0x00027fc0 COMP
READRES
0x00028000 G_ACT0
0x08028000 G_ACT1
0x10028000 G_ACT2
0x18028000 G_ACT3
0x00028000 COMP
0x00028040 COMP
0x00028080 COMP
0x000280c0 COMP
0x00028100 COMP
0x00028140 COMP
0x00028180 COMP
0x000281c0 COMP
0x00028200 COMP
0x00028240 COMP
0x00028280 COMP
0x000282c0 COMP
0x00028300 COMP
0x00028340 COMP
0x00028380 COMP
0x000283c0 COMP
0x00028400 COMP
0x00028440 COMP
0x00028480 COMP
0x000284c0 COMP
0x00028500 COMP
0x00028540 COMP
0x00028580 COMP
0x000285c0 COMP
0x00028600 COMP
0x00028640 COMP
0x00028680 COMP
0x000286c0 COMP
0x00028700 COMP
0x00028740 COMP
0x00028780 COMP
0x000287c0 COMP
READRES
0x00028800 G_ACT0
0x08028800 G_ACT1
0x10028800 G_ACT2
0x18028800 G_ACT3
0x00028800 COMP
0x00028840 COMP
0x00028880 COMP
0x000288c0 COMP
0x00028900 COMP
0x00028940 COMP
0x00028980 COMP
0x000289c0 COMP
0x00028a00 COMP
0x00028a40 COMP
0x00028a80 COMP
0x00028ac0 COMP
0x00028b00 COMP
0x00028b40 COMP
0x00028b80 COMP
0x00028bc0 COMP
0x00028c00 COMP
0x00028c40 COMP
0x00028c80 COMP
0x00028cc0 COMP
0x00028d00 COMP
0x00028d40 COMP
0x00028d80 COMP
0x00028dc0 COMP
0x00028e00 COMP
0x00028e40 COMP
0x00028e80 COMP
0x00028ec0 COMP
0x00028f00 COMP
0x00028f40 COMP
0x00028f80 COMP
0x00028fc0 COMP
READRES
0x00029000 G_ACT0
0x08029000 G_ACT1
0x10029000 G_ACT2
0x18029000 G_ACT3
0x00029000 COMP
0x00029040 COMP
0x00029080 COMP
0x000290c0 COMP
0x00029100 COMP
0x00029140 COMP
0x00029180 COMP
0x000291c0 COMP
0x00029200 COMP
0x00029240 COMP
0x00029280 COMP
0x000292c0 COMP
0x00029300 COMP
0x00029340 COMP
0x00029380 COMP
0x000293c0 COMP
0x00029400 COMP
0x00029440 COMP
0x00029480 COMP
0x000294c0 COMP
0x00029500 COMP
0x00029540 COMP
0x00029580 COMP
0x000295c0 COMP
0x00029600 COMP
0x00029640 COMP
0x00029680 COMP
0x000296c0 COMP
0x00029700 COMP
0x00029740 COMP
0x00029780 COMP
0x000297c0 COMP
READRES
0x00029800 G_ACT0
0x08029800 G_ACT1
0x10029800 G_ACT2
0x18029800 G_ACT3
0x00029800 COMP
0x00029840 COMP
0x00029880 COMP
0x000298c0 COMP
0x00029900 COMP
0x00029940 COMP
0x00029980 COMP
0x000299c0 COMP
0x00029a00 COMP
0x00029a40 COMP
0x00029a80 COMP
0x00029ac0 COMP
0x00029b00 COMP
0x00029b40 COMP
0x00029b80 COMP
0x00029bc0 COMP
0x00029c00 COMP
0x00029c40 COMP
0x00029c80 COMP
0x00029cc0 COMP
0x00029d00 COMP
0x00029d40 COMP
0x00029d80 COMP
0x00029dc0 COMP
0x00029e00 COMP
0x00029e40 COMP
0x00029e80 COMP
0x00029ec0 COMP
0x00029f00 COMP
0x00029f40 COMP
0x00029f80 COMP
0x00029fc0 COMP
READRES
0x0002a000 G_ACT0
0x0802a000 G_ACT1
0x1002a000 G_ACT2
0x1802a000 G_ACT3
0x0002a000 COMP
0x0002a040 COMP
0x0002a080 COMP
0x0002a0c0 COMP
0x0002a100 COMP
0x0002a140 COMP
0x0002a180 COMP
0x0002a1c0 COMP
0x0002a200 COMP
0x0002a240 COMP
0x0002a280 COMP
0x0002a2c0 COMP
0x0002a300 COMP
0x0002a340 COMP
0x0002a380 COMP
0x0002a3c0 COMP
0x0002a400 COMP
0x0002a440 COMP
0x0002a480 COMP
0x0002a4c0 COMP
0x0002a500 COMP
0x0002a540 COMP
0x0002a580 COMP
0x0002a5c0 COMP
0x0002a600 COMP
0x0002a640 COMP
0x0002a680 COMP
0x0002a6c0 COMP
0x0002a700 COMP
0x0002a740 COMP
0x0002a780 COMP
0x0002a7c0 COMP
READRES
0x0002a800 G_ACT0
0x0802a800 G_ACT1
0x1002a800 G_ACT2
0x1802a800 G_ACT3
0x0002a800 COMP
0x0002a840 COMP
0x0002a880 COMP
0x0002a8c0 COMP
0x0002a900 COMP
0x0002a940 COMP
0x0002a980 COMP
0x0002a9c0 COMP
0x0002aa00 COMP
0x0002aa40 COMP
0x0002aa80 COMP
0x0002aac0 COMP
0x0002ab00 COMP
0x0002ab40 COMP
0x0002ab80 COMP
0x0002abc0 COMP
0x0002ac00 COMP
0x0002ac40 COMP
0x0002ac80 COMP
0x0002acc0 COMP
0x0002ad00 COMP
0x0002ad40 COMP
0x0002ad80 COMP
0x0002adc0 COMP
0x0002ae00 COMP
0x0002ae40 COMP
0x0002ae80 COMP
0x0002aec0 COMP
0x0002af00 COMP
0x0002af40 COMP
0x0002af80 COMP
0x0002afc0 COMP
READRES
0x0002b000 G_ACT0
0x0802b000 G_ACT1
0x1002b000 G_ACT2
0x1802b000 G_ACT3
0x0002b000 COMP
0x0002b040 COMP
0x0002b080 COMP
0x0002b0c0 COMP
0x0002b100 COMP
0x0002b140 COMP
0x0002b180 COMP
0x0002b1c0 COMP
0x0002b200 COMP
0x0002b240 COMP
0x0002b280 COMP
0x0002b2c0 COMP
0x0002b300 COMP
0x0002b340 COMP
0x0002b380 COMP
0x0002b3c0 COMP
0x0002b400 COMP
0x0002b440 COMP
0x0002b480 COMP
0x0002b4c0 COMP
0x0002b500 COMP
0x0002b540 COMP
0x0002b580 COMP
0x0002b5c0 COMP
0x0002b600 COMP
0x0002b640 COMP
0x0002b680 COMP
0x0002b6c0 COMP
0x0002b700 COMP
0x0002b740 COMP
0x0002b780 COMP
0x0002b7c0 COMP
READRES
0x0002b800 G_ACT0
0x0802b800 G_ACT1
0x1002b800 G_ACT2
0x1802b800 G_ACT3
0x0002b800 COMP
0x0002b840 COMP
0x0002b880 COMP
0x0002b8c0 COMP
0x0002b900 COMP
0x0002b940 COMP
0x0002b980 COMP
0x0002b9c0 COMP
0x0002ba00 COMP
0x0002ba40 COMP
0x0002ba80 COMP
0x0002bac0 COMP
0x0002bb00 COMP
0x0002bb40 COMP
0x0002bb80 COMP
0x0002bbc0 COMP
0x0002bc00 COMP
0x0002bc40 COMP
0x0002bc80 COMP
0x0002bcc0 COMP
0x0002bd00 COMP
0x0002bd40 COMP
0x0002bd80 COMP
0x0002bdc0 COMP
0x0002be00 COMP
0x0002be40 COMP
0x0002be80 COMP
0x0002bec0 COMP
0x0002bf00 COMP
0x0002bf40 COMP
0x0002bf80 COMP
0x0002bfc0 COMP
READRES
0x0002c000 G_ACT0
0x0802c000 G_ACT1
0x1002c000 G_ACT2
0x1802c000 G_ACT3
0x0002c000 COMP
0x0002c040 COMP
0x0002c080 COMP
0x0002c0c0 COMP
0x0002c100 COMP
0x0002c140 COMP
0x0002c180 COMP
0x0002c1c0 COMP
0x0002c200 COMP
0x0002c240 COMP
0x0002c280 COMP
0x0002c2c0 COMP
0x0002c300 COMP
0x0002c340 COMP
0x0002c380 COMP
0x0002c3c0 COMP
0x0002c400 COMP
0x0002c440 COMP
0x0002c480 COMP
0x0002c4c0 COMP
0x0002c500 COMP
0x0002c540 COMP
0x0002c580 COMP
0x0002c5c0 COMP
0x0002c600 COMP
0x0002c640 COMP
0x0002c680 COMP
0x0002c6c0 COMP
0x0002c700 COMP
0x0002c740 COMP
0x0002c780 COMP
0x0002c7c0 COMP
READRES
0x0002c800 G_ACT0
0x0802c800 G_ACT1
0x1002c800 G_ACT2
0x1802c800 G_ACT3
0x0002c800 COMP
0x0002c840 COMP
0x0002c880 COMP
0x0002c8c0 COMP
0x0002c900 COMP
0x0002c940 COMP
0x0002c980 COMP
0x0002c9c0 COMP
0x0002ca00 COMP
0x0002ca40 COMP
0x0002ca80 COMP
0x0002cac0 COMP
0x0002cb00 COMP
0x0002cb40 COMP
0x0002cb80 COMP
0x0002cbc0 COMP
0x0002cc00 COMP
0x0002cc40 COMP
0x0002cc80 COMP
0x0002ccc0 COMP
0x0002cd00 COMP
0x0002cd40 COMP
0x0002cd80 COMP
0x0002cdc0 COMP
0x0002ce00 COMP
0x0002ce40 COMP
0x0002ce80 COMP
0x0002cec0 COMP
0x0002cf00 COMP
0x0002cf40 COMP
0x0002cf80 COMP
0x0002cfc0 COMP
READRES
0x0002d000 G_ACT0
0x0802d000 G_ACT1
0x1002d000 G_ACT2
0x1802d000 G_ACT3
0x0002d000 COMP
0x0002d040 COMP
0x0002d080 COMP
0x0002d0c0 COMP
0x0002d100 COMP
0x0002d140 COMP
0x0002d180 COMP
0x0002d1c0 COMP
0x0002d200 COMP
0x0002d240 COMP
0x0002d280 COMP
0x0002d2c0 COMP
0x0002d300 COMP
0x0002d340 COMP
0x0002d380 COMP
0x0002d3c0 COMP
0x0002d400 COMP
0x0002d440 COMP
0x0002d480 COMP
0x0002d4c0 COMP
0x0002d500 COMP
0x0002d540 COMP
0x0002d580 COMP
0x0002d5c0 COMP
0x0002d600 COMP
0x0002d640 COMP
0x0002d680 COMP
0x0002d6c0 COMP
0x0002d700 COMP
0x0002d740 COMP
0x0002d780 COMP
0x0002d7c0 COMP
READRES
0x0002d800 G_ACT0
0x0802d800 G_ACT1
0x1002d800 G_ACT2
0x1802d800 G_ACT3
0x0002d800 COMP
0x0002d840 COMP
0x0002d880 COMP
0x0002d8c0 COMP
0x0002d900 COMP
0x0002d940 COMP
0x0002d980 COMP
0x0002d9c0 COMP
0x0002da00 COMP
0x0002da40 COMP
0x0002da80 COMP
0x0002dac0 COMP
0x0002db00 COMP
0x0002db40 COMP
0x0002db80 COMP
0x0002dbc0 COMP
0x0002dc00 COMP
0x0002dc40 COMP
0x0002dc80 COMP
0x0002dcc0 COMP
0x0002dd00 COMP
0x0002dd40 COMP
0x0002dd80 COMP
0x0002ddc0 COMP
0x0002de00 COMP
0x0002de40 COMP
0x0002de80 COMP
0x0002dec0 COMP
0x0002df00 COMP
0x0002df40 COMP
0x0002df80 COMP
0x0002dfc0 COMP
READRES
0x0002e000 G_ACT0
0x0802e000 G_ACT1
0x1002e000 G_ACT2
0x1802e000 G_ACT3
0x0002e000 COMP
0x0002e040 COMP
0x0002e080 COMP
0x0002e0c0 COMP
0x0002e100 COMP
0x0002e140 COMP
0x0002e180 COMP
0x0002e1c0 COMP
0x0002e200 COMP
0x0002e240 COMP
0x0002e280 COMP
0x0002e2c0 COMP
0x0002e300 COMP
0x0002e340 COMP
0x0002e380 COMP
0x0002e3c0 COMP
0x0002e400 COMP
0x0002e440 COMP
0x0002e480 COMP
0x0002e4c0 COMP
0x0002e500 COMP
0x0002e540 COMP
0x0002e580 COMP
0x0002e5c0 COMP
0x0002e600 COMP
0x0002e640 COMP
0x0002e680 COMP
0x0002e6c0 COMP
0x0002e700 COMP
0x0002e740 COMP
0x0002e780 COMP
0x0002e7c0 COMP
READRES
0x0002e800 G_ACT0
0x0802e800 G_ACT1
0x1002e800 G_ACT2
0x1802e800 G_ACT3
0x0002e800 COMP
0x0002e840 COMP
0x0002e880 COMP
0x0002e8c0 COMP
0x0002e900 COMP
0x0002e940 COMP
0x0002e980 COMP
0x0002e9c0 COMP
0x0002ea00 COMP
0x0002ea40 COMP
0x0002ea80 COMP
0x0002eac0 COMP
0x0002eb00 COMP
0x0002eb40 COMP
0x0002eb80 COMP
0x0002ebc0 COMP
0x0002ec00 COMP
0x0002ec40 COMP
0x0002ec80 COMP
0x0002ecc0 COMP
0x0002ed00 COMP
0x0002ed40 COMP
0x0002ed80 COMP
0x0002edc0 COMP
0x0002ee00 COMP
0x0002ee40 COMP
0x0002ee80 COMP
0x0002eec0 COMP
0x0002ef00 COMP
0x0002ef40 COMP
0x0002ef80 COMP
0x0002efc0 COMP
READRES
0x0002f000 G_ACT0
0x0802f000 G_ACT1
0x1002f000 G_ACT2
0x1802f000 G_ACT3
0x0002f000 COMP
0x0002f040 COMP
0x0002f080 COMP
0x0002f0c0 COMP
0x0002f100 COMP
0x0002f140 COMP
0x0002f180 COMP
0x0002f1c0 COMP
0x0002f200 COMP
0x0002f240 COMP
0x0002f280 COMP
0x0002f2c0 COMP
0x0002f300 COMP
0x0002f340 COMP
0x0002f380 COMP
0x0002f3c0 COMP
0x0002f400 COMP
0x0002f440 COMP
0x0002f480 COMP
0x0002f4c0 COMP
0x0002f500 COMP
0x0002f540 COMP
0x0002f580 COMP
0x0002f5c0 COMP
0x0002f600 COMP
0x0002f640 COMP
0x0002f680 COMP
0x0002f6c0 COMP
0x0002f700 COMP
0x0002f740 COMP
0x0002f780 COMP
0x0002f7c0 COMP
READRES
0x0002f800 G_ACT0
0x0802f800 G_ACT1
0x1002f800 G_ACT2
0x1802f800 G_ACT3
0x0002f800 COMP
0x0002f840 COMP
0x0002f880 COMP
0x0002f8c0 COMP
0x0002f900 COMP
0x0002f940 COMP
0x0002f980 COMP
0x0002f9c0 COMP
0x0002fa00 COMP
0x0002fa40 COMP
0x0002fa80 COMP
0x0002fac0 COMP
0x0002fb00 COMP
0x0002fb40 COMP
0x0002fb80 COMP
0x0002fbc0 COMP
0x0002fc00 COMP
0x0002fc40 COMP
0x0002fc80 COMP
0x0002fcc0 COMP
0x0002fd00 COMP
0x0002fd40 COMP
0x0002fd80 COMP
0x0002fdc0 COMP
0x0002fe00 COMP
0x0002fe40 COMP
0x0002fe80 COMP
0x0002fec0 COMP
0x0002ff00 COMP
0x0002ff40 COMP
0x0002ff80 COMP
0x0002ffc0 COMP
READRES
0x00030000 G_ACT0
0x08030000 G_ACT1
0x10030000 G_ACT2
0x18030000 G_ACT3
0x00030000 COMP
0x00030040 COMP
0x00030080 COMP
0x000300c0 COMP
0x00030100 COMP
0x00030140 COMP
0x00030180 COMP
0x000301c0 COMP
0x00030200 COMP
0x00030240 COMP
0x00030280 COMP
0x000302c0 COMP
0x00030300 COMP
0x00030340 COMP
0x00030380 COMP
0x000303c0 COMP
0x00030400 COMP
0x00030440 COMP
0x00030480 COMP
0x000304c0 COMP
0x00030500 COMP
0x00030540 COMP
0x00030580 COMP
0x000305c0 COMP
0x00030600 COMP
0x00030640 COMP
0x00030680 COMP
0x000306c0 COMP
0x00030700 COMP
0x00030740 COMP
0x00030780 COMP
0x000307c0 COMP
READRES
0x00030800 G_ACT0
0x08030800 G_ACT1
0x10030800 G_ACT2
0x18030800 G_ACT3
0x00030800 COMP
0x00030840 COMP
0x00030880 COMP
0x000308c0 COMP
0x00030900 COMP
0x00030940 COMP
0x00030980 COMP
0x000309c0 COMP
0x00030a00 COMP
0x00030a40 COMP
0x00030a80 COMP
0x00030ac0 COMP
0x00030b00 COMP
0x00030b40 COMP
0x00030b80 COMP
0x00030bc0 COMP
0x00030c00 COMP
0x00030c40 COMP
0x00030c80 COMP
0x00030cc0 COMP
0x00030d00 COMP
0x00030d40 COMP
0x00030d80 COMP
0x00030dc0 COMP
0x00030e00 COMP
0x00030e40 COMP
0x00030e80 COMP
0x00030ec0 COMP
0x00030f00 COMP
0x00030f40 COMP
0x00030f80 COMP
0x00030fc0 COMP
READRES
0x00031000 G_ACT0
0x08031000 G_ACT1
0x10031000 G_ACT2
0x18031000 G_ACT3
0x00031000 COMP
0x00031040 COMP
0x00031080 COMP
0x000310c0 COMP
0x00031100 COMP
0x00031140 COMP
0x00031180 COMP
0x000311c0 COMP
0x00031200 COMP
0x00031240 COMP
0x00031280 COMP
0x000312c0 COMP
0x00031300 COMP
0x00031340 COMP
0x00031380 COMP
0x000313c0 COMP
0x00031400 COMP
0x00031440 COMP
0x00031480 COMP
0x000314c0 COMP
0x00031500 COMP
0x00031540 COMP
0x00031580 COMP
0x000315c0 COMP
0x00031600 COMP
0x00031640 COMP
0x00031680 COMP
0x000316c0 COMP
0x00031700 COMP
0x00031740 COMP
0x00031780 COMP
0x000317c0 COMP
READRES
0x00031800 G_ACT0
0x08031800 G_ACT1
0x10031800 G_ACT2
0x18031800 G_ACT3
0x00031800 COMP
0x00031840 COMP
0x00031880 COMP
0x000318c0 COMP
0x00031900 COMP
0x00031940 COMP
0x00031980 COMP
0x000319c0 COMP
0x00031a00 COMP
0x00031a40 COMP
0x00031a80 COMP
0x00031ac0 COMP
0x00031b00 COMP
0x00031b40 COMP
0x00031b80 COMP
0x00031bc0 COMP
0x00031c00 COMP
0x00031c40 COMP
0x00031c80 COMP
0x00031cc0 COMP
0x00031d00 COMP
0x00031d40 COMP
0x00031d80 COMP
0x00031dc0 COMP
0x00031e00 COMP
0x00031e40 COMP
0x00031e80 COMP
0x00031ec0 COMP
0x00031f00 COMP
0x00031f40 COMP
0x00031f80 COMP
0x00031fc0 COMP
READRES
0x00032000 G_ACT0
0x08032000 G_ACT1
0x10032000 G_ACT2
0x18032000 G_ACT3
0x00032000 COMP
0x00032040 COMP
0x00032080 COMP
0x000320c0 COMP
0x00032100 COMP
0x00032140 COMP
0x00032180 COMP
0x000321c0 COMP
0x00032200 COMP
0x00032240 COMP
0x00032280 COMP
0x000322c0 COMP
0x00032300 COMP
0x00032340 COMP
0x00032380 COMP
0x000323c0 COMP
0x00032400 COMP
0x00032440 COMP
0x00032480 COMP
0x000324c0 COMP
0x00032500 COMP
0x00032540 COMP
0x00032580 COMP
0x000325c0 COMP
0x00032600 COMP
0x00032640 COMP
0x00032680 COMP
0x000326c0 COMP
0x00032700 COMP
0x00032740 COMP
0x00032780 COMP
0x000327c0 COMP
READRES
0x00032800 G_ACT0
0x08032800 G_ACT1
0x10032800 G_ACT2
0x18032800 G_ACT3
0x00032800 COMP
0x00032840 COMP
0x00032880 COMP
0x000328c0 COMP
0x00032900 COMP
0x00032940 COMP
0x00032980 COMP
0x000329c0 COMP
0x00032a00 COMP
0x00032a40 COMP
0x00032a80 COMP
0x00032ac0 COMP
0x00032b00 COMP
0x00032b40 COMP
0x00032b80 COMP
0x00032bc0 COMP
0x00032c00 COMP
0x00032c40 COMP
0x00032c80 COMP
0x00032cc0 COMP
0x00032d00 COMP
0x00032d40 COMP
0x00032d80 COMP
0x00032dc0 COMP
0x00032e00 COMP
0x00032e40 COMP
0x00032e80 COMP
0x00032ec0 COMP
0x00032f00 COMP
0x00032f40 COMP
0x00032f80 COMP
0x00032fc0 COMP
READRES
0x00033000 G_ACT0
0x08033000 G_ACT1
0x10033000 G_ACT2
0x18033000 G_ACT3
0x00033000 COMP
0x00033040 COMP
0x00033080 COMP
0x000330c0 COMP
0x00033100 COMP
0x00033140 COMP
0x00033180 COMP
0x000331c0 COMP
0x00033200 COMP
0x00033240 COMP
0x00033280 COMP
0x000332c0 COMP
0x00033300 COMP
0x00033340 COMP
0x00033380 COMP
0x000333c0 COMP
0x00033400 COMP
0x00033440 COMP
0x00033480 COMP
0x000334c0 COMP
0x00033500 COMP
0x00033540 COMP
0x00033580 COMP
0x000335c0 COMP
0x00033600 COMP
0x00033640 COMP
0x00033680 COMP
0x000336c0 COMP
0x00033700 COMP
0x00033740 COMP
0x00033780 COMP
0x000337c0 COMP
READRES
0x00033800 G_ACT0
0x08033800 G_ACT1
0x10033800 G_ACT2
0x18033800 G_ACT3
0x00033800 COMP
0x00033840 COMP
0x00033880 COMP
0x000338c0 COMP
0x00033900 COMP
0x00033940 COMP
0x00033980 COMP
0x000339c0 COMP
0x00033a00 COMP
0x00033a40 COMP
0x00033a80 COMP
0x00033ac0 COMP
0x00033b00 COMP
0x00033b40 COMP
0x00033b80 COMP
0x00033bc0 COMP
0x00033c00 COMP
0x00033c40 COMP
0x00033c80 COMP
0x00033cc0 COMP
0x00033d00 COMP
0x00033d40 COMP
0x00033d80 COMP
0x00033dc0 COMP
0x00033e00 COMP
0x00033e40 COMP
0x00033e80 COMP
0x00033ec0 COMP
0x00033f00 COMP
0x00033f40 COMP
0x00033f80 COMP
0x00033fc0 COMP
READRES
0x00034000 G_ACT0
0x08034000 G_ACT1
0x10034000 G_ACT2
0x18034000 G_ACT3
0x00034000 COMP
0x00034040 COMP
0x00034080 COMP
0x000340c0 COMP
0x00034100 COMP
0x00034140 COMP
0x00034180 COMP
0x000341c0 COMP
0x00034200 COMP
0x00034240 COMP
0x00034280 COMP
0x000342c0 COMP
0x00034300 COMP
0x00034340 COMP
0x00034380 COMP
0x000343c0 COMP
0x00034400 COMP
0x00034440 COMP
0x00034480 COMP
0x000344c0 COMP
0x00034500 COMP
0x00034540 COMP
0x00034580 COMP
0x000345c0 COMP
0x00034600 COMP
0x00034640 COMP
0x00034680 COMP
0x000346c0 COMP
0x00034700 COMP
0x00034740 COMP
0x00034780 COMP
0x000347c0 COMP
READRES
0x00034800 G_ACT0
0x08034800 G_ACT1
0x10034800 G_ACT2
0x18034800 G_ACT3
0x00034800 COMP
0x00034840 COMP
0x00034880 COMP
0x000348c0 COMP
0x00034900 COMP
0x00034940 COMP
0x00034980 COMP
0x000349c0 COMP
0x00034a00 COMP
0x00034a40 COMP
0x00034a80 COMP
0x00034ac0 COMP
0x00034b00 COMP
0x00034b40 COMP
0x00034b80 COMP
0x00034bc0 COMP
0x00034c00 COMP
0x00034c40 COMP
0x00034c80 COMP
0x00034cc0 COMP
0x00034d00 COMP
0x00034d40 COMP
0x00034d80 COMP
0x00034dc0 COMP
0x00034e00 COMP
0x00034e40 COMP
0x00034e80 COMP
0x00034ec0 COMP
0x00034f00 COMP
0x00034f40 COMP
0x00034f80 COMP
0x00034fc0 COMP
READRES
0x00035000 G_ACT0
0x08035000 G_ACT1
0x10035000 G_ACT2
0x18035000 G_ACT3
0x00035000 COMP
0x00035040 COMP
0x00035080 COMP
0x000350c0 COMP
0x00035100 COMP
0x00035140 COMP
0x00035180 COMP
0x000351c0 COMP
0x00035200 COMP
0x00035240 COMP
0x00035280 COMP
0x000352c0 COMP
0x00035300 COMP
0x00035340 COMP
0x00035380 COMP
0x000353c0 COMP
0x00035400 COMP
0x00035440 COMP
0x00035480 COMP
0x000354c0 COMP
0x00035500 COMP
0x00035540 COMP
0x00035580 COMP
0x000355c0 COMP
0x00035600 COMP
0x00035640 COMP
0x00035680 COMP
0x000356c0 COMP
0x00035700 COMP
0x00035740 COMP
0x00035780 COMP
0x000357c0 COMP
READRES
0x00035800 G_ACT0
0x08035800 G_ACT1
0x10035800 G_ACT2
0x18035800 G_ACT3
0x00035800 COMP
0x00035840 COMP
0x00035880 COMP
0x000358c0 COMP
0x00035900 COMP
0x00035940 COMP
0x00035980 COMP
0x000359c0 COMP
0x00035a00 COMP
0x00035a40 COMP
0x00035a80 COMP
0x00035ac0 COMP
0x00035b00 COMP
0x00035b40 COMP
0x00035b80 COMP
0x00035bc0 COMP
0x00035c00 COMP
0x00035c40 COMP
0x00035c80 COMP
0x00035cc0 COMP
0x00035d00 COMP
0x00035d40 COMP
0x00035d80 COMP
0x00035dc0 COMP
0x00035e00 COMP
0x00035e40 COMP
0x00035e80 COMP
0x00035ec0 COMP
0x00035f00 COMP
0x00035f40 COMP
0x00035f80 COMP
0x00035fc0 COMP
READRES
0x00036000 G_ACT0
0x08036000 G_ACT1
0x10036000 G_ACT2
0x18036000 G_ACT3
0x00036000 COMP
0x00036040 COMP
0x00036080 COMP
0x000360c0 COMP
0x00036100 COMP
0x00036140 COMP
0x00036180 COMP
0x000361c0 COMP
0x00036200 COMP
0x00036240 COMP
0x00036280 COMP
0x000362c0 COMP
0x00036300 COMP
0x00036340 COMP
0x00036380 COMP
0x000363c0 COMP
0x00036400 COMP
0x00036440 COMP
0x00036480 COMP
0x000364c0 COMP
0x00036500 COMP
0x00036540 COMP
0x00036580 COMP
0x000365c0 COMP
0x00036600 COMP
0x00036640 COMP
0x00036680 COMP
0x000366c0 COMP
0x00036700 COMP
0x00036740 COMP
0x00036780 COMP
0x000367c0 COMP
READRES
0x00036800 G_ACT0
0x08036800 G_ACT1
0x10036800 G_ACT2
0x18036800 G_ACT3
0x00036800 COMP
0x00036840 COMP
0x00036880 COMP
0x000368c0 COMP
0x00036900 COMP
0x00036940 COMP
0x00036980 COMP
0x000369c0 COMP
0x00036a00 COMP
0x00036a40 COMP
0x00036a80 COMP
0x00036ac0 COMP
0x00036b00 COMP
0x00036b40 COMP
0x00036b80 COMP
0x00036bc0 COMP
0x00036c00 COMP
0x00036c40 COMP
0x00036c80 COMP
0x00036cc0 COMP
0x00036d00 COMP
0x00036d40 COMP
0x00036d80 COMP
0x00036dc0 COMP
0x00036e00 COMP
0x00036e40 COMP
0x00036e80 COMP
0x00036ec0 COMP
0x00036f00 COMP
0x00036f40 COMP
0x00036f80 COMP
0x00036fc0 COMP
READRES
0x00037000 G_ACT0
0x08037000 G_ACT1
0x10037000 G_ACT2
0x18037000 G_ACT3
0x00037000 COMP
0x00037040 COMP
0x00037080 COMP
0x000370c0 COMP
0x00037100 COMP
0x00037140 COMP
0x00037180 COMP
0x000371c0 COMP
0x00037200 COMP
0x00037240 COMP
0x00037280 COMP
0x000372c0 COMP
0x00037300 COMP
0x00037340 COMP
0x00037380 COMP
0x000373c0 COMP
0x00037400 COMP
0x00037440 COMP
0x00037480 COMP
0x000374c0 COMP
0x00037500 COMP
0x00037540 COMP
0x00037580 COMP
0x000375c0 COMP
0x00037600 COMP
0x00037640 COMP
0x00037680 COMP
0x000376c0 COMP
0x00037700 COMP
0x00037740 COMP
0x00037780 COMP
0x000377c0 COMP
READRES
0x00037800 G_ACT0
0x08037800 G_ACT1
0x10037800 G_ACT2
0x18037800 G_ACT3
0x00037800 COMP
0x00037840 COMP
0x00037880 COMP
0x000378c0 COMP
0x00037900 COMP
0x00037940 COMP
0x00037980 COMP
0x000379c0 COMP
0x00037a00 COMP
0x00037a40 COMP
0x00037a80 COMP
0x00037ac0 COMP
0x00037b00 COMP
0x00037b40 COMP
0x00037b80 COMP
0x00037bc0 COMP
0x00037c00 COMP
0x00037c40 COMP
0x00037c80 COMP
0x00037cc0 COMP
0x00037d00 COMP
0x00037d40 COMP
0x00037d80 COMP
0x00037dc0 COMP
0x00037e00 COMP
0x00037e40 COMP
0x00037e80 COMP
0x00037ec0 COMP
0x00037f00 COMP
0x00037f40 COMP
0x00037f80 COMP
0x00037fc0 COMP
READRES
0x00038000 G_ACT0
0x08038000 G_ACT1
0x10038000 G_ACT2
0x18038000 G_ACT3
0x00038000 COMP
0x00038040 COMP
0x00038080 COMP
0x000380c0 COMP
0x00038100 COMP
0x00038140 COMP
0x00038180 COMP
0x000381c0 COMP
0x00038200 COMP
0x00038240 COMP
0x00038280 COMP
0x000382c0 COMP
0x00038300 COMP
0x00038340 COMP
0x00038380 COMP
0x000383c0 COMP
0x00038400 COMP
0x00038440 COMP
0x00038480 COMP
0x000384c0 COMP
0x00038500 COMP
0x00038540 COMP
0x00038580 COMP
0x000385c0 COMP
0x00038600 COMP
0x00038640 COMP
0x00038680 COMP
0x000386c0 COMP
0x00038700 COMP
0x00038740 COMP
0x00038780 COMP
0x000387c0 COMP
READRES
0x00038800 G_ACT0
0x08038800 G_ACT1
0x10038800 G_ACT2
0x18038800 G_ACT3
0x00038800 COMP
0x00038840 COMP
0x00038880 COMP
0x000388c0 COMP
0x00038900 COMP
0x00038940 COMP
0x00038980 COMP
0x000389c0 COMP
0x00038a00 COMP
0x00038a40 COMP
0x00038a80 COMP
0x00038ac0 COMP
0x00038b00 COMP
0x00038b40 COMP
0x00038b80 COMP
0x00038bc0 COMP
0x00038c00 COMP
0x00038c40 COMP
0x00038c80 COMP
0x00038cc0 COMP
0x00038d00 COMP
0x00038d40 COMP
0x00038d80 COMP
0x00038dc0 COMP
0x00038e00 COMP
0x00038e40 COMP
0x00038e80 COMP
0x00038ec0 COMP
0x00038f00 COMP
0x00038f40 COMP
0x00038f80 COMP
0x00038fc0 COMP
READRES
0x00039000 G_ACT0
0x08039000 G_ACT1
0x10039000 G_ACT2
0x18039000 G_ACT3
0x00039000 COMP
0x00039040 COMP
0x00039080 COMP
0x000390c0 COMP
0x00039100 COMP
0x00039140 COMP
0x00039180 COMP
0x000391c0 COMP
0x00039200 COMP
0x00039240 COMP
0x00039280 COMP
0x000392c0 COMP
0x00039300 COMP
0x00039340 COMP
0x00039380 COMP
0x000393c0 COMP
0x00039400 COMP
0x00039440 COMP
0x00039480 COMP
0x000394c0 COMP
0x00039500 COMP
0x00039540 COMP
0x00039580 COMP
0x000395c0 COMP
0x00039600 COMP
0x00039640 COMP
0x00039680 COMP
0x000396c0 COMP
0x00039700 COMP
0x00039740 COMP
0x00039780 COMP
0x000397c0 COMP
READRES
0x00039800 G_ACT0
0x08039800 G_ACT1
0x10039800 G_ACT2
0x18039800 G_ACT3
0x00039800 COMP
0x00039840 COMP
0x00039880 COMP
0x000398c0 COMP
0x00039900 COMP
0x00039940 COMP
0x00039980 COMP
0x000399c0 COMP
0x00039a00 COMP
0x00039a40 COMP
0x00039a80 COMP
0x00039ac0 COMP
0x00039b00 COMP
0x00039b40 COMP
0x00039b80 COMP
0x00039bc0 COMP
0x00039c00 COMP
0x00039c40 COMP
0x00039c80 COMP
0x00039cc0 COMP
0x00039d00 COMP
0x00039d40 COMP
0x00039d80 COMP
0x00039dc0 COMP
0x00039e00 COMP
0x00039e40 COMP
0x00039e80 COMP
0x00039ec0 COMP
0x00039f00 COMP
0x00039f40 COMP
0x00039f80 COMP
0x00039fc0 COMP
READRES
0x0003a000 G_ACT0
0x0803a000 G_ACT1
0x1003a000 G_ACT2
0x1803a000 G_ACT3
0x0003a000 COMP
0x0003a040 COMP
0x0003a080 COMP
0x0003a0c0 COMP
0x0003a100 COMP
0x0003a140 COMP
0x0003a180 COMP
0x0003a1c0 COMP
0x0003a200 COMP
0x0003a240 COMP
0x0003a280 COMP
0x0003a2c0 COMP
0x0003a300 COMP
0x0003a340 COMP
0x0003a380 COMP
0x0003a3c0 COMP
0x0003a400 COMP
0x0003a440 COMP
0x0003a480 COMP
0x0003a4c0 COMP
0x0003a500 COMP
0x0003a540 COMP
0x0003a580 COMP
0x0003a5c0 COMP
0x0003a600 COMP
0x0003a640 COMP
0x0003a680 COMP
0x0003a6c0 COMP
0x0003a700 COMP
0x0003a740 COMP
0x0003a780 COMP
0x0003a7c0 COMP
READRES
0x0003a800 G_ACT0
0x0803a800 G_ACT1
0x1003a800 G_ACT2
0x1803a800 G_ACT3
0x0003a800 COMP
0x0003a840 COMP
0x0003a880 COMP
0x0003a8c0 COMP
0x0003a900 COMP
0x0003a940 COMP
0x0003a980 COMP
0x0003a9c0 COMP
0x0003aa00 COMP
0x0003aa40 COMP
0x0003aa80 COMP
0x0003aac0 COMP
0x0003ab00 COMP
0x0003ab40 COMP
0x0003ab80 COMP
0x0003abc0 COMP
0x0003ac00 COMP
0x0003ac40 COMP
0x0003ac80 COMP
0x0003acc0 COMP
0x0003ad00 COMP
0x0003ad40 COMP
0x0003ad80 COMP
0x0003adc0 COMP
0x0003ae00 COMP
0x0003ae40 COMP
0x0003ae80 COMP
0x0003aec0 COMP
0x0003af00 COMP
0x0003af40 COMP
0x0003af80 COMP
0x0003afc0 COMP
READRES
0x0003b000 G_ACT0
0x0803b000 G_ACT1
0x1003b000 G_ACT2
0x1803b000 G_ACT3
0x0003b000 COMP
0x0003b040 COMP
0x0003b080 COMP
0x0003b0c0 COMP
0x0003b100 COMP
0x0003b140 COMP
0x0003b180 COMP
0x0003b1c0 COMP
0x0003b200 COMP
0x0003b240 COMP
0x0003b280 COMP
0x0003b2c0 COMP
0x0003b300 COMP
0x0003b340 COMP
0x0003b380 COMP
0x0003b3c0 COMP
0x0003b400 COMP
0x0003b440 COMP
0x0003b480 COMP
0x0003b4c0 COMP
0x0003b500 COMP
0x0003b540 COMP
0x0003b580 COMP
0x0003b5c0 COMP
0x0003b600 COMP
0x0003b640 COMP
0x0003b680 COMP
0x0003b6c0 COMP
0x0003b700 COMP
0x0003b740 COMP
0x0003b780 COMP
0x0003b7c0 COMP
READRES
0x0003b800 G_ACT0
0x0803b800 G_ACT1
0x1003b800 G_ACT2
0x1803b800 G_ACT3
0x0003b800 COMP
0x0003b840 COMP
0x0003b880 COMP
0x0003b8c0 COMP
0x0003b900 COMP
0x0003b940 COMP
0x0003b980 COMP
0x0003b9c0 COMP
0x0003ba00 COMP
0x0003ba40 COMP
0x0003ba80 COMP
0x0003bac0 COMP
0x0003bb00 COMP
0x0003bb40 COMP
0x0003bb80 COMP
0x0003bbc0 COMP
0x0003bc00 COMP
0x0003bc40 COMP
0x0003bc80 COMP
0x0003bcc0 COMP
0x0003bd00 COMP
0x0003bd40 COMP
0x0003bd80 COMP
0x0003bdc0 COMP
0x0003be00 COMP
0x0003be40 COMP
0x0003be80 COMP
0x0003bec0 COMP
0x0003bf00 COMP
0x0003bf40 COMP
0x0003bf80 COMP
0x0003bfc0 COMP
READRES
0x0003c000 G_ACT0
0x0803c000 G_ACT1
0x1003c000 G_ACT2
0x1803c000 G_ACT3
0x0003c000 COMP
0x0003c040 COMP
0x0003c080 COMP
0x0003c0c0 COMP
0x0003c100 COMP
0x0003c140 COMP
0x0003c180 COMP
0x0003c1c0 COMP
0x0003c200 COMP
0x0003c240 COMP
0x0003c280 COMP
0x0003c2c0 COMP
0x0003c300 COMP
0x0003c340 COMP
0x0003c380 COMP
0x0003c3c0 COMP
0x0003c400 COMP
0x0003c440 COMP
0x0003c480 COMP
0x0003c4c0 COMP
0x0003c500 COMP
0x0003c540 COMP
0x0003c580 COMP
0x0003c5c0 COMP
0x0003c600 COMP
0x0003c640 COMP
0x0003c680 COMP
0x0003c6c0 COMP
0x0003c700 COMP
0x0003c740 COMP
0x0003c780 COMP
0x0003c7c0 COMP
READRES
0x0003c800 G_ACT0
0x0803c800 G_ACT1
0x1003c800 G_ACT2
0x1803c800 G_ACT3
0x0003c800 COMP
0x0003c840 COMP
0x0003c880 COMP
0x0003c8c0 COMP
0x0003c900 COMP
0x0003c940 COMP
0x0003c980 COMP
0x0003c9c0 COMP
0x0003ca00 COMP
0x0003ca40 COMP
0x0003ca80 COMP
0x0003cac0 COMP
0x0003cb00 COMP
0x0003cb40 COMP
0x0003cb80 COMP
0x0003cbc0 COMP
0x0003cc00 COMP
0x0003cc40 COMP
0x0003cc80 COMP
0x0003ccc0 COMP
0x0003cd00 COMP
0x0003cd40 COMP
0x0003cd80 COMP
0x0003cdc0 COMP
0x0003ce00 COMP
0x0003ce40 COMP
0x0003ce80 COMP
0x0003cec0 COMP
0x0003cf00 COMP
0x0003cf40 COMP
0x0003cf80 COMP
0x0003cfc0 COMP
READRES
0x0003d000 G_ACT0
0x0803d000 G_ACT1
0x1003d000 G_ACT2
0x1803d000 G_ACT3
0x0003d000 COMP
0x0003d040 COMP
0x0003d080 COMP
0x0003d0c0 COMP
0x0003d100 COMP
0x0003d140 COMP
0x0003d180 COMP
0x0003d1c0 COMP
0x0003d200 COMP
0x0003d240 COMP
0x0003d280 COMP
0x0003d2c0 COMP
0x0003d300 COMP
0x0003d340 COMP
0x0003d380 COMP
0x0003d3c0 COMP
0x0003d400 COMP
0x0003d440 COMP
0x0003d480 COMP
0x0003d4c0 COMP
0x0003d500 COMP
0x0003d540 COMP
0x0003d580 COMP
0x0003d5c0 COMP
0x0003d600 COMP
0x0003d640 COMP
0x0003d680 COMP
0x0003d6c0 COMP
0x0003d700 COMP
0x0003d740 COMP
0x0003d780 COMP
0x0003d7c0 COMP
READRES
0x0003d800 G_ACT0
0x0803d800 G_ACT1
0x1003d800 G_ACT2
0x1803d800 G_ACT3
0x0003d800 COMP
0x0003d840 COMP
0x0003d880 COMP
0x0003d8c0 COMP
0x0003d900 COMP
0x0003d940 COMP
0x0003d980 COMP
0x0003d9c0 COMP
0x0003da00 COMP
0x0003da40 COMP
0x0003da80 COMP
0x0003dac0 COMP
0x0003db00 COMP
0x0003db40 COMP
0x0003db80 COMP
0x0003dbc0 COMP
0x0003dc00 COMP
0x0003dc40 COMP
0x0003dc80 COMP
0x0003dcc0 COMP
0x0003dd00 COMP
0x0003dd40 COMP
0x0003dd80 COMP
0x0003ddc0 COMP
0x0003de00 COMP
0x0003de40 COMP
0x0003de80 COMP
0x0003dec0 COMP
0x0003df00 COMP
0x0003df40 COMP
0x0003df80 COMP
0x0003dfc0 COMP
READRES
0x0003e000 G_ACT0
0x0803e000 G_ACT1
0x1003e000 G_ACT2
0x1803e000 G_ACT3
0x0003e000 COMP
0x0003e040 COMP
0x0003e080 COMP
0x0003e0c0 COMP
0x0003e100 COMP
0x0003e140 COMP
0x0003e180 COMP
0x0003e1c0 COMP
0x0003e200 COMP
0x0003e240 COMP
0x0003e280 COMP
0x0003e2c0 COMP
0x0003e300 COMP
0x0003e340 COMP
0x0003e380 COMP
0x0003e3c0 COMP
0x0003e400 COMP
0x0003e440 COMP
0x0003e480 COMP
0x0003e4c0 COMP
0x0003e500 COMP
0x0003e540 COMP
0x0003e580 COMP
0x0003e5c0 COMP
0x0003e600 COMP
0x0003e640 COMP
0x0003e680 COMP
0x0003e6c0 COMP
0x0003e700 COMP
0x0003e740 COMP
0x0003e780 COMP
0x0003e7c0 COMP
READRES
0x0003e800 G_ACT0
0x0803e800 G_ACT1
0x1003e800 G_ACT2
0x1803e800 G_ACT3
0x0003e800 COMP
0x0003e840 COMP
0x0003e880 COMP
0x0003e8c0 COMP
0x0003e900 COMP
0x0003e940 COMP
0x0003e980 COMP
0x0003e9c0 COMP
0x0003ea00 COMP
0x0003ea40 COMP
0x0003ea80 COMP
0x0003eac0 COMP
0x0003eb00 COMP
0x0003eb40 COMP
0x0003eb80 COMP
0x0003ebc0 COMP
0x0003ec00 COMP
0x0003ec40 COMP
0x0003ec80 COMP
0x0003ecc0 COMP
0x0003ed00 COMP
0x0003ed40 COMP
0x0003ed80 COMP
0x0003edc0 COMP
0x0003ee00 COMP
0x0003ee40 COMP
0x0003ee80 COMP
0x0003eec0 COMP
0x0003ef00 COMP
0x0003ef40 COMP
0x0003ef80 COMP
0x0003efc0 COMP
READRES
0x0003f000 G_ACT0
0x0803f000 G_ACT1
0x1003f000 G_ACT2
0x1803f000 G_ACT3
0x0003f000 COMP
0x0003f040 COMP
0x0003f080 COMP
0x0003f0c0 COMP
0x0003f100 COMP
0x0003f140 COMP
0x0003f180 COMP
0x0003f1c0 COMP
0x0003f200 COMP
0x0003f240 COMP
0x0003f280 COMP
0x0003f2c0 COMP
0x0003f300 COMP
0x0003f340 COMP
0x0003f380 COMP
0x0003f3c0 COMP
0x0003f400 COMP
0x0003f440 COMP
0x0003f480 COMP
0x0003f4c0 COMP
0x0003f500 COMP
0x0003f540 COMP
0x0003f580 COMP
0x0003f5c0 COMP
0x0003f600 COMP
0x0003f640 COMP
0x0003f680 COMP
0x0003f6c0 COMP
0x0003f700 COMP
0x0003f740 COMP
0x0003f780 COMP
0x0003f7c0 COMP
READRES
0x0003f800 G_ACT0
0x0803f800 G_ACT1
0x1003f800 G_ACT2
0x1803f800 G_ACT3
0x0003f800 COMP
0x0003f840 COMP
0x0003f880 COMP
0x0003f8c0 COMP
0x0003f900 COMP
0x0003f940 COMP
0x0003f980 COMP
0x0003f9c0 COMP
0x0003fa00 COMP
0x0003fa40 COMP
0x0003fa80 COMP
0x0003fac0 COMP
0x0003fb00 COMP
0x0003fb40 COMP
0x0003fb80 COMP
0x0003fbc0 COMP
0x0003fc00 COMP
0x0003fc40 COMP
0x0003fc80 COMP
0x0003fcc0 COMP
0x0003fd00 COMP
0x0003fd40 COMP
0x0003fd80 COMP
0x0003fdc0 COMP
0x0003fe00 COMP
0x0003fe40 COMP
0x0003fe80 COMP
0x0003fec0 COMP
0x0003ff00 COMP
0x0003ff40 COMP
0x0003ff80 COMP
0x0003ffc0 COMP
READRES
0x00040000 G_ACT0
0x08040000 G_ACT1
0x10040000 G_ACT2
0x18040000 G_ACT3
0x00040000 COMP
0x00040040 COMP
0x00040080 COMP
0x000400c0 COMP
0x00040100 COMP
0x00040140 COMP
0x00040180 COMP
0x000401c0 COMP
0x00040200 COMP
0x00040240 COMP
0x00040280 COMP
0x000402c0 COMP
0x00040300 COMP
0x00040340 COMP
0x00040380 COMP
0x000403c0 COMP
0x00040400 COMP
0x00040440 COMP
0x00040480 COMP
0x000404c0 COMP
0x00040500 COMP
0x00040540 COMP
0x00040580 COMP
0x000405c0 COMP
0x00040600 COMP
0x00040640 COMP
0x00040680 COMP
0x000406c0 COMP
0x00040700 COMP
0x00040740 COMP
0x00040780 COMP
0x000407c0 COMP
READRES
0x00040800 G_ACT0
0x08040800 G_ACT1
0x10040800 G_ACT2
0x18040800 G_ACT3
0x00040800 COMP
0x00040840 COMP
0x00040880 COMP
0x000408c0 COMP
0x00040900 COMP
0x00040940 COMP
0x00040980 COMP
0x000409c0 COMP
0x00040a00 COMP
0x00040a40 COMP
0x00040a80 COMP
0x00040ac0 COMP
0x00040b00 COMP
0x00040b40 COMP
0x00040b80 COMP
0x00040bc0 COMP
0x00040c00 COMP
0x00040c40 COMP
0x00040c80 COMP
0x00040cc0 COMP
0x00040d00 COMP
0x00040d40 COMP
0x00040d80 COMP
0x00040dc0 COMP
0x00040e00 COMP
0x00040e40 COMP
0x00040e80 COMP
0x00040ec0 COMP
0x00040f00 COMP
0x00040f40 COMP
0x00040f80 COMP
0x00040fc0 COMP
READRES
0x00041000 G_ACT0
0x08041000 G_ACT1
0x10041000 G_ACT2
0x18041000 G_ACT3
0x00041000 COMP
0x00041040 COMP
0x00041080 COMP
0x000410c0 COMP
0x00041100 COMP
0x00041140 COMP
0x00041180 COMP
0x000411c0 COMP
0x00041200 COMP
0x00041240 COMP
0x00041280 COMP
0x000412c0 COMP
0x00041300 COMP
0x00041340 COMP
0x00041380 COMP
0x000413c0 COMP
0x00041400 COMP
0x00041440 COMP
0x00041480 COMP
0x000414c0 COMP
0x00041500 COMP
0x00041540 COMP
0x00041580 COMP
0x000415c0 COMP
0x00041600 COMP
0x00041640 COMP
0x00041680 COMP
0x000416c0 COMP
0x00041700 COMP
0x00041740 COMP
0x00041780 COMP
0x000417c0 COMP
READRES
0x00041800 G_ACT0
0x08041800 G_ACT1
0x10041800 G_ACT2
0x18041800 G_ACT3
0x00041800 COMP
0x00041840 COMP
0x00041880 COMP
0x000418c0 COMP
0x00041900 COMP
0x00041940 COMP
0x00041980 COMP
0x000419c0 COMP
0x00041a00 COMP
0x00041a40 COMP
0x00041a80 COMP
0x00041ac0 COMP
0x00041b00 COMP
0x00041b40 COMP
0x00041b80 COMP
0x00041bc0 COMP
0x00041c00 COMP
0x00041c40 COMP
0x00041c80 COMP
0x00041cc0 COMP
0x00041d00 COMP
0x00041d40 COMP
0x00041d80 COMP
0x00041dc0 COMP
0x00041e00 COMP
0x00041e40 COMP
0x00041e80 COMP
0x00041ec0 COMP
0x00041f00 COMP
0x00041f40 COMP
0x00041f80 COMP
0x00041fc0 COMP
READRES
0x00042000 G_ACT0
0x08042000 G_ACT1
0x10042000 G_ACT2
0x18042000 G_ACT3
0x00042000 COMP
0x00042040 COMP
0x00042080 COMP
0x000420c0 COMP
0x00042100 COMP
0x00042140 COMP
0x00042180 COMP
0x000421c0 COMP
0x00042200 COMP
0x00042240 COMP
0x00042280 COMP
0x000422c0 COMP
0x00042300 COMP
0x00042340 COMP
0x00042380 COMP
0x000423c0 COMP
0x00042400 COMP
0x00042440 COMP
0x00042480 COMP
0x000424c0 COMP
0x00042500 COMP
0x00042540 COMP
0x00042580 COMP
0x000425c0 COMP
0x00042600 COMP
0x00042640 COMP
0x00042680 COMP
0x000426c0 COMP
0x00042700 COMP
0x00042740 COMP
0x00042780 COMP
0x000427c0 COMP
READRES
0x00042800 G_ACT0
0x08042800 G_ACT1
0x10042800 G_ACT2
0x18042800 G_ACT3
0x00042800 COMP
0x00042840 COMP
0x00042880 COMP
0x000428c0 COMP
0x00042900 COMP
0x00042940 COMP
0x00042980 COMP
0x000429c0 COMP
0x00042a00 COMP
0x00042a40 COMP
0x00042a80 COMP
0x00042ac0 COMP
0x00042b00 COMP
0x00042b40 COMP
0x00042b80 COMP
0x00042bc0 COMP
0x00042c00 COMP
0x00042c40 COMP
0x00042c80 COMP
0x00042cc0 COMP
0x00042d00 COMP
0x00042d40 COMP
0x00042d80 COMP
0x00042dc0 COMP
0x00042e00 COMP
0x00042e40 COMP
0x00042e80 COMP
0x00042ec0 COMP
0x00042f00 COMP
0x00042f40 COMP
0x00042f80 COMP
0x00042fc0 COMP
READRES
0x00043000 G_ACT0
0x08043000 G_ACT1
0x10043000 G_ACT2
0x18043000 G_ACT3
0x00043000 COMP
0x00043040 COMP
0x00043080 COMP
0x000430c0 COMP
0x00043100 COMP
0x00043140 COMP
0x00043180 COMP
0x000431c0 COMP
0x00043200 COMP
0x00043240 COMP
0x00043280 COMP
0x000432c0 COMP
0x00043300 COMP
0x00043340 COMP
0x00043380 COMP
0x000433c0 COMP
0x00043400 COMP
0x00043440 COMP
0x00043480 COMP
0x000434c0 COMP
0x00043500 COMP
0x00043540 COMP
0x00043580 COMP
0x000435c0 COMP
0x00043600 COMP
0x00043640 COMP
0x00043680 COMP
0x000436c0 COMP
0x00043700 COMP
0x00043740 COMP
0x00043780 COMP
0x000437c0 COMP
READRES
0x00043800 G_ACT0
0x08043800 G_ACT1
0x10043800 G_ACT2
0x18043800 G_ACT3
0x00043800 COMP
0x00043840 COMP
0x00043880 COMP
0x000438c0 COMP
0x00043900 COMP
0x00043940 COMP
0x00043980 COMP
0x000439c0 COMP
0x00043a00 COMP
0x00043a40 COMP
0x00043a80 COMP
0x00043ac0 COMP
0x00043b00 COMP
0x00043b40 COMP
0x00043b80 COMP
0x00043bc0 COMP
0x00043c00 COMP
0x00043c40 COMP
0x00043c80 COMP
0x00043cc0 COMP
0x00043d00 COMP
0x00043d40 COMP
0x00043d80 COMP
0x00043dc0 COMP
0x00043e00 COMP
0x00043e40 COMP
0x00043e80 COMP
0x00043ec0 COMP
0x00043f00 COMP
0x00043f40 COMP
0x00043f80 COMP
0x00043fc0 COMP
READRES
0x00044000 G_ACT0
0x08044000 G_ACT1
0x10044000 G_ACT2
0x18044000 G_ACT3
0x00044000 COMP
0x00044040 COMP
0x00044080 COMP
0x000440c0 COMP
0x00044100 COMP
0x00044140 COMP
0x00044180 COMP
0x000441c0 COMP
0x00044200 COMP
0x00044240 COMP
0x00044280 COMP
0x000442c0 COMP
0x00044300 COMP
0x00044340 COMP
0x00044380 COMP
0x000443c0 COMP
0x00044400 COMP
0x00044440 COMP
0x00044480 COMP
0x000444c0 COMP
0x00044500 COMP
0x00044540 COMP
0x00044580 COMP
0x000445c0 COMP
0x00044600 COMP
0x00044640 COMP
0x00044680 COMP
0x000446c0 COMP
0x00044700 COMP
0x00044740 COMP
0x00044780 COMP
0x000447c0 COMP
READRES
0x00044800 G_ACT0
0x08044800 G_ACT1
0x10044800 G_ACT2
0x18044800 G_ACT3
0x00044800 COMP
0x00044840 COMP
0x00044880 COMP
0x000448c0 COMP
0x00044900 COMP
0x00044940 COMP
0x00044980 COMP
0x000449c0 COMP
0x00044a00 COMP
0x00044a40 COMP
0x00044a80 COMP
0x00044ac0 COMP
0x00044b00 COMP
0x00044b40 COMP
0x00044b80 COMP
0x00044bc0 COMP
0x00044c00 COMP
0x00044c40 COMP
0x00044c80 COMP
0x00044cc0 COMP
0x00044d00 COMP
0x00044d40 COMP
0x00044d80 COMP
0x00044dc0 COMP
0x00044e00 COMP
0x00044e40 COMP
0x00044e80 COMP
0x00044ec0 COMP
0x00044f00 COMP
0x00044f40 COMP
0x00044f80 COMP
0x00044fc0 COMP
READRES
0x00045000 G_ACT0
0x08045000 G_ACT1
0x10045000 G_ACT2
0x18045000 G_ACT3
0x00045000 COMP
0x00045040 COMP
0x00045080 COMP
0x000450c0 COMP
0x00045100 COMP
0x00045140 COMP
0x00045180 COMP
0x000451c0 COMP
0x00045200 COMP
0x00045240 COMP
0x00045280 COMP
0x000452c0 COMP
0x00045300 COMP
0x00045340 COMP
0x00045380 COMP
0x000453c0 COMP
0x00045400 COMP
0x00045440 COMP
0x00045480 COMP
0x000454c0 COMP
0x00045500 COMP
0x00045540 COMP
0x00045580 COMP
0x000455c0 COMP
0x00045600 COMP
0x00045640 COMP
0x00045680 COMP
0x000456c0 COMP
0x00045700 COMP
0x00045740 COMP
0x00045780 COMP
0x000457c0 COMP
READRES
0x00045800 G_ACT0
0x08045800 G_ACT1
0x10045800 G_ACT2
0x18045800 G_ACT3
0x00045800 COMP
0x00045840 COMP
0x00045880 COMP
0x000458c0 COMP
0x00045900 COMP
0x00045940 COMP
0x00045980 COMP
0x000459c0 COMP
0x00045a00 COMP
0x00045a40 COMP
0x00045a80 COMP
0x00045ac0 COMP
0x00045b00 COMP
0x00045b40 COMP
0x00045b80 COMP
0x00045bc0 COMP
0x00045c00 COMP
0x00045c40 COMP
0x00045c80 COMP
0x00045cc0 COMP
0x00045d00 COMP
0x00045d40 COMP
0x00045d80 COMP
0x00045dc0 COMP
0x00045e00 COMP
0x00045e40 COMP
0x00045e80 COMP
0x00045ec0 COMP
0x00045f00 COMP
0x00045f40 COMP
0x00045f80 COMP
0x00045fc0 COMP
READRES
0x00046000 G_ACT0
0x08046000 G_ACT1
0x10046000 G_ACT2
0x18046000 G_ACT3
0x00046000 COMP
0x00046040 COMP
0x00046080 COMP
0x000460c0 COMP
0x00046100 COMP
0x00046140 COMP
0x00046180 COMP
0x000461c0 COMP
0x00046200 COMP
0x00046240 COMP
0x00046280 COMP
0x000462c0 COMP
0x00046300 COMP
0x00046340 COMP
0x00046380 COMP
0x000463c0 COMP
0x00046400 COMP
0x00046440 COMP
0x00046480 COMP
0x000464c0 COMP
0x00046500 COMP
0x00046540 COMP
0x00046580 COMP
0x000465c0 COMP
0x00046600 COMP
0x00046640 COMP
0x00046680 COMP
0x000466c0 COMP
0x00046700 COMP
0x00046740 COMP
0x00046780 COMP
0x000467c0 COMP
READRES
0x00046800 G_ACT0
0x08046800 G_ACT1
0x10046800 G_ACT2
0x18046800 G_ACT3
0x00046800 COMP
0x00046840 COMP
0x00046880 COMP
0x000468c0 COMP
0x00046900 COMP
0x00046940 COMP
0x00046980 COMP
0x000469c0 COMP
0x00046a00 COMP
0x00046a40 COMP
0x00046a80 COMP
0x00046ac0 COMP
0x00046b00 COMP
0x00046b40 COMP
0x00046b80 COMP
0x00046bc0 COMP
0x00046c00 COMP
0x00046c40 COMP
0x00046c80 COMP
0x00046cc0 COMP
0x00046d00 COMP
0x00046d40 COMP
0x00046d80 COMP
0x00046dc0 COMP
0x00046e00 COMP
0x00046e40 COMP
0x00046e80 COMP
0x00046ec0 COMP
0x00046f00 COMP
0x00046f40 COMP
0x00046f80 COMP
0x00046fc0 COMP
READRES
0x00047000 G_ACT0
0x08047000 G_ACT1
0x10047000 G_ACT2
0x18047000 G_ACT3
0x00047000 COMP
0x00047040 COMP
0x00047080 COMP
0x000470c0 COMP
0x00047100 COMP
0x00047140 COMP
0x00047180 COMP
0x000471c0 COMP
0x00047200 COMP
0x00047240 COMP
0x00047280 COMP
0x000472c0 COMP
0x00047300 COMP
0x00047340 COMP
0x00047380 COMP
0x000473c0 COMP
0x00047400 COMP
0x00047440 COMP
0x00047480 COMP
0x000474c0 COMP
0x00047500 COMP
0x00047540 COMP
0x00047580 COMP
0x000475c0 COMP
0x00047600 COMP
0x00047640 COMP
0x00047680 COMP
0x000476c0 COMP
0x00047700 COMP
0x00047740 COMP
0x00047780 COMP
0x000477c0 COMP
READRES
0x00047800 G_ACT0
0x08047800 G_ACT1
0x10047800 G_ACT2
0x18047800 G_ACT3
0x00047800 COMP
0x00047840 COMP
0x00047880 COMP
0x000478c0 COMP
0x00047900 COMP
0x00047940 COMP
0x00047980 COMP
0x000479c0 COMP
0x00047a00 COMP
0x00047a40 COMP
0x00047a80 COMP
0x00047ac0 COMP
0x00047b00 COMP
0x00047b40 COMP
0x00047b80 COMP
0x00047bc0 COMP
0x00047c00 COMP
0x00047c40 COMP
0x00047c80 COMP
0x00047cc0 COMP
0x00047d00 COMP
0x00047d40 COMP
0x00047d80 COMP
0x00047dc0 COMP
0x00047e00 COMP
0x00047e40 COMP
0x00047e80 COMP
0x00047ec0 COMP
0x00047f00 COMP
0x00047f40 COMP
0x00047f80 COMP
0x00047fc0 COMP
READRES
0x00048000 G_ACT0
0x08048000 G_ACT1
0x10048000 G_ACT2
0x18048000 G_ACT3
0x00048000 COMP
0x00048040 COMP
0x00048080 COMP
0x000480c0 COMP
0x00048100 COMP
0x00048140 COMP
0x00048180 COMP
0x000481c0 COMP
0x00048200 COMP
0x00048240 COMP
0x00048280 COMP
0x000482c0 COMP
0x00048300 COMP
0x00048340 COMP
0x00048380 COMP
0x000483c0 COMP
0x00048400 COMP
0x00048440 COMP
0x00048480 COMP
0x000484c0 COMP
0x00048500 COMP
0x00048540 COMP
0x00048580 COMP
0x000485c0 COMP
0x00048600 COMP
0x00048640 COMP
0x00048680 COMP
0x000486c0 COMP
0x00048700 COMP
0x00048740 COMP
0x00048780 COMP
0x000487c0 COMP
READRES
0x00048800 G_ACT0
0x08048800 G_ACT1
0x10048800 G_ACT2
0x18048800 G_ACT3
0x00048800 COMP
0x00048840 COMP
0x00048880 COMP
0x000488c0 COMP
0x00048900 COMP
0x00048940 COMP
0x00048980 COMP
0x000489c0 COMP
0x00048a00 COMP
0x00048a40 COMP
0x00048a80 COMP
0x00048ac0 COMP
0x00048b00 COMP
0x00048b40 COMP
0x00048b80 COMP
0x00048bc0 COMP
0x00048c00 COMP
0x00048c40 COMP
0x00048c80 COMP
0x00048cc0 COMP
0x00048d00 COMP
0x00048d40 COMP
0x00048d80 COMP
0x00048dc0 COMP
0x00048e00 COMP
0x00048e40 COMP
0x00048e80 COMP
0x00048ec0 COMP
0x00048f00 COMP
0x00048f40 COMP
0x00048f80 COMP
0x00048fc0 COMP
READRES
0x00049000 G_ACT0
0x08049000 G_ACT1
0x10049000 G_ACT2
0x18049000 G_ACT3
0x00049000 COMP
0x00049040 COMP
0x00049080 COMP
0x000490c0 COMP
0x00049100 COMP
0x00049140 COMP
0x00049180 COMP
0x000491c0 COMP
0x00049200 COMP
0x00049240 COMP
0x00049280 COMP
0x000492c0 COMP
0x00049300 COMP
0x00049340 COMP
0x00049380 COMP
0x000493c0 COMP
0x00049400 COMP
0x00049440 COMP
0x00049480 COMP
0x000494c0 COMP
0x00049500 COMP
0x00049540 COMP
0x00049580 COMP
0x000495c0 COMP
0x00049600 COMP
0x00049640 COMP
0x00049680 COMP
0x000496c0 COMP
0x00049700 COMP
0x00049740 COMP
0x00049780 COMP
0x000497c0 COMP
READRES
0x00049800 G_ACT0
0x08049800 G_ACT1
0x10049800 G_ACT2
0x18049800 G_ACT3
0x00049800 COMP
0x00049840 COMP
0x00049880 COMP
0x000498c0 COMP
0x00049900 COMP
0x00049940 COMP
0x00049980 COMP
0x000499c0 COMP
0x00049a00 COMP
0x00049a40 COMP
0x00049a80 COMP
0x00049ac0 COMP
0x00049b00 COMP
0x00049b40 COMP
0x00049b80 COMP
0x00049bc0 COMP
0x00049c00 COMP
0x00049c40 COMP
0x00049c80 COMP
0x00049cc0 COMP
0x00049d00 COMP
0x00049d40 COMP
0x00049d80 COMP
0x00049dc0 COMP
0x00049e00 COMP
0x00049e40 COMP
0x00049e80 COMP
0x00049ec0 COMP
0x00049f00 COMP
0x00049f40 COMP
0x00049f80 COMP
0x00049fc0 COMP
READRES
0x0004a000 G_ACT0
0x0804a000 G_ACT1
0x1004a000 G_ACT2
0x1804a000 G_ACT3
0x0004a000 COMP
0x0004a040 COMP
0x0004a080 COMP
0x0004a0c0 COMP
0x0004a100 COMP
0x0004a140 COMP
0x0004a180 COMP
0x0004a1c0 COMP
0x0004a200 COMP
0x0004a240 COMP
0x0004a280 COMP
0x0004a2c0 COMP
0x0004a300 COMP
0x0004a340 COMP
0x0004a380 COMP
0x0004a3c0 COMP
0x0004a400 COMP
0x0004a440 COMP
0x0004a480 COMP
0x0004a4c0 COMP
0x0004a500 COMP
0x0004a540 COMP
0x0004a580 COMP
0x0004a5c0 COMP
0x0004a600 COMP
0x0004a640 COMP
0x0004a680 COMP
0x0004a6c0 COMP
0x0004a700 COMP
0x0004a740 COMP
0x0004a780 COMP
0x0004a7c0 COMP
READRES
0x0004a800 G_ACT0
0x0804a800 G_ACT1
0x1004a800 G_ACT2
0x1804a800 G_ACT3
0x0004a800 COMP
0x0004a840 COMP
0x0004a880 COMP
0x0004a8c0 COMP
0x0004a900 COMP
0x0004a940 COMP
0x0004a980 COMP
0x0004a9c0 COMP
0x0004aa00 COMP
0x0004aa40 COMP
0x0004aa80 COMP
0x0004aac0 COMP
0x0004ab00 COMP
0x0004ab40 COMP
0x0004ab80 COMP
0x0004abc0 COMP
0x0004ac00 COMP
0x0004ac40 COMP
0x0004ac80 COMP
0x0004acc0 COMP
0x0004ad00 COMP
0x0004ad40 COMP
0x0004ad80 COMP
0x0004adc0 COMP
0x0004ae00 COMP
0x0004ae40 COMP
0x0004ae80 COMP
0x0004aec0 COMP
0x0004af00 COMP
0x0004af40 COMP
0x0004af80 COMP
0x0004afc0 COMP
READRES
0x0004b000 G_ACT0
0x0804b000 G_ACT1
0x1004b000 G_ACT2
0x1804b000 G_ACT3
0x0004b000 COMP
0x0004b040 COMP
0x0004b080 COMP
0x0004b0c0 COMP
0x0004b100 COMP
0x0004b140 COMP
0x0004b180 COMP
0x0004b1c0 COMP
0x0004b200 COMP
0x0004b240 COMP
0x0004b280 COMP
0x0004b2c0 COMP
0x0004b300 COMP
0x0004b340 COMP
0x0004b380 COMP
0x0004b3c0 COMP
0x0004b400 COMP
0x0004b440 COMP
0x0004b480 COMP
0x0004b4c0 COMP
0x0004b500 COMP
0x0004b540 COMP
0x0004b580 COMP
0x0004b5c0 COMP
0x0004b600 COMP
0x0004b640 COMP
0x0004b680 COMP
0x0004b6c0 COMP
0x0004b700 COMP
0x0004b740 COMP
0x0004b780 COMP
0x0004b7c0 COMP
READRES
0x0004b800 G_ACT0
0x0804b800 G_ACT1
0x1004b800 G_ACT2
0x1804b800 G_ACT3
0x0004b800 COMP
0x0004b840 COMP
0x0004b880 COMP
0x0004b8c0 COMP
0x0004b900 COMP
0x0004b940 COMP
0x0004b980 COMP
0x0004b9c0 COMP
0x0004ba00 COMP
0x0004ba40 COMP
0x0004ba80 COMP
0x0004bac0 COMP
0x0004bb00 COMP
0x0004bb40 COMP
0x0004bb80 COMP
0x0004bbc0 COMP
0x0004bc00 COMP
0x0004bc40 COMP
0x0004bc80 COMP
0x0004bcc0 COMP
0x0004bd00 COMP
0x0004bd40 COMP
0x0004bd80 COMP
0x0004bdc0 COMP
0x0004be00 COMP
0x0004be40 COMP
0x0004be80 COMP
0x0004bec0 COMP
0x0004bf00 COMP
0x0004bf40 COMP
0x0004bf80 COMP
0x0004bfc0 COMP
READRES
0x0004c000 G_ACT0
0x0804c000 G_ACT1
0x1004c000 G_ACT2
0x1804c000 G_ACT3
0x0004c000 COMP
0x0004c040 COMP
0x0004c080 COMP
0x0004c0c0 COMP
0x0004c100 COMP
0x0004c140 COMP
0x0004c180 COMP
0x0004c1c0 COMP
0x0004c200 COMP
0x0004c240 COMP
0x0004c280 COMP
0x0004c2c0 COMP
0x0004c300 COMP
0x0004c340 COMP
0x0004c380 COMP
0x0004c3c0 COMP
0x0004c400 COMP
0x0004c440 COMP
0x0004c480 COMP
0x0004c4c0 COMP
0x0004c500 COMP
0x0004c540 COMP
0x0004c580 COMP
0x0004c5c0 COMP
0x0004c600 COMP
0x0004c640 COMP
0x0004c680 COMP
0x0004c6c0 COMP
0x0004c700 COMP
0x0004c740 COMP
0x0004c780 COMP
0x0004c7c0 COMP
READRES
0x0004c800 G_ACT0
0x0804c800 G_ACT1
0x1004c800 G_ACT2
0x1804c800 G_ACT3
0x0004c800 COMP
0x0004c840 COMP
0x0004c880 COMP
0x0004c8c0 COMP
0x0004c900 COMP
0x0004c940 COMP
0x0004c980 COMP
0x0004c9c0 COMP
0x0004ca00 COMP
0x0004ca40 COMP
0x0004ca80 COMP
0x0004cac0 COMP
0x0004cb00 COMP
0x0004cb40 COMP
0x0004cb80 COMP
0x0004cbc0 COMP
0x0004cc00 COMP
0x0004cc40 COMP
0x0004cc80 COMP
0x0004ccc0 COMP
0x0004cd00 COMP
0x0004cd40 COMP
0x0004cd80 COMP
0x0004cdc0 COMP
0x0004ce00 COMP
0x0004ce40 COMP
0x0004ce80 COMP
0x0004cec0 COMP
0x0004cf00 COMP
0x0004cf40 COMP
0x0004cf80 COMP
0x0004cfc0 COMP
READRES
0x0004d000 G_ACT0
0x0804d000 G_ACT1
0x1004d000 G_ACT2
0x1804d000 G_ACT3
0x0004d000 COMP
0x0004d040 COMP
0x0004d080 COMP
0x0004d0c0 COMP
0x0004d100 COMP
0x0004d140 COMP
0x0004d180 COMP
0x0004d1c0 COMP
0x0004d200 COMP
0x0004d240 COMP
0x0004d280 COMP
0x0004d2c0 COMP
0x0004d300 COMP
0x0004d340 COMP
0x0004d380 COMP
0x0004d3c0 COMP
0x0004d400 COMP
0x0004d440 COMP
0x0004d480 COMP
0x0004d4c0 COMP
0x0004d500 COMP
0x0004d540 COMP
0x0004d580 COMP
0x0004d5c0 COMP
0x0004d600 COMP
0x0004d640 COMP
0x0004d680 COMP
0x0004d6c0 COMP
0x0004d700 COMP
0x0004d740 COMP
0x0004d780 COMP
0x0004d7c0 COMP
READRES
0x0004d800 G_ACT0
0x0804d800 G_ACT1
0x1004d800 G_ACT2
0x1804d800 G_ACT3
0x0004d800 COMP
0x0004d840 COMP
0x0004d880 COMP
0x0004d8c0 COMP
0x0004d900 COMP
0x0004d940 COMP
0x0004d980 COMP
0x0004d9c0 COMP
0x0004da00 COMP
0x0004da40 COMP
0x0004da80 COMP
0x0004dac0 COMP
0x0004db00 COMP
0x0004db40 COMP
0x0004db80 COMP
0x0004dbc0 COMP
0x0004dc00 COMP
0x0004dc40 COMP
0x0004dc80 COMP
0x0004dcc0 COMP
0x0004dd00 COMP
0x0004dd40 COMP
0x0004dd80 COMP
0x0004ddc0 COMP
0x0004de00 COMP
0x0004de40 COMP
0x0004de80 COMP
0x0004dec0 COMP
0x0004df00 COMP
0x0004df40 COMP
0x0004df80 COMP
0x0004dfc0 COMP
READRES
0x0004e000 G_ACT0
0x0804e000 G_ACT1
0x1004e000 G_ACT2
0x1804e000 G_ACT3
0x0004e000 COMP
0x0004e040 COMP
0x0004e080 COMP
0x0004e0c0 COMP
0x0004e100 COMP
0x0004e140 COMP
0x0004e180 COMP
0x0004e1c0 COMP
0x0004e200 COMP
0x0004e240 COMP
0x0004e280 COMP
0x0004e2c0 COMP
0x0004e300 COMP
0x0004e340 COMP
0x0004e380 COMP
0x0004e3c0 COMP
0x0004e400 COMP
0x0004e440 COMP
0x0004e480 COMP
0x0004e4c0 COMP
0x0004e500 COMP
0x0004e540 COMP
0x0004e580 COMP
0x0004e5c0 COMP
0x0004e600 COMP
0x0004e640 COMP
0x0004e680 COMP
0x0004e6c0 COMP
0x0004e700 COMP
0x0004e740 COMP
0x0004e780 COMP
0x0004e7c0 COMP
READRES
0x0004e800 G_ACT0
0x0804e800 G_ACT1
0x1004e800 G_ACT2
0x1804e800 G_ACT3
0x0004e800 COMP
0x0004e840 COMP
0x0004e880 COMP
0x0004e8c0 COMP
0x0004e900 COMP
0x0004e940 COMP
0x0004e980 COMP
0x0004e9c0 COMP
0x0004ea00 COMP
0x0004ea40 COMP
0x0004ea80 COMP
0x0004eac0 COMP
0x0004eb00 COMP
0x0004eb40 COMP
0x0004eb80 COMP
0x0004ebc0 COMP
0x0004ec00 COMP
0x0004ec40 COMP
0x0004ec80 COMP
0x0004ecc0 COMP
0x0004ed00 COMP
0x0004ed40 COMP
0x0004ed80 COMP
0x0004edc0 COMP
0x0004ee00 COMP
0x0004ee40 COMP
0x0004ee80 COMP
0x0004eec0 COMP
0x0004ef00 COMP
0x0004ef40 COMP
0x0004ef80 COMP
0x0004efc0 COMP
READRES
0x0004f000 G_ACT0
0x0804f000 G_ACT1
0x1004f000 G_ACT2
0x1804f000 G_ACT3
0x0004f000 COMP
0x0004f040 COMP
0x0004f080 COMP
0x0004f0c0 COMP
0x0004f100 COMP
0x0004f140 COMP
0x0004f180 COMP
0x0004f1c0 COMP
0x0004f200 COMP
0x0004f240 COMP
0x0004f280 COMP
0x0004f2c0 COMP
0x0004f300 COMP
0x0004f340 COMP
0x0004f380 COMP
0x0004f3c0 COMP
0x0004f400 COMP
0x0004f440 COMP
0x0004f480 COMP
0x0004f4c0 COMP
0x0004f500 COMP
0x0004f540 COMP
0x0004f580 COMP
0x0004f5c0 COMP
0x0004f600 COMP
0x0004f640 COMP
0x0004f680 COMP
0x0004f6c0 COMP
0x0004f700 COMP
0x0004f740 COMP
0x0004f780 COMP
0x0004f7c0 COMP
READRES
0x0004f800 G_ACT0
0x0804f800 G_ACT1
0x1004f800 G_ACT2
0x1804f800 G_ACT3
0x0004f800 COMP
0x0004f840 COMP
0x0004f880 COMP
0x0004f8c0 COMP
0x0004f900 COMP
0x0004f940 COMP
0x0004f980 COMP
0x0004f9c0 COMP
0x0004fa00 COMP
0x0004fa40 COMP
0x0004fa80 COMP
0x0004fac0 COMP
0x0004fb00 COMP
0x0004fb40 COMP
0x0004fb80 COMP
0x0004fbc0 COMP
0x0004fc00 COMP
0x0004fc40 COMP
0x0004fc80 COMP
0x0004fcc0 COMP
0x0004fd00 COMP
0x0004fd40 COMP
0x0004fd80 COMP
0x0004fdc0 COMP
0x0004fe00 COMP
0x0004fe40 COMP
0x0004fe80 COMP
0x0004fec0 COMP
0x0004ff00 COMP
0x0004ff40 COMP
0x0004ff80 COMP
0x0004ffc0 COMP
READRES
0x00050000 G_ACT0
0x08050000 G_ACT1
0x10050000 G_ACT2
0x18050000 G_ACT3
0x00050000 COMP
0x00050040 COMP
0x00050080 COMP
0x000500c0 COMP
0x00050100 COMP
0x00050140 COMP
0x00050180 COMP
0x000501c0 COMP
0x00050200 COMP
0x00050240 COMP
0x00050280 COMP
0x000502c0 COMP
0x00050300 COMP
0x00050340 COMP
0x00050380 COMP
0x000503c0 COMP
0x00050400 COMP
0x00050440 COMP
0x00050480 COMP
0x000504c0 COMP
0x00050500 COMP
0x00050540 COMP
0x00050580 COMP
0x000505c0 COMP
0x00050600 COMP
0x00050640 COMP
0x00050680 COMP
0x000506c0 COMP
0x00050700 COMP
0x00050740 COMP
0x00050780 COMP
0x000507c0 COMP
READRES
0x00050800 G_ACT0
0x08050800 G_ACT1
0x10050800 G_ACT2
0x18050800 G_ACT3
0x00050800 COMP
0x00050840 COMP
0x00050880 COMP
0x000508c0 COMP
0x00050900 COMP
0x00050940 COMP
0x00050980 COMP
0x000509c0 COMP
0x00050a00 COMP
0x00050a40 COMP
0x00050a80 COMP
0x00050ac0 COMP
0x00050b00 COMP
0x00050b40 COMP
0x00050b80 COMP
0x00050bc0 COMP
0x00050c00 COMP
0x00050c40 COMP
0x00050c80 COMP
0x00050cc0 COMP
0x00050d00 COMP
0x00050d40 COMP
0x00050d80 COMP
0x00050dc0 COMP
0x00050e00 COMP
0x00050e40 COMP
0x00050e80 COMP
0x00050ec0 COMP
0x00050f00 COMP
0x00050f40 COMP
0x00050f80 COMP
0x00050fc0 COMP
READRES
0x00051000 G_ACT0
0x08051000 G_ACT1
0x10051000 G_ACT2
0x18051000 G_ACT3
0x00051000 COMP
0x00051040 COMP
0x00051080 COMP
0x000510c0 COMP
0x00051100 COMP
0x00051140 COMP
0x00051180 COMP
0x000511c0 COMP
0x00051200 COMP
0x00051240 COMP
0x00051280 COMP
0x000512c0 COMP
0x00051300 COMP
0x00051340 COMP
0x00051380 COMP
0x000513c0 COMP
0x00051400 COMP
0x00051440 COMP
0x00051480 COMP
0x000514c0 COMP
0x00051500 COMP
0x00051540 COMP
0x00051580 COMP
0x000515c0 COMP
0x00051600 COMP
0x00051640 COMP
0x00051680 COMP
0x000516c0 COMP
0x00051700 COMP
0x00051740 COMP
0x00051780 COMP
0x000517c0 COMP
READRES
0x00051800 G_ACT0
0x08051800 G_ACT1
0x10051800 G_ACT2
0x18051800 G_ACT3
0x00051800 COMP
0x00051840 COMP
0x00051880 COMP
0x000518c0 COMP
0x00051900 COMP
0x00051940 COMP
0x00051980 COMP
0x000519c0 COMP
0x00051a00 COMP
0x00051a40 COMP
0x00051a80 COMP
0x00051ac0 COMP
0x00051b00 COMP
0x00051b40 COMP
0x00051b80 COMP
0x00051bc0 COMP
0x00051c00 COMP
0x00051c40 COMP
0x00051c80 COMP
0x00051cc0 COMP
0x00051d00 COMP
0x00051d40 COMP
0x00051d80 COMP
0x00051dc0 COMP
0x00051e00 COMP
0x00051e40 COMP
0x00051e80 COMP
0x00051ec0 COMP
0x00051f00 COMP
0x00051f40 COMP
0x00051f80 COMP
0x00051fc0 COMP
READRES
0x00052000 G_ACT0
0x08052000 G_ACT1
0x10052000 G_ACT2
0x18052000 G_ACT3
0x00052000 COMP
0x00052040 COMP
0x00052080 COMP
0x000520c0 COMP
0x00052100 COMP
0x00052140 COMP
0x00052180 COMP
0x000521c0 COMP
0x00052200 COMP
0x00052240 COMP
0x00052280 COMP
0x000522c0 COMP
0x00052300 COMP
0x00052340 COMP
0x00052380 COMP
0x000523c0 COMP
0x00052400 COMP
0x00052440 COMP
0x00052480 COMP
0x000524c0 COMP
0x00052500 COMP
0x00052540 COMP
0x00052580 COMP
0x000525c0 COMP
0x00052600 COMP
0x00052640 COMP
0x00052680 COMP
0x000526c0 COMP
0x00052700 COMP
0x00052740 COMP
0x00052780 COMP
0x000527c0 COMP
READRES
0x00052800 G_ACT0
0x08052800 G_ACT1
0x10052800 G_ACT2
0x18052800 G_ACT3
0x00052800 COMP
0x00052840 COMP
0x00052880 COMP
0x000528c0 COMP
0x00052900 COMP
0x00052940 COMP
0x00052980 COMP
0x000529c0 COMP
0x00052a00 COMP
0x00052a40 COMP
0x00052a80 COMP
0x00052ac0 COMP
0x00052b00 COMP
0x00052b40 COMP
0x00052b80 COMP
0x00052bc0 COMP
0x00052c00 COMP
0x00052c40 COMP
0x00052c80 COMP
0x00052cc0 COMP
0x00052d00 COMP
0x00052d40 COMP
0x00052d80 COMP
0x00052dc0 COMP
0x00052e00 COMP
0x00052e40 COMP
0x00052e80 COMP
0x00052ec0 COMP
0x00052f00 COMP
0x00052f40 COMP
0x00052f80 COMP
0x00052fc0 COMP
READRES
0x00053000 G_ACT0
0x08053000 G_ACT1
0x10053000 G_ACT2
0x18053000 G_ACT3
0x00053000 COMP
0x00053040 COMP
0x00053080 COMP
0x000530c0 COMP
0x00053100 COMP
0x00053140 COMP
0x00053180 COMP
0x000531c0 COMP
0x00053200 COMP
0x00053240 COMP
0x00053280 COMP
0x000532c0 COMP
0x00053300 COMP
0x00053340 COMP
0x00053380 COMP
0x000533c0 COMP
0x00053400 COMP
0x00053440 COMP
0x00053480 COMP
0x000534c0 COMP
0x00053500 COMP
0x00053540 COMP
0x00053580 COMP
0x000535c0 COMP
0x00053600 COMP
0x00053640 COMP
0x00053680 COMP
0x000536c0 COMP
0x00053700 COMP
0x00053740 COMP
0x00053780 COMP
0x000537c0 COMP
READRES
0x00053800 G_ACT0
0x08053800 G_ACT1
0x10053800 G_ACT2
0x18053800 G_ACT3
0x00053800 COMP
0x00053840 COMP
0x00053880 COMP
0x000538c0 COMP
0x00053900 COMP
0x00053940 COMP
0x00053980 COMP
0x000539c0 COMP
0x00053a00 COMP
0x00053a40 COMP
0x00053a80 COMP
0x00053ac0 COMP
0x00053b00 COMP
0x00053b40 COMP
0x00053b80 COMP
0x00053bc0 COMP
0x00053c00 COMP
0x00053c40 COMP
0x00053c80 COMP
0x00053cc0 COMP
0x00053d00 COMP
0x00053d40 COMP
0x00053d80 COMP
0x00053dc0 COMP
0x00053e00 COMP
0x00053e40 COMP
0x00053e80 COMP
0x00053ec0 COMP
0x00053f00 COMP
0x00053f40 COMP
0x00053f80 COMP
0x00053fc0 COMP
READRES
0x00054000 G_ACT0
0x08054000 G_ACT1
0x10054000 G_ACT2
0x18054000 G_ACT3
0x00054000 COMP
0x00054040 COMP
0x00054080 COMP
0x000540c0 COMP
0x00054100 COMP
0x00054140 COMP
0x00054180 COMP
0x000541c0 COMP
0x00054200 COMP
0x00054240 COMP
0x00054280 COMP
0x000542c0 COMP
0x00054300 COMP
0x00054340 COMP
0x00054380 COMP
0x000543c0 COMP
0x00054400 COMP
0x00054440 COMP
0x00054480 COMP
0x000544c0 COMP
0x00054500 COMP
0x00054540 COMP
0x00054580 COMP
0x000545c0 COMP
0x00054600 COMP
0x00054640 COMP
0x00054680 COMP
0x000546c0 COMP
0x00054700 COMP
0x00054740 COMP
0x00054780 COMP
0x000547c0 COMP
READRES
0x00054800 G_ACT0
0x08054800 G_ACT1
0x10054800 G_ACT2
0x18054800 G_ACT3
0x00054800 COMP
0x00054840 COMP
0x00054880 COMP
0x000548c0 COMP
0x00054900 COMP
0x00054940 COMP
0x00054980 COMP
0x000549c0 COMP
0x00054a00 COMP
0x00054a40 COMP
0x00054a80 COMP
0x00054ac0 COMP
0x00054b00 COMP
0x00054b40 COMP
0x00054b80 COMP
0x00054bc0 COMP
0x00054c00 COMP
0x00054c40 COMP
0x00054c80 COMP
0x00054cc0 COMP
0x00054d00 COMP
0x00054d40 COMP
0x00054d80 COMP
0x00054dc0 COMP
0x00054e00 COMP
0x00054e40 COMP
0x00054e80 COMP
0x00054ec0 COMP
0x00054f00 COMP
0x00054f40 COMP
0x00054f80 COMP
0x00054fc0 COMP
READRES
0x00055000 G_ACT0
0x08055000 G_ACT1
0x10055000 G_ACT2
0x18055000 G_ACT3
0x00055000 COMP
0x00055040 COMP
0x00055080 COMP
0x000550c0 COMP
0x00055100 COMP
0x00055140 COMP
0x00055180 COMP
0x000551c0 COMP
0x00055200 COMP
0x00055240 COMP
0x00055280 COMP
0x000552c0 COMP
0x00055300 COMP
0x00055340 COMP
0x00055380 COMP
0x000553c0 COMP
0x00055400 COMP
0x00055440 COMP
0x00055480 COMP
0x000554c0 COMP
0x00055500 COMP
0x00055540 COMP
0x00055580 COMP
0x000555c0 COMP
0x00055600 COMP
0x00055640 COMP
0x00055680 COMP
0x000556c0 COMP
0x00055700 COMP
0x00055740 COMP
0x00055780 COMP
0x000557c0 COMP
READRES
0x00055800 G_ACT0
0x08055800 G_ACT1
0x10055800 G_ACT2
0x18055800 G_ACT3
0x00055800 COMP
0x00055840 COMP
0x00055880 COMP
0x000558c0 COMP
0x00055900 COMP
0x00055940 COMP
0x00055980 COMP
0x000559c0 COMP
0x00055a00 COMP
0x00055a40 COMP
0x00055a80 COMP
0x00055ac0 COMP
0x00055b00 COMP
0x00055b40 COMP
0x00055b80 COMP
0x00055bc0 COMP
0x00055c00 COMP
0x00055c40 COMP
0x00055c80 COMP
0x00055cc0 COMP
0x00055d00 COMP
0x00055d40 COMP
0x00055d80 COMP
0x00055dc0 COMP
0x00055e00 COMP
0x00055e40 COMP
0x00055e80 COMP
0x00055ec0 COMP
0x00055f00 COMP
0x00055f40 COMP
0x00055f80 COMP
0x00055fc0 COMP
READRES
0x00056000 G_ACT0
0x08056000 G_ACT1
0x10056000 G_ACT2
0x18056000 G_ACT3
0x00056000 COMP
0x00056040 COMP
0x00056080 COMP
0x000560c0 COMP
0x00056100 COMP
0x00056140 COMP
0x00056180 COMP
0x000561c0 COMP
0x00056200 COMP
0x00056240 COMP
0x00056280 COMP
0x000562c0 COMP
0x00056300 COMP
0x00056340 COMP
0x00056380 COMP
0x000563c0 COMP
0x00056400 COMP
0x00056440 COMP
0x00056480 COMP
0x000564c0 COMP
0x00056500 COMP
0x00056540 COMP
0x00056580 COMP
0x000565c0 COMP
0x00056600 COMP
0x00056640 COMP
0x00056680 COMP
0x000566c0 COMP
0x00056700 COMP
0x00056740 COMP
0x00056780 COMP
0x000567c0 COMP
READRES
0x00056800 G_ACT0
0x08056800 G_ACT1
0x10056800 G_ACT2
0x18056800 G_ACT3
0x00056800 COMP
0x00056840 COMP
0x00056880 COMP
0x000568c0 COMP
0x00056900 COMP
0x00056940 COMP
0x00056980 COMP
0x000569c0 COMP
0x00056a00 COMP
0x00056a40 COMP
0x00056a80 COMP
0x00056ac0 COMP
0x00056b00 COMP
0x00056b40 COMP
0x00056b80 COMP
0x00056bc0 COMP
0x00056c00 COMP
0x00056c40 COMP
0x00056c80 COMP
0x00056cc0 COMP
0x00056d00 COMP
0x00056d40 COMP
0x00056d80 COMP
0x00056dc0 COMP
0x00056e00 COMP
0x00056e40 COMP
0x00056e80 COMP
0x00056ec0 COMP
0x00056f00 COMP
0x00056f40 COMP
0x00056f80 COMP
0x00056fc0 COMP
READRES
0x00057000 G_ACT0
0x08057000 G_ACT1
0x10057000 G_ACT2
0x18057000 G_ACT3
0x00057000 COMP
0x00057040 COMP
0x00057080 COMP
0x000570c0 COMP
0x00057100 COMP
0x00057140 COMP
0x00057180 COMP
0x000571c0 COMP
0x00057200 COMP
0x00057240 COMP
0x00057280 COMP
0x000572c0 COMP
0x00057300 COMP
0x00057340 COMP
0x00057380 COMP
0x000573c0 COMP
0x00057400 COMP
0x00057440 COMP
0x00057480 COMP
0x000574c0 COMP
0x00057500 COMP
0x00057540 COMP
0x00057580 COMP
0x000575c0 COMP
0x00057600 COMP
0x00057640 COMP
0x00057680 COMP
0x000576c0 COMP
0x00057700 COMP
0x00057740 COMP
0x00057780 COMP
0x000577c0 COMP
READRES
0x00057800 G_ACT0
0x08057800 G_ACT1
0x10057800 G_ACT2
0x18057800 G_ACT3
0x00057800 COMP
0x00057840 COMP
0x00057880 COMP
0x000578c0 COMP
0x00057900 COMP
0x00057940 COMP
0x00057980 COMP
0x000579c0 COMP
0x00057a00 COMP
0x00057a40 COMP
0x00057a80 COMP
0x00057ac0 COMP
0x00057b00 COMP
0x00057b40 COMP
0x00057b80 COMP
0x00057bc0 COMP
0x00057c00 COMP
0x00057c40 COMP
0x00057c80 COMP
0x00057cc0 COMP
0x00057d00 COMP
0x00057d40 COMP
0x00057d80 COMP
0x00057dc0 COMP
0x00057e00 COMP
0x00057e40 COMP
0x00057e80 COMP
0x00057ec0 COMP
0x00057f00 COMP
0x00057f40 COMP
0x00057f80 COMP
0x00057fc0 COMP
READRES
0x00058000 G_ACT0
0x08058000 G_ACT1
0x10058000 G_ACT2
0x18058000 G_ACT3
0x00058000 COMP
0x00058040 COMP
0x00058080 COMP
0x000580c0 COMP
0x00058100 COMP
0x00058140 COMP
0x00058180 COMP
0x000581c0 COMP
0x00058200 COMP
0x00058240 COMP
0x00058280 COMP
0x000582c0 COMP
0x00058300 COMP
0x00058340 COMP
0x00058380 COMP
0x000583c0 COMP
0x00058400 COMP
0x00058440 COMP
0x00058480 COMP
0x000584c0 COMP
0x00058500 COMP
0x00058540 COMP
0x00058580 COMP
0x000585c0 COMP
0x00058600 COMP
0x00058640 COMP
0x00058680 COMP
0x000586c0 COMP
0x00058700 COMP
0x00058740 COMP
0x00058780 COMP
0x000587c0 COMP
READRES
0x00058800 G_ACT0
0x08058800 G_ACT1
0x10058800 G_ACT2
0x18058800 G_ACT3
0x00058800 COMP
0x00058840 COMP
0x00058880 COMP
0x000588c0 COMP
0x00058900 COMP
0x00058940 COMP
0x00058980 COMP
0x000589c0 COMP
0x00058a00 COMP
0x00058a40 COMP
0x00058a80 COMP
0x00058ac0 COMP
0x00058b00 COMP
0x00058b40 COMP
0x00058b80 COMP
0x00058bc0 COMP
0x00058c00 COMP
0x00058c40 COMP
0x00058c80 COMP
0x00058cc0 COMP
0x00058d00 COMP
0x00058d40 COMP
0x00058d80 COMP
0x00058dc0 COMP
0x00058e00 COMP
0x00058e40 COMP
0x00058e80 COMP
0x00058ec0 COMP
0x00058f00 COMP
0x00058f40 COMP
0x00058f80 COMP
0x00058fc0 COMP
READRES
0x00059000 G_ACT0
0x08059000 G_ACT1
0x10059000 G_ACT2
0x18059000 G_ACT3
0x00059000 COMP
0x00059040 COMP
0x00059080 COMP
0x000590c0 COMP
0x00059100 COMP
0x00059140 COMP
0x00059180 COMP
0x000591c0 COMP
0x00059200 COMP
0x00059240 COMP
0x00059280 COMP
0x000592c0 COMP
0x00059300 COMP
0x00059340 COMP
0x00059380 COMP
0x000593c0 COMP
0x00059400 COMP
0x00059440 COMP
0x00059480 COMP
0x000594c0 COMP
0x00059500 COMP
0x00059540 COMP
0x00059580 COMP
0x000595c0 COMP
0x00059600 COMP
0x00059640 COMP
0x00059680 COMP
0x000596c0 COMP
0x00059700 COMP
0x00059740 COMP
0x00059780 COMP
0x000597c0 COMP
READRES
0x00059800 G_ACT0
0x08059800 G_ACT1
0x10059800 G_ACT2
0x18059800 G_ACT3
0x00059800 COMP
0x00059840 COMP
0x00059880 COMP
0x000598c0 COMP
0x00059900 COMP
0x00059940 COMP
0x00059980 COMP
0x000599c0 COMP
0x00059a00 COMP
0x00059a40 COMP
0x00059a80 COMP
0x00059ac0 COMP
0x00059b00 COMP
0x00059b40 COMP
0x00059b80 COMP
0x00059bc0 COMP
0x00059c00 COMP
0x00059c40 COMP
0x00059c80 COMP
0x00059cc0 COMP
0x00059d00 COMP
0x00059d40 COMP
0x00059d80 COMP
0x00059dc0 COMP
0x00059e00 COMP
0x00059e40 COMP
0x00059e80 COMP
0x00059ec0 COMP
0x00059f00 COMP
0x00059f40 COMP
0x00059f80 COMP
0x00059fc0 COMP
READRES
0x0005a000 G_ACT0
0x0805a000 G_ACT1
0x1005a000 G_ACT2
0x1805a000 G_ACT3
0x0005a000 COMP
0x0005a040 COMP
0x0005a080 COMP
0x0005a0c0 COMP
0x0005a100 COMP
0x0005a140 COMP
0x0005a180 COMP
0x0005a1c0 COMP
0x0005a200 COMP
0x0005a240 COMP
0x0005a280 COMP
0x0005a2c0 COMP
0x0005a300 COMP
0x0005a340 COMP
0x0005a380 COMP
0x0005a3c0 COMP
0x0005a400 COMP
0x0005a440 COMP
0x0005a480 COMP
0x0005a4c0 COMP
0x0005a500 COMP
0x0005a540 COMP
0x0005a580 COMP
0x0005a5c0 COMP
0x0005a600 COMP
0x0005a640 COMP
0x0005a680 COMP
0x0005a6c0 COMP
0x0005a700 COMP
0x0005a740 COMP
0x0005a780 COMP
0x0005a7c0 COMP
READRES
0x0005a800 G_ACT0
0x0805a800 G_ACT1
0x1005a800 G_ACT2
0x1805a800 G_ACT3
0x0005a800 COMP
0x0005a840 COMP
0x0005a880 COMP
0x0005a8c0 COMP
0x0005a900 COMP
0x0005a940 COMP
0x0005a980 COMP
0x0005a9c0 COMP
0x0005aa00 COMP
0x0005aa40 COMP
0x0005aa80 COMP
0x0005aac0 COMP
0x0005ab00 COMP
0x0005ab40 COMP
0x0005ab80 COMP
0x0005abc0 COMP
0x0005ac00 COMP
0x0005ac40 COMP
0x0005ac80 COMP
0x0005acc0 COMP
0x0005ad00 COMP
0x0005ad40 COMP
0x0005ad80 COMP
0x0005adc0 COMP
0x0005ae00 COMP
0x0005ae40 COMP
0x0005ae80 COMP
0x0005aec0 COMP
0x0005af00 COMP
0x0005af40 COMP
0x0005af80 COMP
0x0005afc0 COMP
READRES
0x0005b000 G_ACT0
0x0805b000 G_ACT1
0x1005b000 G_ACT2
0x1805b000 G_ACT3
0x0005b000 COMP
0x0005b040 COMP
0x0005b080 COMP
0x0005b0c0 COMP
0x0005b100 COMP
0x0005b140 COMP
0x0005b180 COMP
0x0005b1c0 COMP
0x0005b200 COMP
0x0005b240 COMP
0x0005b280 COMP
0x0005b2c0 COMP
0x0005b300 COMP
0x0005b340 COMP
0x0005b380 COMP
0x0005b3c0 COMP
0x0005b400 COMP
0x0005b440 COMP
0x0005b480 COMP
0x0005b4c0 COMP
0x0005b500 COMP
0x0005b540 COMP
0x0005b580 COMP
0x0005b5c0 COMP
0x0005b600 COMP
0x0005b640 COMP
0x0005b680 COMP
0x0005b6c0 COMP
0x0005b700 COMP
0x0005b740 COMP
0x0005b780 COMP
0x0005b7c0 COMP
READRES
0x0005b800 G_ACT0
0x0805b800 G_ACT1
0x1005b800 G_ACT2
0x1805b800 G_ACT3
0x0005b800 COMP
0x0005b840 COMP
0x0005b880 COMP
0x0005b8c0 COMP
0x0005b900 COMP
0x0005b940 COMP
0x0005b980 COMP
0x0005b9c0 COMP
0x0005ba00 COMP
0x0005ba40 COMP
0x0005ba80 COMP
0x0005bac0 COMP
0x0005bb00 COMP
0x0005bb40 COMP
0x0005bb80 COMP
0x0005bbc0 COMP
0x0005bc00 COMP
0x0005bc40 COMP
0x0005bc80 COMP
0x0005bcc0 COMP
0x0005bd00 COMP
0x0005bd40 COMP
0x0005bd80 COMP
0x0005bdc0 COMP
0x0005be00 COMP
0x0005be40 COMP
0x0005be80 COMP
0x0005bec0 COMP
0x0005bf00 COMP
0x0005bf40 COMP
0x0005bf80 COMP
0x0005bfc0 COMP
READRES
0x0005c000 G_ACT0
0x0805c000 G_ACT1
0x1005c000 G_ACT2
0x1805c000 G_ACT3
0x0005c000 COMP
0x0005c040 COMP
0x0005c080 COMP
0x0005c0c0 COMP
0x0005c100 COMP
0x0005c140 COMP
0x0005c180 COMP
0x0005c1c0 COMP
0x0005c200 COMP
0x0005c240 COMP
0x0005c280 COMP
0x0005c2c0 COMP
0x0005c300 COMP
0x0005c340 COMP
0x0005c380 COMP
0x0005c3c0 COMP
0x0005c400 COMP
0x0005c440 COMP
0x0005c480 COMP
0x0005c4c0 COMP
0x0005c500 COMP
0x0005c540 COMP
0x0005c580 COMP
0x0005c5c0 COMP
0x0005c600 COMP
0x0005c640 COMP
0x0005c680 COMP
0x0005c6c0 COMP
0x0005c700 COMP
0x0005c740 COMP
0x0005c780 COMP
0x0005c7c0 COMP
READRES
0x0005c800 G_ACT0
0x0805c800 G_ACT1
0x1005c800 G_ACT2
0x1805c800 G_ACT3
0x0005c800 COMP
0x0005c840 COMP
0x0005c880 COMP
0x0005c8c0 COMP
0x0005c900 COMP
0x0005c940 COMP
0x0005c980 COMP
0x0005c9c0 COMP
0x0005ca00 COMP
0x0005ca40 COMP
0x0005ca80 COMP
0x0005cac0 COMP
0x0005cb00 COMP
0x0005cb40 COMP
0x0005cb80 COMP
0x0005cbc0 COMP
0x0005cc00 COMP
0x0005cc40 COMP
0x0005cc80 COMP
0x0005ccc0 COMP
0x0005cd00 COMP
0x0005cd40 COMP
0x0005cd80 COMP
0x0005cdc0 COMP
0x0005ce00 COMP
0x0005ce40 COMP
0x0005ce80 COMP
0x0005cec0 COMP
0x0005cf00 COMP
0x0005cf40 COMP
0x0005cf80 COMP
0x0005cfc0 COMP
READRES
0x0005d000 G_ACT0
0x0805d000 G_ACT1
0x1005d000 G_ACT2
0x1805d000 G_ACT3
0x0005d000 COMP
0x0005d040 COMP
0x0005d080 COMP
0x0005d0c0 COMP
0x0005d100 COMP
0x0005d140 COMP
0x0005d180 COMP
0x0005d1c0 COMP
0x0005d200 COMP
0x0005d240 COMP
0x0005d280 COMP
0x0005d2c0 COMP
0x0005d300 COMP
0x0005d340 COMP
0x0005d380 COMP
0x0005d3c0 COMP
0x0005d400 COMP
0x0005d440 COMP
0x0005d480 COMP
0x0005d4c0 COMP
0x0005d500 COMP
0x0005d540 COMP
0x0005d580 COMP
0x0005d5c0 COMP
0x0005d600 COMP
0x0005d640 COMP
0x0005d680 COMP
0x0005d6c0 COMP
0x0005d700 COMP
0x0005d740 COMP
0x0005d780 COMP
0x0005d7c0 COMP
READRES
0x0005d800 G_ACT0
0x0805d800 G_ACT1
0x1005d800 G_ACT2
0x1805d800 G_ACT3
0x0005d800 COMP
0x0005d840 COMP
0x0005d880 COMP
0x0005d8c0 COMP
0x0005d900 COMP
0x0005d940 COMP
0x0005d980 COMP
0x0005d9c0 COMP
0x0005da00 COMP
0x0005da40 COMP
0x0005da80 COMP
0x0005dac0 COMP
0x0005db00 COMP
0x0005db40 COMP
0x0005db80 COMP
0x0005dbc0 COMP
0x0005dc00 COMP
0x0005dc40 COMP
0x0005dc80 COMP
0x0005dcc0 COMP
0x0005dd00 COMP
0x0005dd40 COMP
0x0005dd80 COMP
0x0005ddc0 COMP
0x0005de00 COMP
0x0005de40 COMP
0x0005de80 COMP
0x0005dec0 COMP
0x0005df00 COMP
0x0005df40 COMP
0x0005df80 COMP
0x0005dfc0 COMP
READRES
0x0005e000 G_ACT0
0x0805e000 G_ACT1
0x1005e000 G_ACT2
0x1805e000 G_ACT3
0x0005e000 COMP
0x0005e040 COMP
0x0005e080 COMP
0x0005e0c0 COMP
0x0005e100 COMP
0x0005e140 COMP
0x0005e180 COMP
0x0005e1c0 COMP
0x0005e200 COMP
0x0005e240 COMP
0x0005e280 COMP
0x0005e2c0 COMP
0x0005e300 COMP
0x0005e340 COMP
0x0005e380 COMP
0x0005e3c0 COMP
0x0005e400 COMP
0x0005e440 COMP
0x0005e480 COMP
0x0005e4c0 COMP
0x0005e500 COMP
0x0005e540 COMP
0x0005e580 COMP
0x0005e5c0 COMP
0x0005e600 COMP
0x0005e640 COMP
0x0005e680 COMP
0x0005e6c0 COMP
0x0005e700 COMP
0x0005e740 COMP
0x0005e780 COMP
0x0005e7c0 COMP
READRES
0x0005e800 G_ACT0
0x0805e800 G_ACT1
0x1005e800 G_ACT2
0x1805e800 G_ACT3
0x0005e800 COMP
0x0005e840 COMP
0x0005e880 COMP
0x0005e8c0 COMP
0x0005e900 COMP
0x0005e940 COMP
0x0005e980 COMP
0x0005e9c0 COMP
0x0005ea00 COMP
0x0005ea40 COMP
0x0005ea80 COMP
0x0005eac0 COMP
0x0005eb00 COMP
0x0005eb40 COMP
0x0005eb80 COMP
0x0005ebc0 COMP
0x0005ec00 COMP
0x0005ec40 COMP
0x0005ec80 COMP
0x0005ecc0 COMP
0x0005ed00 COMP
0x0005ed40 COMP
0x0005ed80 COMP
0x0005edc0 COMP
0x0005ee00 COMP
0x0005ee40 COMP
0x0005ee80 COMP
0x0005eec0 COMP
0x0005ef00 COMP
0x0005ef40 COMP
0x0005ef80 COMP
0x0005efc0 COMP
READRES
0x0005f000 G_ACT0
0x0805f000 G_ACT1
0x1005f000 G_ACT2
0x1805f000 G_ACT3
0x0005f000 COMP
0x0005f040 COMP
0x0005f080 COMP
0x0005f0c0 COMP
0x0005f100 COMP
0x0005f140 COMP
0x0005f180 COMP
0x0005f1c0 COMP
0x0005f200 COMP
0x0005f240 COMP
0x0005f280 COMP
0x0005f2c0 COMP
0x0005f300 COMP
0x0005f340 COMP
0x0005f380 COMP
0x0005f3c0 COMP
0x0005f400 COMP
0x0005f440 COMP
0x0005f480 COMP
0x0005f4c0 COMP
0x0005f500 COMP
0x0005f540 COMP
0x0005f580 COMP
0x0005f5c0 COMP
0x0005f600 COMP
0x0005f640 COMP
0x0005f680 COMP
0x0005f6c0 COMP
0x0005f700 COMP
0x0005f740 COMP
0x0005f780 COMP
0x0005f7c0 COMP
READRES
0x0005f800 G_ACT0
0x0805f800 G_ACT1
0x1005f800 G_ACT2
0x1805f800 G_ACT3
0x0005f800 COMP
0x0005f840 COMP
0x0005f880 COMP
0x0005f8c0 COMP
0x0005f900 COMP
0x0005f940 COMP
0x0005f980 COMP
0x0005f9c0 COMP
0x0005fa00 COMP
0x0005fa40 COMP
0x0005fa80 COMP
0x0005fac0 COMP
0x0005fb00 COMP
0x0005fb40 COMP
0x0005fb80 COMP
0x0005fbc0 COMP
0x0005fc00 COMP
0x0005fc40 COMP
0x0005fc80 COMP
0x0005fcc0 COMP
0x0005fd00 COMP
0x0005fd40 COMP
0x0005fd80 COMP
0x0005fdc0 COMP
0x0005fe00 COMP
0x0005fe40 COMP
0x0005fe80 COMP
0x0005fec0 COMP
0x0005ff00 COMP
0x0005ff40 COMP
0x0005ff80 COMP
0x0005ffc0 COMP
READRES
0x00060000 G_ACT0
0x08060000 G_ACT1
0x10060000 G_ACT2
0x18060000 G_ACT3
0x00060000 COMP
0x00060040 COMP
0x00060080 COMP
0x000600c0 COMP
0x00060100 COMP
0x00060140 COMP
0x00060180 COMP
0x000601c0 COMP
0x00060200 COMP
0x00060240 COMP
0x00060280 COMP
0x000602c0 COMP
0x00060300 COMP
0x00060340 COMP
0x00060380 COMP
0x000603c0 COMP
0x00060400 COMP
0x00060440 COMP
0x00060480 COMP
0x000604c0 COMP
0x00060500 COMP
0x00060540 COMP
0x00060580 COMP
0x000605c0 COMP
0x00060600 COMP
0x00060640 COMP
0x00060680 COMP
0x000606c0 COMP
0x00060700 COMP
0x00060740 COMP
0x00060780 COMP
0x000607c0 COMP
READRES
0x00060800 G_ACT0
0x08060800 G_ACT1
0x10060800 G_ACT2
0x18060800 G_ACT3
0x00060800 COMP
0x00060840 COMP
0x00060880 COMP
0x000608c0 COMP
0x00060900 COMP
0x00060940 COMP
0x00060980 COMP
0x000609c0 COMP
0x00060a00 COMP
0x00060a40 COMP
0x00060a80 COMP
0x00060ac0 COMP
0x00060b00 COMP
0x00060b40 COMP
0x00060b80 COMP
0x00060bc0 COMP
0x00060c00 COMP
0x00060c40 COMP
0x00060c80 COMP
0x00060cc0 COMP
0x00060d00 COMP
0x00060d40 COMP
0x00060d80 COMP
0x00060dc0 COMP
0x00060e00 COMP
0x00060e40 COMP
0x00060e80 COMP
0x00060ec0 COMP
0x00060f00 COMP
0x00060f40 COMP
0x00060f80 COMP
0x00060fc0 COMP
READRES
0x00061000 G_ACT0
0x08061000 G_ACT1
0x10061000 G_ACT2
0x18061000 G_ACT3
0x00061000 COMP
0x00061040 COMP
0x00061080 COMP
0x000610c0 COMP
0x00061100 COMP
0x00061140 COMP
0x00061180 COMP
0x000611c0 COMP
0x00061200 COMP
0x00061240 COMP
0x00061280 COMP
0x000612c0 COMP
0x00061300 COMP
0x00061340 COMP
0x00061380 COMP
0x000613c0 COMP
0x00061400 COMP
0x00061440 COMP
0x00061480 COMP
0x000614c0 COMP
0x00061500 COMP
0x00061540 COMP
0x00061580 COMP
0x000615c0 COMP
0x00061600 COMP
0x00061640 COMP
0x00061680 COMP
0x000616c0 COMP
0x00061700 COMP
0x00061740 COMP
0x00061780 COMP
0x000617c0 COMP
READRES
0x00061800 G_ACT0
0x08061800 G_ACT1
0x10061800 G_ACT2
0x18061800 G_ACT3
0x00061800 COMP
0x00061840 COMP
0x00061880 COMP
0x000618c0 COMP
0x00061900 COMP
0x00061940 COMP
0x00061980 COMP
0x000619c0 COMP
0x00061a00 COMP
0x00061a40 COMP
0x00061a80 COMP
0x00061ac0 COMP
0x00061b00 COMP
0x00061b40 COMP
0x00061b80 COMP
0x00061bc0 COMP
0x00061c00 COMP
0x00061c40 COMP
0x00061c80 COMP
0x00061cc0 COMP
0x00061d00 COMP
0x00061d40 COMP
0x00061d80 COMP
0x00061dc0 COMP
0x00061e00 COMP
0x00061e40 COMP
0x00061e80 COMP
0x00061ec0 COMP
0x00061f00 COMP
0x00061f40 COMP
0x00061f80 COMP
0x00061fc0 COMP
READRES
0x00062000 G_ACT0
0x08062000 G_ACT1
0x10062000 G_ACT2
0x18062000 G_ACT3
0x00062000 COMP
0x00062040 COMP
0x00062080 COMP
0x000620c0 COMP
0x00062100 COMP
0x00062140 COMP
0x00062180 COMP
0x000621c0 COMP
0x00062200 COMP
0x00062240 COMP
0x00062280 COMP
0x000622c0 COMP
0x00062300 COMP
0x00062340 COMP
0x00062380 COMP
0x000623c0 COMP
0x00062400 COMP
0x00062440 COMP
0x00062480 COMP
0x000624c0 COMP
0x00062500 COMP
0x00062540 COMP
0x00062580 COMP
0x000625c0 COMP
0x00062600 COMP
0x00062640 COMP
0x00062680 COMP
0x000626c0 COMP
0x00062700 COMP
0x00062740 COMP
0x00062780 COMP
0x000627c0 COMP
READRES
0x00062800 G_ACT0
0x08062800 G_ACT1
0x10062800 G_ACT2
0x18062800 G_ACT3
0x00062800 COMP
0x00062840 COMP
0x00062880 COMP
0x000628c0 COMP
0x00062900 COMP
0x00062940 COMP
0x00062980 COMP
0x000629c0 COMP
0x00062a00 COMP
0x00062a40 COMP
0x00062a80 COMP
0x00062ac0 COMP
0x00062b00 COMP
0x00062b40 COMP
0x00062b80 COMP
0x00062bc0 COMP
0x00062c00 COMP
0x00062c40 COMP
0x00062c80 COMP
0x00062cc0 COMP
0x00062d00 COMP
0x00062d40 COMP
0x00062d80 COMP
0x00062dc0 COMP
0x00062e00 COMP
0x00062e40 COMP
0x00062e80 COMP
0x00062ec0 COMP
0x00062f00 COMP
0x00062f40 COMP
0x00062f80 COMP
0x00062fc0 COMP
READRES
0x00063000 G_ACT0
0x08063000 G_ACT1
0x10063000 G_ACT2
0x18063000 G_ACT3
0x00063000 COMP
0x00063040 COMP
0x00063080 COMP
0x000630c0 COMP
0x00063100 COMP
0x00063140 COMP
0x00063180 COMP
0x000631c0 COMP
0x00063200 COMP
0x00063240 COMP
0x00063280 COMP
0x000632c0 COMP
0x00063300 COMP
0x00063340 COMP
0x00063380 COMP
0x000633c0 COMP
0x00063400 COMP
0x00063440 COMP
0x00063480 COMP
0x000634c0 COMP
0x00063500 COMP
0x00063540 COMP
0x00063580 COMP
0x000635c0 COMP
0x00063600 COMP
0x00063640 COMP
0x00063680 COMP
0x000636c0 COMP
0x00063700 COMP
0x00063740 COMP
0x00063780 COMP
0x000637c0 COMP
READRES
0x00063800 G_ACT0
0x08063800 G_ACT1
0x10063800 G_ACT2
0x18063800 G_ACT3
0x00063800 COMP
0x00063840 COMP
0x00063880 COMP
0x000638c0 COMP
0x00063900 COMP
0x00063940 COMP
0x00063980 COMP
0x000639c0 COMP
0x00063a00 COMP
0x00063a40 COMP
0x00063a80 COMP
0x00063ac0 COMP
0x00063b00 COMP
0x00063b40 COMP
0x00063b80 COMP
0x00063bc0 COMP
0x00063c00 COMP
0x00063c40 COMP
0x00063c80 COMP
0x00063cc0 COMP
0x00063d00 COMP
0x00063d40 COMP
0x00063d80 COMP
0x00063dc0 COMP
0x00063e00 COMP
0x00063e40 COMP
0x00063e80 COMP
0x00063ec0 COMP
0x00063f00 COMP
0x00063f40 COMP
0x00063f80 COMP
0x00063fc0 COMP
READRES
0x00064000 G_ACT0
0x08064000 G_ACT1
0x10064000 G_ACT2
0x18064000 G_ACT3
0x00064000 COMP
0x00064040 COMP
0x00064080 COMP
0x000640c0 COMP
0x00064100 COMP
0x00064140 COMP
0x00064180 COMP
0x000641c0 COMP
0x00064200 COMP
0x00064240 COMP
0x00064280 COMP
0x000642c0 COMP
0x00064300 COMP
0x00064340 COMP
0x00064380 COMP
0x000643c0 COMP
0x00064400 COMP
0x00064440 COMP
0x00064480 COMP
0x000644c0 COMP
0x00064500 COMP
0x00064540 COMP
0x00064580 COMP
0x000645c0 COMP
0x00064600 COMP
0x00064640 COMP
0x00064680 COMP
0x000646c0 COMP
0x00064700 COMP
0x00064740 COMP
0x00064780 COMP
0x000647c0 COMP
READRES
0x00064800 G_ACT0
0x08064800 G_ACT1
0x10064800 G_ACT2
0x18064800 G_ACT3
0x00064800 COMP
0x00064840 COMP
0x00064880 COMP
0x000648c0 COMP
0x00064900 COMP
0x00064940 COMP
0x00064980 COMP
0x000649c0 COMP
0x00064a00 COMP
0x00064a40 COMP
0x00064a80 COMP
0x00064ac0 COMP
0x00064b00 COMP
0x00064b40 COMP
0x00064b80 COMP
0x00064bc0 COMP
0x00064c00 COMP
0x00064c40 COMP
0x00064c80 COMP
0x00064cc0 COMP
0x00064d00 COMP
0x00064d40 COMP
0x00064d80 COMP
0x00064dc0 COMP
0x00064e00 COMP
0x00064e40 COMP
0x00064e80 COMP
0x00064ec0 COMP
0x00064f00 COMP
0x00064f40 COMP
0x00064f80 COMP
0x00064fc0 COMP
READRES
0x00065000 G_ACT0
0x08065000 G_ACT1
0x10065000 G_ACT2
0x18065000 G_ACT3
0x00065000 COMP
0x00065040 COMP
0x00065080 COMP
0x000650c0 COMP
0x00065100 COMP
0x00065140 COMP
0x00065180 COMP
0x000651c0 COMP
0x00065200 COMP
0x00065240 COMP
0x00065280 COMP
0x000652c0 COMP
0x00065300 COMP
0x00065340 COMP
0x00065380 COMP
0x000653c0 COMP
0x00065400 COMP
0x00065440 COMP
0x00065480 COMP
0x000654c0 COMP
0x00065500 COMP
0x00065540 COMP
0x00065580 COMP
0x000655c0 COMP
0x00065600 COMP
0x00065640 COMP
0x00065680 COMP
0x000656c0 COMP
0x00065700 COMP
0x00065740 COMP
0x00065780 COMP
0x000657c0 COMP
READRES
0x00065800 G_ACT0
0x08065800 G_ACT1
0x10065800 G_ACT2
0x18065800 G_ACT3
0x00065800 COMP
0x00065840 COMP
0x00065880 COMP
0x000658c0 COMP
0x00065900 COMP
0x00065940 COMP
0x00065980 COMP
0x000659c0 COMP
0x00065a00 COMP
0x00065a40 COMP
0x00065a80 COMP
0x00065ac0 COMP
0x00065b00 COMP
0x00065b40 COMP
0x00065b80 COMP
0x00065bc0 COMP
0x00065c00 COMP
0x00065c40 COMP
0x00065c80 COMP
0x00065cc0 COMP
0x00065d00 COMP
0x00065d40 COMP
0x00065d80 COMP
0x00065dc0 COMP
0x00065e00 COMP
0x00065e40 COMP
0x00065e80 COMP
0x00065ec0 COMP
0x00065f00 COMP
0x00065f40 COMP
0x00065f80 COMP
0x00065fc0 COMP
READRES
0x00066000 G_ACT0
0x08066000 G_ACT1
0x10066000 G_ACT2
0x18066000 G_ACT3
0x00066000 COMP
0x00066040 COMP
0x00066080 COMP
0x000660c0 COMP
0x00066100 COMP
0x00066140 COMP
0x00066180 COMP
0x000661c0 COMP
0x00066200 COMP
0x00066240 COMP
0x00066280 COMP
0x000662c0 COMP
0x00066300 COMP
0x00066340 COMP
0x00066380 COMP
0x000663c0 COMP
0x00066400 COMP
0x00066440 COMP
0x00066480 COMP
0x000664c0 COMP
0x00066500 COMP
0x00066540 COMP
0x00066580 COMP
0x000665c0 COMP
0x00066600 COMP
0x00066640 COMP
0x00066680 COMP
0x000666c0 COMP
0x00066700 COMP
0x00066740 COMP
0x00066780 COMP
0x000667c0 COMP
READRES
0x00066800 G_ACT0
0x08066800 G_ACT1
0x10066800 G_ACT2
0x18066800 G_ACT3
0x00066800 COMP
0x00066840 COMP
0x00066880 COMP
0x000668c0 COMP
0x00066900 COMP
0x00066940 COMP
0x00066980 COMP
0x000669c0 COMP
0x00066a00 COMP
0x00066a40 COMP
0x00066a80 COMP
0x00066ac0 COMP
0x00066b00 COMP
0x00066b40 COMP
0x00066b80 COMP
0x00066bc0 COMP
0x00066c00 COMP
0x00066c40 COMP
0x00066c80 COMP
0x00066cc0 COMP
0x00066d00 COMP
0x00066d40 COMP
0x00066d80 COMP
0x00066dc0 COMP
0x00066e00 COMP
0x00066e40 COMP
0x00066e80 COMP
0x00066ec0 COMP
0x00066f00 COMP
0x00066f40 COMP
0x00066f80 COMP
0x00066fc0 COMP
READRES
0x00067000 G_ACT0
0x08067000 G_ACT1
0x10067000 G_ACT2
0x18067000 G_ACT3
0x00067000 COMP
0x00067040 COMP
0x00067080 COMP
0x000670c0 COMP
0x00067100 COMP
0x00067140 COMP
0x00067180 COMP
0x000671c0 COMP
0x00067200 COMP
0x00067240 COMP
0x00067280 COMP
0x000672c0 COMP
0x00067300 COMP
0x00067340 COMP
0x00067380 COMP
0x000673c0 COMP
0x00067400 COMP
0x00067440 COMP
0x00067480 COMP
0x000674c0 COMP
0x00067500 COMP
0x00067540 COMP
0x00067580 COMP
0x000675c0 COMP
0x00067600 COMP
0x00067640 COMP
0x00067680 COMP
0x000676c0 COMP
0x00067700 COMP
0x00067740 COMP
0x00067780 COMP
0x000677c0 COMP
READRES
0x00067800 G_ACT0
0x08067800 G_ACT1
0x10067800 G_ACT2
0x18067800 G_ACT3
0x00067800 COMP
0x00067840 COMP
0x00067880 COMP
0x000678c0 COMP
0x00067900 COMP
0x00067940 COMP
0x00067980 COMP
0x000679c0 COMP
0x00067a00 COMP
0x00067a40 COMP
0x00067a80 COMP
0x00067ac0 COMP
0x00067b00 COMP
0x00067b40 COMP
0x00067b80 COMP
0x00067bc0 COMP
0x00067c00 COMP
0x00067c40 COMP
0x00067c80 COMP
0x00067cc0 COMP
0x00067d00 COMP
0x00067d40 COMP
0x00067d80 COMP
0x00067dc0 COMP
0x00067e00 COMP
0x00067e40 COMP
0x00067e80 COMP
0x00067ec0 COMP
0x00067f00 COMP
0x00067f40 COMP
0x00067f80 COMP
0x00067fc0 COMP
READRES
0x00068000 G_ACT0
0x08068000 G_ACT1
0x10068000 G_ACT2
0x18068000 G_ACT3
0x00068000 COMP
0x00068040 COMP
0x00068080 COMP
0x000680c0 COMP
0x00068100 COMP
0x00068140 COMP
0x00068180 COMP
0x000681c0 COMP
0x00068200 COMP
0x00068240 COMP
0x00068280 COMP
0x000682c0 COMP
0x00068300 COMP
0x00068340 COMP
0x00068380 COMP
0x000683c0 COMP
0x00068400 COMP
0x00068440 COMP
0x00068480 COMP
0x000684c0 COMP
0x00068500 COMP
0x00068540 COMP
0x00068580 COMP
0x000685c0 COMP
0x00068600 COMP
0x00068640 COMP
0x00068680 COMP
0x000686c0 COMP
0x00068700 COMP
0x00068740 COMP
0x00068780 COMP
0x000687c0 COMP
READRES
0x00068800 G_ACT0
0x08068800 G_ACT1
0x10068800 G_ACT2
0x18068800 G_ACT3
0x00068800 COMP
0x00068840 COMP
0x00068880 COMP
0x000688c0 COMP
0x00068900 COMP
0x00068940 COMP
0x00068980 COMP
0x000689c0 COMP
0x00068a00 COMP
0x00068a40 COMP
0x00068a80 COMP
0x00068ac0 COMP
0x00068b00 COMP
0x00068b40 COMP
0x00068b80 COMP
0x00068bc0 COMP
0x00068c00 COMP
0x00068c40 COMP
0x00068c80 COMP
0x00068cc0 COMP
0x00068d00 COMP
0x00068d40 COMP
0x00068d80 COMP
0x00068dc0 COMP
0x00068e00 COMP
0x00068e40 COMP
0x00068e80 COMP
0x00068ec0 COMP
0x00068f00 COMP
0x00068f40 COMP
0x00068f80 COMP
0x00068fc0 COMP
READRES
0x00069000 G_ACT0
0x08069000 G_ACT1
0x10069000 G_ACT2
0x18069000 G_ACT3
0x00069000 COMP
0x00069040 COMP
0x00069080 COMP
0x000690c0 COMP
0x00069100 COMP
0x00069140 COMP
0x00069180 COMP
0x000691c0 COMP
0x00069200 COMP
0x00069240 COMP
0x00069280 COMP
0x000692c0 COMP
0x00069300 COMP
0x00069340 COMP
0x00069380 COMP
0x000693c0 COMP
0x00069400 COMP
0x00069440 COMP
0x00069480 COMP
0x000694c0 COMP
0x00069500 COMP
0x00069540 COMP
0x00069580 COMP
0x000695c0 COMP
0x00069600 COMP
0x00069640 COMP
0x00069680 COMP
0x000696c0 COMP
0x00069700 COMP
0x00069740 COMP
0x00069780 COMP
0x000697c0 COMP
READRES
0x00069800 G_ACT0
0x08069800 G_ACT1
0x10069800 G_ACT2
0x18069800 G_ACT3
0x00069800 COMP
0x00069840 COMP
0x00069880 COMP
0x000698c0 COMP
0x00069900 COMP
0x00069940 COMP
0x00069980 COMP
0x000699c0 COMP
0x00069a00 COMP
0x00069a40 COMP
0x00069a80 COMP
0x00069ac0 COMP
0x00069b00 COMP
0x00069b40 COMP
0x00069b80 COMP
0x00069bc0 COMP
0x00069c00 COMP
0x00069c40 COMP
0x00069c80 COMP
0x00069cc0 COMP
0x00069d00 COMP
0x00069d40 COMP
0x00069d80 COMP
0x00069dc0 COMP
0x00069e00 COMP
0x00069e40 COMP
0x00069e80 COMP
0x00069ec0 COMP
0x00069f00 COMP
0x00069f40 COMP
0x00069f80 COMP
0x00069fc0 COMP
READRES
0x0006a000 G_ACT0
0x0806a000 G_ACT1
0x1006a000 G_ACT2
0x1806a000 G_ACT3
0x0006a000 COMP
0x0006a040 COMP
0x0006a080 COMP
0x0006a0c0 COMP
0x0006a100 COMP
0x0006a140 COMP
0x0006a180 COMP
0x0006a1c0 COMP
0x0006a200 COMP
0x0006a240 COMP
0x0006a280 COMP
0x0006a2c0 COMP
0x0006a300 COMP
0x0006a340 COMP
0x0006a380 COMP
0x0006a3c0 COMP
0x0006a400 COMP
0x0006a440 COMP
0x0006a480 COMP
0x0006a4c0 COMP
0x0006a500 COMP
0x0006a540 COMP
0x0006a580 COMP
0x0006a5c0 COMP
0x0006a600 COMP
0x0006a640 COMP
0x0006a680 COMP
0x0006a6c0 COMP
0x0006a700 COMP
0x0006a740 COMP
0x0006a780 COMP
0x0006a7c0 COMP
READRES
0x0006a800 G_ACT0
0x0806a800 G_ACT1
0x1006a800 G_ACT2
0x1806a800 G_ACT3
0x0006a800 COMP
0x0006a840 COMP
0x0006a880 COMP
0x0006a8c0 COMP
0x0006a900 COMP
0x0006a940 COMP
0x0006a980 COMP
0x0006a9c0 COMP
0x0006aa00 COMP
0x0006aa40 COMP
0x0006aa80 COMP
0x0006aac0 COMP
0x0006ab00 COMP
0x0006ab40 COMP
0x0006ab80 COMP
0x0006abc0 COMP
0x0006ac00 COMP
0x0006ac40 COMP
0x0006ac80 COMP
0x0006acc0 COMP
0x0006ad00 COMP
0x0006ad40 COMP
0x0006ad80 COMP
0x0006adc0 COMP
0x0006ae00 COMP
0x0006ae40 COMP
0x0006ae80 COMP
0x0006aec0 COMP
0x0006af00 COMP
0x0006af40 COMP
0x0006af80 COMP
0x0006afc0 COMP
READRES
0x0006b000 G_ACT0
0x0806b000 G_ACT1
0x1006b000 G_ACT2
0x1806b000 G_ACT3
0x0006b000 COMP
0x0006b040 COMP
0x0006b080 COMP
0x0006b0c0 COMP
0x0006b100 COMP
0x0006b140 COMP
0x0006b180 COMP
0x0006b1c0 COMP
0x0006b200 COMP
0x0006b240 COMP
0x0006b280 COMP
0x0006b2c0 COMP
0x0006b300 COMP
0x0006b340 COMP
0x0006b380 COMP
0x0006b3c0 COMP
0x0006b400 COMP
0x0006b440 COMP
0x0006b480 COMP
0x0006b4c0 COMP
0x0006b500 COMP
0x0006b540 COMP
0x0006b580 COMP
0x0006b5c0 COMP
0x0006b600 COMP
0x0006b640 COMP
0x0006b680 COMP
0x0006b6c0 COMP
0x0006b700 COMP
0x0006b740 COMP
0x0006b780 COMP
0x0006b7c0 COMP
READRES
0x0006b800 G_ACT0
0x0806b800 G_ACT1
0x1006b800 G_ACT2
0x1806b800 G_ACT3
0x0006b800 COMP
0x0006b840 COMP
0x0006b880 COMP
0x0006b8c0 COMP
0x0006b900 COMP
0x0006b940 COMP
0x0006b980 COMP
0x0006b9c0 COMP
0x0006ba00 COMP
0x0006ba40 COMP
0x0006ba80 COMP
0x0006bac0 COMP
0x0006bb00 COMP
0x0006bb40 COMP
0x0006bb80 COMP
0x0006bbc0 COMP
0x0006bc00 COMP
0x0006bc40 COMP
0x0006bc80 COMP
0x0006bcc0 COMP
0x0006bd00 COMP
0x0006bd40 COMP
0x0006bd80 COMP
0x0006bdc0 COMP
0x0006be00 COMP
0x0006be40 COMP
0x0006be80 COMP
0x0006bec0 COMP
0x0006bf00 COMP
0x0006bf40 COMP
0x0006bf80 COMP
0x0006bfc0 COMP
READRES
0x0006c000 G_ACT0
0x0806c000 G_ACT1
0x1006c000 G_ACT2
0x1806c000 G_ACT3
0x0006c000 COMP
0x0006c040 COMP
0x0006c080 COMP
0x0006c0c0 COMP
0x0006c100 COMP
0x0006c140 COMP
0x0006c180 COMP
0x0006c1c0 COMP
0x0006c200 COMP
0x0006c240 COMP
0x0006c280 COMP
0x0006c2c0 COMP
0x0006c300 COMP
0x0006c340 COMP
0x0006c380 COMP
0x0006c3c0 COMP
0x0006c400 COMP
0x0006c440 COMP
0x0006c480 COMP
0x0006c4c0 COMP
0x0006c500 COMP
0x0006c540 COMP
0x0006c580 COMP
0x0006c5c0 COMP
0x0006c600 COMP
0x0006c640 COMP
0x0006c680 COMP
0x0006c6c0 COMP
0x0006c700 COMP
0x0006c740 COMP
0x0006c780 COMP
0x0006c7c0 COMP
READRES
0x0006c800 G_ACT0
0x0806c800 G_ACT1
0x1006c800 G_ACT2
0x1806c800 G_ACT3
0x0006c800 COMP
0x0006c840 COMP
0x0006c880 COMP
0x0006c8c0 COMP
0x0006c900 COMP
0x0006c940 COMP
0x0006c980 COMP
0x0006c9c0 COMP
0x0006ca00 COMP
0x0006ca40 COMP
0x0006ca80 COMP
0x0006cac0 COMP
0x0006cb00 COMP
0x0006cb40 COMP
0x0006cb80 COMP
0x0006cbc0 COMP
0x0006cc00 COMP
0x0006cc40 COMP
0x0006cc80 COMP
0x0006ccc0 COMP
0x0006cd00 COMP
0x0006cd40 COMP
0x0006cd80 COMP
0x0006cdc0 COMP
0x0006ce00 COMP
0x0006ce40 COMP
0x0006ce80 COMP
0x0006cec0 COMP
0x0006cf00 COMP
0x0006cf40 COMP
0x0006cf80 COMP
0x0006cfc0 COMP
READRES
0x0006d000 G_ACT0
0x0806d000 G_ACT1
0x1006d000 G_ACT2
0x1806d000 G_ACT3
0x0006d000 COMP
0x0006d040 COMP
0x0006d080 COMP
0x0006d0c0 COMP
0x0006d100 COMP
0x0006d140 COMP
0x0006d180 COMP
0x0006d1c0 COMP
0x0006d200 COMP
0x0006d240 COMP
0x0006d280 COMP
0x0006d2c0 COMP
0x0006d300 COMP
0x0006d340 COMP
0x0006d380 COMP
0x0006d3c0 COMP
0x0006d400 COMP
0x0006d440 COMP
0x0006d480 COMP
0x0006d4c0 COMP
0x0006d500 COMP
0x0006d540 COMP
0x0006d580 COMP
0x0006d5c0 COMP
0x0006d600 COMP
0x0006d640 COMP
0x0006d680 COMP
0x0006d6c0 COMP
0x0006d700 COMP
0x0006d740 COMP
0x0006d780 COMP
0x0006d7c0 COMP
READRES
0x0006d800 G_ACT0
0x0806d800 G_ACT1
0x1006d800 G_ACT2
0x1806d800 G_ACT3
0x0006d800 COMP
0x0006d840 COMP
0x0006d880 COMP
0x0006d8c0 COMP
0x0006d900 COMP
0x0006d940 COMP
0x0006d980 COMP
0x0006d9c0 COMP
0x0006da00 COMP
0x0006da40 COMP
0x0006da80 COMP
0x0006dac0 COMP
0x0006db00 COMP
0x0006db40 COMP
0x0006db80 COMP
0x0006dbc0 COMP
0x0006dc00 COMP
0x0006dc40 COMP
0x0006dc80 COMP
0x0006dcc0 COMP
0x0006dd00 COMP
0x0006dd40 COMP
0x0006dd80 COMP
0x0006ddc0 COMP
0x0006de00 COMP
0x0006de40 COMP
0x0006de80 COMP
0x0006dec0 COMP
0x0006df00 COMP
0x0006df40 COMP
0x0006df80 COMP
0x0006dfc0 COMP
READRES
0x0006e000 G_ACT0
0x0806e000 G_ACT1
0x1006e000 G_ACT2
0x1806e000 G_ACT3
0x0006e000 COMP
0x0006e040 COMP
0x0006e080 COMP
0x0006e0c0 COMP
0x0006e100 COMP
0x0006e140 COMP
0x0006e180 COMP
0x0006e1c0 COMP
0x0006e200 COMP
0x0006e240 COMP
0x0006e280 COMP
0x0006e2c0 COMP
0x0006e300 COMP
0x0006e340 COMP
0x0006e380 COMP
0x0006e3c0 COMP
0x0006e400 COMP
0x0006e440 COMP
0x0006e480 COMP
0x0006e4c0 COMP
0x0006e500 COMP
0x0006e540 COMP
0x0006e580 COMP
0x0006e5c0 COMP
0x0006e600 COMP
0x0006e640 COMP
0x0006e680 COMP
0x0006e6c0 COMP
0x0006e700 COMP
0x0006e740 COMP
0x0006e780 COMP
0x0006e7c0 COMP
READRES
0x0006e800 G_ACT0
0x0806e800 G_ACT1
0x1006e800 G_ACT2
0x1806e800 G_ACT3
0x0006e800 COMP
0x0006e840 COMP
0x0006e880 COMP
0x0006e8c0 COMP
0x0006e900 COMP
0x0006e940 COMP
0x0006e980 COMP
0x0006e9c0 COMP
0x0006ea00 COMP
0x0006ea40 COMP
0x0006ea80 COMP
0x0006eac0 COMP
0x0006eb00 COMP
0x0006eb40 COMP
0x0006eb80 COMP
0x0006ebc0 COMP
0x0006ec00 COMP
0x0006ec40 COMP
0x0006ec80 COMP
0x0006ecc0 COMP
0x0006ed00 COMP
0x0006ed40 COMP
0x0006ed80 COMP
0x0006edc0 COMP
0x0006ee00 COMP
0x0006ee40 COMP
0x0006ee80 COMP
0x0006eec0 COMP
0x0006ef00 COMP
0x0006ef40 COMP
0x0006ef80 COMP
0x0006efc0 COMP
READRES
0x0006f000 G_ACT0
0x0806f000 G_ACT1
0x1006f000 G_ACT2
0x1806f000 G_ACT3
0x0006f000 COMP
0x0006f040 COMP
0x0006f080 COMP
0x0006f0c0 COMP
0x0006f100 COMP
0x0006f140 COMP
0x0006f180 COMP
0x0006f1c0 COMP
0x0006f200 COMP
0x0006f240 COMP
0x0006f280 COMP
0x0006f2c0 COMP
0x0006f300 COMP
0x0006f340 COMP
0x0006f380 COMP
0x0006f3c0 COMP
0x0006f400 COMP
0x0006f440 COMP
0x0006f480 COMP
0x0006f4c0 COMP
0x0006f500 COMP
0x0006f540 COMP
0x0006f580 COMP
0x0006f5c0 COMP
0x0006f600 COMP
0x0006f640 COMP
0x0006f680 COMP
0x0006f6c0 COMP
0x0006f700 COMP
0x0006f740 COMP
0x0006f780 COMP
0x0006f7c0 COMP
READRES
0x0006f800 G_ACT0
0x0806f800 G_ACT1
0x1006f800 G_ACT2
0x1806f800 G_ACT3
0x0006f800 COMP
0x0006f840 COMP
0x0006f880 COMP
0x0006f8c0 COMP
0x0006f900 COMP
0x0006f940 COMP
0x0006f980 COMP
0x0006f9c0 COMP
0x0006fa00 COMP
0x0006fa40 COMP
0x0006fa80 COMP
0x0006fac0 COMP
0x0006fb00 COMP
0x0006fb40 COMP
0x0006fb80 COMP
0x0006fbc0 COMP
0x0006fc00 COMP
0x0006fc40 COMP
0x0006fc80 COMP
0x0006fcc0 COMP
0x0006fd00 COMP
0x0006fd40 COMP
0x0006fd80 COMP
0x0006fdc0 COMP
0x0006fe00 COMP
0x0006fe40 COMP
0x0006fe80 COMP
0x0006fec0 COMP
0x0006ff00 COMP
0x0006ff40 COMP
0x0006ff80 COMP
0x0006ffc0 COMP
READRES
0x00070000 G_ACT0
0x08070000 G_ACT1
0x10070000 G_ACT2
0x18070000 G_ACT3
0x00070000 COMP
0x00070040 COMP
0x00070080 COMP
0x000700c0 COMP
0x00070100 COMP
0x00070140 COMP
0x00070180 COMP
0x000701c0 COMP
0x00070200 COMP
0x00070240 COMP
0x00070280 COMP
0x000702c0 COMP
0x00070300 COMP
0x00070340 COMP
0x00070380 COMP
0x000703c0 COMP
0x00070400 COMP
0x00070440 COMP
0x00070480 COMP
0x000704c0 COMP
0x00070500 COMP
0x00070540 COMP
0x00070580 COMP
0x000705c0 COMP
0x00070600 COMP
0x00070640 COMP
0x00070680 COMP
0x000706c0 COMP
0x00070700 COMP
0x00070740 COMP
0x00070780 COMP
0x000707c0 COMP
READRES
0x00070800 G_ACT0
0x08070800 G_ACT1
0x10070800 G_ACT2
0x18070800 G_ACT3
0x00070800 COMP
0x00070840 COMP
0x00070880 COMP
0x000708c0 COMP
0x00070900 COMP
0x00070940 COMP
0x00070980 COMP
0x000709c0 COMP
0x00070a00 COMP
0x00070a40 COMP
0x00070a80 COMP
0x00070ac0 COMP
0x00070b00 COMP
0x00070b40 COMP
0x00070b80 COMP
0x00070bc0 COMP
0x00070c00 COMP
0x00070c40 COMP
0x00070c80 COMP
0x00070cc0 COMP
0x00070d00 COMP
0x00070d40 COMP
0x00070d80 COMP
0x00070dc0 COMP
0x00070e00 COMP
0x00070e40 COMP
0x00070e80 COMP
0x00070ec0 COMP
0x00070f00 COMP
0x00070f40 COMP
0x00070f80 COMP
0x00070fc0 COMP
READRES
0x00071000 G_ACT0
0x08071000 G_ACT1
0x10071000 G_ACT2
0x18071000 G_ACT3
0x00071000 COMP
0x00071040 COMP
0x00071080 COMP
0x000710c0 COMP
0x00071100 COMP
0x00071140 COMP
0x00071180 COMP
0x000711c0 COMP
0x00071200 COMP
0x00071240 COMP
0x00071280 COMP
0x000712c0 COMP
0x00071300 COMP
0x00071340 COMP
0x00071380 COMP
0x000713c0 COMP
0x00071400 COMP
0x00071440 COMP
0x00071480 COMP
0x000714c0 COMP
0x00071500 COMP
0x00071540 COMP
0x00071580 COMP
0x000715c0 COMP
0x00071600 COMP
0x00071640 COMP
0x00071680 COMP
0x000716c0 COMP
0x00071700 COMP
0x00071740 COMP
0x00071780 COMP
0x000717c0 COMP
READRES
0x00071800 G_ACT0
0x08071800 G_ACT1
0x10071800 G_ACT2
0x18071800 G_ACT3
0x00071800 COMP
0x00071840 COMP
0x00071880 COMP
0x000718c0 COMP
0x00071900 COMP
0x00071940 COMP
0x00071980 COMP
0x000719c0 COMP
0x00071a00 COMP
0x00071a40 COMP
0x00071a80 COMP
0x00071ac0 COMP
0x00071b00 COMP
0x00071b40 COMP
0x00071b80 COMP
0x00071bc0 COMP
0x00071c00 COMP
0x00071c40 COMP
0x00071c80 COMP
0x00071cc0 COMP
0x00071d00 COMP
0x00071d40 COMP
0x00071d80 COMP
0x00071dc0 COMP
0x00071e00 COMP
0x00071e40 COMP
0x00071e80 COMP
0x00071ec0 COMP
0x00071f00 COMP
0x00071f40 COMP
0x00071f80 COMP
0x00071fc0 COMP
READRES
0x00072000 G_ACT0
0x08072000 G_ACT1
0x10072000 G_ACT2
0x18072000 G_ACT3
0x00072000 COMP
0x00072040 COMP
0x00072080 COMP
0x000720c0 COMP
0x00072100 COMP
0x00072140 COMP
0x00072180 COMP
0x000721c0 COMP
0x00072200 COMP
0x00072240 COMP
0x00072280 COMP
0x000722c0 COMP
0x00072300 COMP
0x00072340 COMP
0x00072380 COMP
0x000723c0 COMP
0x00072400 COMP
0x00072440 COMP
0x00072480 COMP
0x000724c0 COMP
0x00072500 COMP
0x00072540 COMP
0x00072580 COMP
0x000725c0 COMP
0x00072600 COMP
0x00072640 COMP
0x00072680 COMP
0x000726c0 COMP
0x00072700 COMP
0x00072740 COMP
0x00072780 COMP
0x000727c0 COMP
READRES
0x00072800 G_ACT0
0x08072800 G_ACT1
0x10072800 G_ACT2
0x18072800 G_ACT3
0x00072800 COMP
0x00072840 COMP
0x00072880 COMP
0x000728c0 COMP
0x00072900 COMP
0x00072940 COMP
0x00072980 COMP
0x000729c0 COMP
0x00072a00 COMP
0x00072a40 COMP
0x00072a80 COMP
0x00072ac0 COMP
0x00072b00 COMP
0x00072b40 COMP
0x00072b80 COMP
0x00072bc0 COMP
0x00072c00 COMP
0x00072c40 COMP
0x00072c80 COMP
0x00072cc0 COMP
0x00072d00 COMP
0x00072d40 COMP
0x00072d80 COMP
0x00072dc0 COMP
0x00072e00 COMP
0x00072e40 COMP
0x00072e80 COMP
0x00072ec0 COMP
0x00072f00 COMP
0x00072f40 COMP
0x00072f80 COMP
0x00072fc0 COMP
READRES
0x00073000 G_ACT0
0x08073000 G_ACT1
0x10073000 G_ACT2
0x18073000 G_ACT3
0x00073000 COMP
0x00073040 COMP
0x00073080 COMP
0x000730c0 COMP
0x00073100 COMP
0x00073140 COMP
0x00073180 COMP
0x000731c0 COMP
0x00073200 COMP
0x00073240 COMP
0x00073280 COMP
0x000732c0 COMP
0x00073300 COMP
0x00073340 COMP
0x00073380 COMP
0x000733c0 COMP
0x00073400 COMP
0x00073440 COMP
0x00073480 COMP
0x000734c0 COMP
0x00073500 COMP
0x00073540 COMP
0x00073580 COMP
0x000735c0 COMP
0x00073600 COMP
0x00073640 COMP
0x00073680 COMP
0x000736c0 COMP
0x00073700 COMP
0x00073740 COMP
0x00073780 COMP
0x000737c0 COMP
READRES
0x00073800 G_ACT0
0x08073800 G_ACT1
0x10073800 G_ACT2
0x18073800 G_ACT3
0x00073800 COMP
0x00073840 COMP
0x00073880 COMP
0x000738c0 COMP
0x00073900 COMP
0x00073940 COMP
0x00073980 COMP
0x000739c0 COMP
0x00073a00 COMP
0x00073a40 COMP
0x00073a80 COMP
0x00073ac0 COMP
0x00073b00 COMP
0x00073b40 COMP
0x00073b80 COMP
0x00073bc0 COMP
0x00073c00 COMP
0x00073c40 COMP
0x00073c80 COMP
0x00073cc0 COMP
0x00073d00 COMP
0x00073d40 COMP
0x00073d80 COMP
0x00073dc0 COMP
0x00073e00 COMP
0x00073e40 COMP
0x00073e80 COMP
0x00073ec0 COMP
0x00073f00 COMP
0x00073f40 COMP
0x00073f80 COMP
0x00073fc0 COMP
READRES
0x00074000 G_ACT0
0x08074000 G_ACT1
0x10074000 G_ACT2
0x18074000 G_ACT3
0x00074000 COMP
0x00074040 COMP
0x00074080 COMP
0x000740c0 COMP
0x00074100 COMP
0x00074140 COMP
0x00074180 COMP
0x000741c0 COMP
0x00074200 COMP
0x00074240 COMP
0x00074280 COMP
0x000742c0 COMP
0x00074300 COMP
0x00074340 COMP
0x00074380 COMP
0x000743c0 COMP
0x00074400 COMP
0x00074440 COMP
0x00074480 COMP
0x000744c0 COMP
0x00074500 COMP
0x00074540 COMP
0x00074580 COMP
0x000745c0 COMP
0x00074600 COMP
0x00074640 COMP
0x00074680 COMP
0x000746c0 COMP
0x00074700 COMP
0x00074740 COMP
0x00074780 COMP
0x000747c0 COMP
READRES
0x00074800 G_ACT0
0x08074800 G_ACT1
0x10074800 G_ACT2
0x18074800 G_ACT3
0x00074800 COMP
0x00074840 COMP
0x00074880 COMP
0x000748c0 COMP
0x00074900 COMP
0x00074940 COMP
0x00074980 COMP
0x000749c0 COMP
0x00074a00 COMP
0x00074a40 COMP
0x00074a80 COMP
0x00074ac0 COMP
0x00074b00 COMP
0x00074b40 COMP
0x00074b80 COMP
0x00074bc0 COMP
0x00074c00 COMP
0x00074c40 COMP
0x00074c80 COMP
0x00074cc0 COMP
0x00074d00 COMP
0x00074d40 COMP
0x00074d80 COMP
0x00074dc0 COMP
0x00074e00 COMP
0x00074e40 COMP
0x00074e80 COMP
0x00074ec0 COMP
0x00074f00 COMP
0x00074f40 COMP
0x00074f80 COMP
0x00074fc0 COMP
READRES
0x00075000 G_ACT0
0x08075000 G_ACT1
0x10075000 G_ACT2
0x18075000 G_ACT3
0x00075000 COMP
0x00075040 COMP
0x00075080 COMP
0x000750c0 COMP
0x00075100 COMP
0x00075140 COMP
0x00075180 COMP
0x000751c0 COMP
0x00075200 COMP
0x00075240 COMP
0x00075280 COMP
0x000752c0 COMP
0x00075300 COMP
0x00075340 COMP
0x00075380 COMP
0x000753c0 COMP
0x00075400 COMP
0x00075440 COMP
0x00075480 COMP
0x000754c0 COMP
0x00075500 COMP
0x00075540 COMP
0x00075580 COMP
0x000755c0 COMP
0x00075600 COMP
0x00075640 COMP
0x00075680 COMP
0x000756c0 COMP
0x00075700 COMP
0x00075740 COMP
0x00075780 COMP
0x000757c0 COMP
READRES
0x00075800 G_ACT0
0x08075800 G_ACT1
0x10075800 G_ACT2
0x18075800 G_ACT3
0x00075800 COMP
0x00075840 COMP
0x00075880 COMP
0x000758c0 COMP
0x00075900 COMP
0x00075940 COMP
0x00075980 COMP
0x000759c0 COMP
0x00075a00 COMP
0x00075a40 COMP
0x00075a80 COMP
0x00075ac0 COMP
0x00075b00 COMP
0x00075b40 COMP
0x00075b80 COMP
0x00075bc0 COMP
0x00075c00 COMP
0x00075c40 COMP
0x00075c80 COMP
0x00075cc0 COMP
0x00075d00 COMP
0x00075d40 COMP
0x00075d80 COMP
0x00075dc0 COMP
0x00075e00 COMP
0x00075e40 COMP
0x00075e80 COMP
0x00075ec0 COMP
0x00075f00 COMP
0x00075f40 COMP
0x00075f80 COMP
0x00075fc0 COMP
READRES
0x00076000 G_ACT0
0x08076000 G_ACT1
0x10076000 G_ACT2
0x18076000 G_ACT3
0x00076000 COMP
0x00076040 COMP
0x00076080 COMP
0x000760c0 COMP
0x00076100 COMP
0x00076140 COMP
0x00076180 COMP
0x000761c0 COMP
0x00076200 COMP
0x00076240 COMP
0x00076280 COMP
0x000762c0 COMP
0x00076300 COMP
0x00076340 COMP
0x00076380 COMP
0x000763c0 COMP
0x00076400 COMP
0x00076440 COMP
0x00076480 COMP
0x000764c0 COMP
0x00076500 COMP
0x00076540 COMP
0x00076580 COMP
0x000765c0 COMP
0x00076600 COMP
0x00076640 COMP
0x00076680 COMP
0x000766c0 COMP
0x00076700 COMP
0x00076740 COMP
0x00076780 COMP
0x000767c0 COMP
READRES
0x00076800 G_ACT0
0x08076800 G_ACT1
0x10076800 G_ACT2
0x18076800 G_ACT3
0x00076800 COMP
0x00076840 COMP
0x00076880 COMP
0x000768c0 COMP
0x00076900 COMP
0x00076940 COMP
0x00076980 COMP
0x000769c0 COMP
0x00076a00 COMP
0x00076a40 COMP
0x00076a80 COMP
0x00076ac0 COMP
0x00076b00 COMP
0x00076b40 COMP
0x00076b80 COMP
0x00076bc0 COMP
0x00076c00 COMP
0x00076c40 COMP
0x00076c80 COMP
0x00076cc0 COMP
0x00076d00 COMP
0x00076d40 COMP
0x00076d80 COMP
0x00076dc0 COMP
0x00076e00 COMP
0x00076e40 COMP
0x00076e80 COMP
0x00076ec0 COMP
0x00076f00 COMP
0x00076f40 COMP
0x00076f80 COMP
0x00076fc0 COMP
READRES
0x00077000 G_ACT0
0x08077000 G_ACT1
0x10077000 G_ACT2
0x18077000 G_ACT3
0x00077000 COMP
0x00077040 COMP
0x00077080 COMP
0x000770c0 COMP
0x00077100 COMP
0x00077140 COMP
0x00077180 COMP
0x000771c0 COMP
0x00077200 COMP
0x00077240 COMP
0x00077280 COMP
0x000772c0 COMP
0x00077300 COMP
0x00077340 COMP
0x00077380 COMP
0x000773c0 COMP
0x00077400 COMP
0x00077440 COMP
0x00077480 COMP
0x000774c0 COMP
0x00077500 COMP
0x00077540 COMP
0x00077580 COMP
0x000775c0 COMP
0x00077600 COMP
0x00077640 COMP
0x00077680 COMP
0x000776c0 COMP
0x00077700 COMP
0x00077740 COMP
0x00077780 COMP
0x000777c0 COMP
READRES
0x00077800 G_ACT0
0x08077800 G_ACT1
0x10077800 G_ACT2
0x18077800 G_ACT3
0x00077800 COMP
0x00077840 COMP
0x00077880 COMP
0x000778c0 COMP
0x00077900 COMP
0x00077940 COMP
0x00077980 COMP
0x000779c0 COMP
0x00077a00 COMP
0x00077a40 COMP
0x00077a80 COMP
0x00077ac0 COMP
0x00077b00 COMP
0x00077b40 COMP
0x00077b80 COMP
0x00077bc0 COMP
0x00077c00 COMP
0x00077c40 COMP
0x00077c80 COMP
0x00077cc0 COMP
0x00077d00 COMP
0x00077d40 COMP
0x00077d80 COMP
0x00077dc0 COMP
0x00077e00 COMP
0x00077e40 COMP
0x00077e80 COMP
0x00077ec0 COMP
0x00077f00 COMP
0x00077f40 COMP
0x00077f80 COMP
0x00077fc0 COMP
READRES
0x00078000 G_ACT0
0x08078000 G_ACT1
0x10078000 G_ACT2
0x18078000 G_ACT3
0x00078000 COMP
0x00078040 COMP
0x00078080 COMP
0x000780c0 COMP
0x00078100 COMP
0x00078140 COMP
0x00078180 COMP
0x000781c0 COMP
0x00078200 COMP
0x00078240 COMP
0x00078280 COMP
0x000782c0 COMP
0x00078300 COMP
0x00078340 COMP
0x00078380 COMP
0x000783c0 COMP
0x00078400 COMP
0x00078440 COMP
0x00078480 COMP
0x000784c0 COMP
0x00078500 COMP
0x00078540 COMP
0x00078580 COMP
0x000785c0 COMP
0x00078600 COMP
0x00078640 COMP
0x00078680 COMP
0x000786c0 COMP
0x00078700 COMP
0x00078740 COMP
0x00078780 COMP
0x000787c0 COMP
READRES
0x00078800 G_ACT0
0x08078800 G_ACT1
0x10078800 G_ACT2
0x18078800 G_ACT3
0x00078800 COMP
0x00078840 COMP
0x00078880 COMP
0x000788c0 COMP
0x00078900 COMP
0x00078940 COMP
0x00078980 COMP
0x000789c0 COMP
0x00078a00 COMP
0x00078a40 COMP
0x00078a80 COMP
0x00078ac0 COMP
0x00078b00 COMP
0x00078b40 COMP
0x00078b80 COMP
0x00078bc0 COMP
0x00078c00 COMP
0x00078c40 COMP
0x00078c80 COMP
0x00078cc0 COMP
0x00078d00 COMP
0x00078d40 COMP
0x00078d80 COMP
0x00078dc0 COMP
0x00078e00 COMP
0x00078e40 COMP
0x00078e80 COMP
0x00078ec0 COMP
0x00078f00 COMP
0x00078f40 COMP
0x00078f80 COMP
0x00078fc0 COMP
READRES
0x00079000 G_ACT0
0x08079000 G_ACT1
0x10079000 G_ACT2
0x18079000 G_ACT3
0x00079000 COMP
0x00079040 COMP
0x00079080 COMP
0x000790c0 COMP
0x00079100 COMP
0x00079140 COMP
0x00079180 COMP
0x000791c0 COMP
0x00079200 COMP
0x00079240 COMP
0x00079280 COMP
0x000792c0 COMP
0x00079300 COMP
0x00079340 COMP
0x00079380 COMP
0x000793c0 COMP
0x00079400 COMP
0x00079440 COMP
0x00079480 COMP
0x000794c0 COMP
0x00079500 COMP
0x00079540 COMP
0x00079580 COMP
0x000795c0 COMP
0x00079600 COMP
0x00079640 COMP
0x00079680 COMP
0x000796c0 COMP
0x00079700 COMP
0x00079740 COMP
0x00079780 COMP
0x000797c0 COMP
READRES
0x00079800 G_ACT0
0x08079800 G_ACT1
0x10079800 G_ACT2
0x18079800 G_ACT3
0x00079800 COMP
0x00079840 COMP
0x00079880 COMP
0x000798c0 COMP
0x00079900 COMP
0x00079940 COMP
0x00079980 COMP
0x000799c0 COMP
0x00079a00 COMP
0x00079a40 COMP
0x00079a80 COMP
0x00079ac0 COMP
0x00079b00 COMP
0x00079b40 COMP
0x00079b80 COMP
0x00079bc0 COMP
0x00079c00 COMP
0x00079c40 COMP
0x00079c80 COMP
0x00079cc0 COMP
0x00079d00 COMP
0x00079d40 COMP
0x00079d80 COMP
0x00079dc0 COMP
0x00079e00 COMP
0x00079e40 COMP
0x00079e80 COMP
0x00079ec0 COMP
0x00079f00 COMP
0x00079f40 COMP
0x00079f80 COMP
0x00079fc0 COMP
READRES
0x0007a000 G_ACT0
0x0807a000 G_ACT1
0x1007a000 G_ACT2
0x1807a000 G_ACT3
0x0007a000 COMP
0x0007a040 COMP
0x0007a080 COMP
0x0007a0c0 COMP
0x0007a100 COMP
0x0007a140 COMP
0x0007a180 COMP
0x0007a1c0 COMP
0x0007a200 COMP
0x0007a240 COMP
0x0007a280 COMP
0x0007a2c0 COMP
0x0007a300 COMP
0x0007a340 COMP
0x0007a380 COMP
0x0007a3c0 COMP
0x0007a400 COMP
0x0007a440 COMP
0x0007a480 COMP
0x0007a4c0 COMP
0x0007a500 COMP
0x0007a540 COMP
0x0007a580 COMP
0x0007a5c0 COMP
0x0007a600 COMP
0x0007a640 COMP
0x0007a680 COMP
0x0007a6c0 COMP
0x0007a700 COMP
0x0007a740 COMP
0x0007a780 COMP
0x0007a7c0 COMP
READRES
0x0007a800 G_ACT0
0x0807a800 G_ACT1
0x1007a800 G_ACT2
0x1807a800 G_ACT3
0x0007a800 COMP
0x0007a840 COMP
0x0007a880 COMP
0x0007a8c0 COMP
0x0007a900 COMP
0x0007a940 COMP
0x0007a980 COMP
0x0007a9c0 COMP
0x0007aa00 COMP
0x0007aa40 COMP
0x0007aa80 COMP
0x0007aac0 COMP
0x0007ab00 COMP
0x0007ab40 COMP
0x0007ab80 COMP
0x0007abc0 COMP
0x0007ac00 COMP
0x0007ac40 COMP
0x0007ac80 COMP
0x0007acc0 COMP
0x0007ad00 COMP
0x0007ad40 COMP
0x0007ad80 COMP
0x0007adc0 COMP
0x0007ae00 COMP
0x0007ae40 COMP
0x0007ae80 COMP
0x0007aec0 COMP
0x0007af00 COMP
0x0007af40 COMP
0x0007af80 COMP
0x0007afc0 COMP
READRES
0x0007b000 G_ACT0
0x0807b000 G_ACT1
0x1007b000 G_ACT2
0x1807b000 G_ACT3
0x0007b000 COMP
0x0007b040 COMP
0x0007b080 COMP
0x0007b0c0 COMP
0x0007b100 COMP
0x0007b140 COMP
0x0007b180 COMP
0x0007b1c0 COMP
0x0007b200 COMP
0x0007b240 COMP
0x0007b280 COMP
0x0007b2c0 COMP
0x0007b300 COMP
0x0007b340 COMP
0x0007b380 COMP
0x0007b3c0 COMP
0x0007b400 COMP
0x0007b440 COMP
0x0007b480 COMP
0x0007b4c0 COMP
0x0007b500 COMP
0x0007b540 COMP
0x0007b580 COMP
0x0007b5c0 COMP
0x0007b600 COMP
0x0007b640 COMP
0x0007b680 COMP
0x0007b6c0 COMP
0x0007b700 COMP
0x0007b740 COMP
0x0007b780 COMP
0x0007b7c0 COMP
READRES
0x0007b800 G_ACT0
0x0807b800 G_ACT1
0x1007b800 G_ACT2
0x1807b800 G_ACT3
0x0007b800 COMP
0x0007b840 COMP
0x0007b880 COMP
0x0007b8c0 COMP
0x0007b900 COMP
0x0007b940 COMP
0x0007b980 COMP
0x0007b9c0 COMP
0x0007ba00 COMP
0x0007ba40 COMP
0x0007ba80 COMP
0x0007bac0 COMP
0x0007bb00 COMP
0x0007bb40 COMP
0x0007bb80 COMP
0x0007bbc0 COMP
0x0007bc00 COMP
0x0007bc40 COMP
0x0007bc80 COMP
0x0007bcc0 COMP
0x0007bd00 COMP
0x0007bd40 COMP
0x0007bd80 COMP
0x0007bdc0 COMP
0x0007be00 COMP
0x0007be40 COMP
0x0007be80 COMP
0x0007bec0 COMP
0x0007bf00 COMP
0x0007bf40 COMP
0x0007bf80 COMP
0x0007bfc0 COMP
READRES
0x0007c000 G_ACT0
0x0807c000 G_ACT1
0x1007c000 G_ACT2
0x1807c000 G_ACT3
0x0007c000 COMP
0x0007c040 COMP
0x0007c080 COMP
0x0007c0c0 COMP
0x0007c100 COMP
0x0007c140 COMP
0x0007c180 COMP
0x0007c1c0 COMP
0x0007c200 COMP
0x0007c240 COMP
0x0007c280 COMP
0x0007c2c0 COMP
0x0007c300 COMP
0x0007c340 COMP
0x0007c380 COMP
0x0007c3c0 COMP
0x0007c400 COMP
0x0007c440 COMP
0x0007c480 COMP
0x0007c4c0 COMP
0x0007c500 COMP
0x0007c540 COMP
0x0007c580 COMP
0x0007c5c0 COMP
0x0007c600 COMP
0x0007c640 COMP
0x0007c680 COMP
0x0007c6c0 COMP
0x0007c700 COMP
0x0007c740 COMP
0x0007c780 COMP
0x0007c7c0 COMP
READRES
0x0007c800 G_ACT0
0x0807c800 G_ACT1
0x1007c800 G_ACT2
0x1807c800 G_ACT3
0x0007c800 COMP
0x0007c840 COMP
0x0007c880 COMP
0x0007c8c0 COMP
0x0007c900 COMP
0x0007c940 COMP
0x0007c980 COMP
0x0007c9c0 COMP
0x0007ca00 COMP
0x0007ca40 COMP
0x0007ca80 COMP
0x0007cac0 COMP
0x0007cb00 COMP
0x0007cb40 COMP
0x0007cb80 COMP
0x0007cbc0 COMP
0x0007cc00 COMP
0x0007cc40 COMP
0x0007cc80 COMP
0x0007ccc0 COMP
0x0007cd00 COMP
0x0007cd40 COMP
0x0007cd80 COMP
0x0007cdc0 COMP
0x0007ce00 COMP
0x0007ce40 COMP
0x0007ce80 COMP
0x0007cec0 COMP
0x0007cf00 COMP
0x0007cf40 COMP
0x0007cf80 COMP
0x0007cfc0 COMP
READRES
0x0007d000 G_ACT0
0x0807d000 G_ACT1
0x1007d000 G_ACT2
0x1807d000 G_ACT3
0x0007d000 COMP
0x0007d040 COMP
0x0007d080 COMP
0x0007d0c0 COMP
0x0007d100 COMP
0x0007d140 COMP
0x0007d180 COMP
0x0007d1c0 COMP
0x0007d200 COMP
0x0007d240 COMP
0x0007d280 COMP
0x0007d2c0 COMP
0x0007d300 COMP
0x0007d340 COMP
0x0007d380 COMP
0x0007d3c0 COMP
0x0007d400 COMP
0x0007d440 COMP
0x0007d480 COMP
0x0007d4c0 COMP
0x0007d500 COMP
0x0007d540 COMP
0x0007d580 COMP
0x0007d5c0 COMP
0x0007d600 COMP
0x0007d640 COMP
0x0007d680 COMP
0x0007d6c0 COMP
0x0007d700 COMP
0x0007d740 COMP
0x0007d780 COMP
0x0007d7c0 COMP
READRES
0x0007d800 G_ACT0
0x0807d800 G_ACT1
0x1007d800 G_ACT2
0x1807d800 G_ACT3
0x0007d800 COMP
0x0007d840 COMP
0x0007d880 COMP
0x0007d8c0 COMP
0x0007d900 COMP
0x0007d940 COMP
0x0007d980 COMP
0x0007d9c0 COMP
0x0007da00 COMP
0x0007da40 COMP
0x0007da80 COMP
0x0007dac0 COMP
0x0007db00 COMP
0x0007db40 COMP
0x0007db80 COMP
0x0007dbc0 COMP
0x0007dc00 COMP
0x0007dc40 COMP
0x0007dc80 COMP
0x0007dcc0 COMP
0x0007dd00 COMP
0x0007dd40 COMP
0x0007dd80 COMP
0x0007ddc0 COMP
0x0007de00 COMP
0x0007de40 COMP
0x0007de80 COMP
0x0007dec0 COMP
0x0007df00 COMP
0x0007df40 COMP
0x0007df80 COMP
0x0007dfc0 COMP
READRES
0x0007e000 G_ACT0
0x0807e000 G_ACT1
0x1007e000 G_ACT2
0x1807e000 G_ACT3
0x0007e000 COMP
0x0007e040 COMP
0x0007e080 COMP
0x0007e0c0 COMP
0x0007e100 COMP
0x0007e140 COMP
0x0007e180 COMP
0x0007e1c0 COMP
0x0007e200 COMP
0x0007e240 COMP
0x0007e280 COMP
0x0007e2c0 COMP
0x0007e300 COMP
0x0007e340 COMP
0x0007e380 COMP
0x0007e3c0 COMP
0x0007e400 COMP
0x0007e440 COMP
0x0007e480 COMP
0x0007e4c0 COMP
0x0007e500 COMP
0x0007e540 COMP
0x0007e580 COMP
0x0007e5c0 COMP
0x0007e600 COMP
0x0007e640 COMP
0x0007e680 COMP
0x0007e6c0 COMP
0x0007e700 COMP
0x0007e740 COMP
0x0007e780 COMP
0x0007e7c0 COMP
READRES
0x0007e800 G_ACT0
0x0807e800 G_ACT1
0x1007e800 G_ACT2
0x1807e800 G_ACT3
0x0007e800 COMP
0x0007e840 COMP
0x0007e880 COMP
0x0007e8c0 COMP
0x0007e900 COMP
0x0007e940 COMP
0x0007e980 COMP
0x0007e9c0 COMP
0x0007ea00 COMP
0x0007ea40 COMP
0x0007ea80 COMP
0x0007eac0 COMP
0x0007eb00 COMP
0x0007eb40 COMP
0x0007eb80 COMP
0x0007ebc0 COMP
0x0007ec00 COMP
0x0007ec40 COMP
0x0007ec80 COMP
0x0007ecc0 COMP
0x0007ed00 COMP
0x0007ed40 COMP
0x0007ed80 COMP
0x0007edc0 COMP
0x0007ee00 COMP
0x0007ee40 COMP
0x0007ee80 COMP
0x0007eec0 COMP
0x0007ef00 COMP
0x0007ef40 COMP
0x0007ef80 COMP
0x0007efc0 COMP
READRES
0x0007f000 G_ACT0
0x0807f000 G_ACT1
0x1007f000 G_ACT2
0x1807f000 G_ACT3
0x0007f000 COMP
0x0007f040 COMP
0x0007f080 COMP
0x0007f0c0 COMP
0x0007f100 COMP
0x0007f140 COMP
0x0007f180 COMP
0x0007f1c0 COMP
0x0007f200 COMP
0x0007f240 COMP
0x0007f280 COMP
0x0007f2c0 COMP
0x0007f300 COMP
0x0007f340 COMP
0x0007f380 COMP
0x0007f3c0 COMP
0x0007f400 COMP
0x0007f440 COMP
0x0007f480 COMP
0x0007f4c0 COMP
0x0007f500 COMP
0x0007f540 COMP
0x0007f580 COMP
0x0007f5c0 COMP
0x0007f600 COMP
0x0007f640 COMP
0x0007f680 COMP
0x0007f6c0 COMP
0x0007f700 COMP
0x0007f740 COMP
0x0007f780 COMP
0x0007f7c0 COMP
READRES
0x0007f800 G_ACT0
0x0807f800 G_ACT1
0x1007f800 G_ACT2
0x1807f800 G_ACT3
0x0007f800 COMP
0x0007f840 COMP
0x0007f880 COMP
0x0007f8c0 COMP
0x0007f900 COMP
0x0007f940 COMP
0x0007f980 COMP
0x0007f9c0 COMP
0x0007fa00 COMP
0x0007fa40 COMP
0x0007fa80 COMP
0x0007fac0 COMP
0x0007fb00 COMP
0x0007fb40 COMP
0x0007fb80 COMP
0x0007fbc0 COMP
0x0007fc00 COMP
0x0007fc40 COMP
0x0007fc80 COMP
0x0007fcc0 COMP
0x0007fd00 COMP
0x0007fd40 COMP
0x0007fd80 COMP
0x0007fdc0 COMP
0x0007fe00 COMP
0x0007fe40 COMP
0x0007fe80 COMP
0x0007fec0 COMP
0x0007ff00 COMP
0x0007ff40 COMP
0x0007ff80 COMP
0x0007ffc0 COMP
READRES