0x00000000 GWRITE
0x00000000 G_ACT0
0x08000000 G_ACT1
0x10000000 G_ACT2
0x18000000 G_ACT3
0x20000000 G_ACT4
0x28000000 G_ACT5
0x30000000 G_ACT6
0x38000000 G_ACT7
0x00000000 COMP
0x00000040 COMP
0x00000080 COMP
0x000000c0 COMP
0x00000100 COMP
0x00000140 COMP
0x00000180 COMP
0x000001c0 COMP
0x00000200 COMP
0x00000240 COMP
0x00000280 COMP
0x000002c0 COMP
0x00000300 COMP
0x00000340 COMP
0x00000380 COMP
0x000003c0 COMP
0x00000400 COMP
0x00000440 COMP
0x00000480 COMP
0x000004c0 COMP
0x00000500 COMP
0x00000540 COMP
0x00000580 COMP
0x000005c0 COMP
0x00000600 COMP
0x00000640 COMP
0x00000680 COMP
0x000006c0 COMP
0x00000700 COMP
0x00000740 COMP
0x00000780 COMP
0x000007c0 COMP
READRES
0x00000800 G_ACT0
0x08000800 G_ACT1
0x10000800 G_ACT2
0x18000800 G_ACT3
0x20000800 G_ACT4
0x28000800 G_ACT5
0x30000800 G_ACT6
0x38000800 G_ACT7
0x00000800 COMP
0x00000840 COMP
0x00000880 COMP
0x000008c0 COMP
0x00000900 COMP
0x00000940 COMP
0x00000980 COMP
0x000009c0 COMP
0x00000a00 COMP
0x00000a40 COMP
0x00000a80 COMP
0x00000ac0 COMP
0x00000b00 COMP
0x00000b40 COMP
0x00000b80 COMP
0x00000bc0 COMP
0x00000c00 COMP
0x00000c40 COMP
0x00000c80 COMP
0x00000cc0 COMP
0x00000d00 COMP
0x00000d40 COMP
0x00000d80 COMP
0x00000dc0 COMP
0x00000e00 COMP
0x00000e40 COMP
0x00000e80 COMP
0x00000ec0 COMP
0x00000f00 COMP
0x00000f40 COMP
0x00000f80 COMP
0x00000fc0 COMP
READRES
0x00001000 G_ACT0
0x08001000 G_ACT1
0x10001000 G_ACT2
0x18001000 G_ACT3
0x20001000 G_ACT4
0x28001000 G_ACT5
0x30001000 G_ACT6
0x38001000 G_ACT7
0x00001000 COMP
0x00001040 COMP
0x00001080 COMP
0x000010c0 COMP
0x00001100 COMP
0x00001140 COMP
0x00001180 COMP
0x000011c0 COMP
0x00001200 COMP
0x00001240 COMP
0x00001280 COMP
0x000012c0 COMP
0x00001300 COMP
0x00001340 COMP
0x00001380 COMP
0x000013c0 COMP
0x00001400 COMP
0x00001440 COMP
0x00001480 COMP
0x000014c0 COMP
0x00001500 COMP
0x00001540 COMP
0x00001580 COMP
0x000015c0 COMP
0x00001600 COMP
0x00001640 COMP
0x00001680 COMP
0x000016c0 COMP
0x00001700 COMP
0x00001740 COMP
0x00001780 COMP
0x000017c0 COMP
READRES
0x00001800 G_ACT0
0x08001800 G_ACT1
0x10001800 G_ACT2
0x18001800 G_ACT3
0x20001800 G_ACT4
0x28001800 G_ACT5
0x30001800 G_ACT6
0x38001800 G_ACT7
0x00001800 COMP
0x00001840 COMP
0x00001880 COMP
0x000018c0 COMP
0x00001900 COMP
0x00001940 COMP
0x00001980 COMP
0x000019c0 COMP
0x00001a00 COMP
0x00001a40 COMP
0x00001a80 COMP
0x00001ac0 COMP
0x00001b00 COMP
0x00001b40 COMP
0x00001b80 COMP
0x00001bc0 COMP
0x00001c00 COMP
0x00001c40 COMP
0x00001c80 COMP
0x00001cc0 COMP
0x00001d00 COMP
0x00001d40 COMP
0x00001d80 COMP
0x00001dc0 COMP
0x00001e00 COMP
0x00001e40 COMP
0x00001e80 COMP
0x00001ec0 COMP
0x00001f00 COMP
0x00001f40 COMP
0x00001f80 COMP
0x00001fc0 COMP
READRES
0x00002000 G_ACT0
0x08002000 G_ACT1
0x10002000 G_ACT2
0x18002000 G_ACT3
0x20002000 G_ACT4
0x28002000 G_ACT5
0x30002000 G_ACT6
0x38002000 G_ACT7
0x00002000 COMP
0x00002040 COMP
0x00002080 COMP
0x000020c0 COMP
0x00002100 COMP
0x00002140 COMP
0x00002180 COMP
0x000021c0 COMP
0x00002200 COMP
0x00002240 COMP
0x00002280 COMP
0x000022c0 COMP
0x00002300 COMP
0x00002340 COMP
0x00002380 COMP
0x000023c0 COMP
0x00002400 COMP
0x00002440 COMP
0x00002480 COMP
0x000024c0 COMP
0x00002500 COMP
0x00002540 COMP
0x00002580 COMP
0x000025c0 COMP
0x00002600 COMP
0x00002640 COMP
0x00002680 COMP
0x000026c0 COMP
0x00002700 COMP
0x00002740 COMP
0x00002780 COMP
0x000027c0 COMP
READRES
0x00002800 G_ACT0
0x08002800 G_ACT1
0x10002800 G_ACT2
0x18002800 G_ACT3
0x20002800 G_ACT4
0x28002800 G_ACT5
0x30002800 G_ACT6
0x38002800 G_ACT7
0x00002800 COMP
0x00002840 COMP
0x00002880 COMP
0x000028c0 COMP
0x00002900 COMP
0x00002940 COMP
0x00002980 COMP
0x000029c0 COMP
0x00002a00 COMP
0x00002a40 COMP
0x00002a80 COMP
0x00002ac0 COMP
0x00002b00 COMP
0x00002b40 COMP
0x00002b80 COMP
0x00002bc0 COMP
0x00002c00 COMP
0x00002c40 COMP
0x00002c80 COMP
0x00002cc0 COMP
0x00002d00 COMP
0x00002d40 COMP
0x00002d80 COMP
0x00002dc0 COMP
0x00002e00 COMP
0x00002e40 COMP
0x00002e80 COMP
0x00002ec0 COMP
0x00002f00 COMP
0x00002f40 COMP
0x00002f80 COMP
0x00002fc0 COMP
READRES
0x00003000 G_ACT0
0x08003000 G_ACT1
0x10003000 G_ACT2
0x18003000 G_ACT3
0x20003000 G_ACT4
0x28003000 G_ACT5
0x30003000 G_ACT6
0x38003000 G_ACT7
0x00003000 COMP
0x00003040 COMP
0x00003080 COMP
0x000030c0 COMP
0x00003100 COMP
0x00003140 COMP
0x00003180 COMP
0x000031c0 COMP
0x00003200 COMP
0x00003240 COMP
0x00003280 COMP
0x000032c0 COMP
0x00003300 COMP
0x00003340 COMP
0x00003380 COMP
0x000033c0 COMP
0x00003400 COMP
0x00003440 COMP
0x00003480 COMP
0x000034c0 COMP
0x00003500 COMP
0x00003540 COMP
0x00003580 COMP
0x000035c0 COMP
0x00003600 COMP
0x00003640 COMP
0x00003680 COMP
0x000036c0 COMP
0x00003700 COMP
0x00003740 COMP
0x00003780 COMP
0x000037c0 COMP
READRES
0x00003800 G_ACT0
0x08003800 G_ACT1
0x10003800 G_ACT2
0x18003800 G_ACT3
0x20003800 G_ACT4
0x28003800 G_ACT5
0x30003800 G_ACT6
0x38003800 G_ACT7
0x00003800 COMP
0x00003840 COMP
0x00003880 COMP
0x000038c0 COMP
0x00003900 COMP
0x00003940 COMP
0x00003980 COMP
0x000039c0 COMP
0x00003a00 COMP
0x00003a40 COMP
0x00003a80 COMP
0x00003ac0 COMP
0x00003b00 COMP
0x00003b40 COMP
0x00003b80 COMP
0x00003bc0 COMP
0x00003c00 COMP
0x00003c40 COMP
0x00003c80 COMP
0x00003cc0 COMP
0x00003d00 COMP
0x00003d40 COMP
0x00003d80 COMP
0x00003dc0 COMP
0x00003e00 COMP
0x00003e40 COMP
0x00003e80 COMP
0x00003ec0 COMP
0x00003f00 COMP
0x00003f40 COMP
0x00003f80 COMP
0x00003fc0 COMP
READRES
0x00004000 G_ACT0
0x08004000 G_ACT1
0x10004000 G_ACT2
0x18004000 G_ACT3
0x20004000 G_ACT4
0x28004000 G_ACT5
0x30004000 G_ACT6
0x38004000 G_ACT7
0x00004000 COMP
0x00004040 COMP
0x00004080 COMP
0x000040c0 COMP
0x00004100 COMP
0x00004140 COMP
0x00004180 COMP
0x000041c0 COMP
0x00004200 COMP
0x00004240 COMP
0x00004280 COMP
0x000042c0 COMP
0x00004300 COMP
0x00004340 COMP
0x00004380 COMP
0x000043c0 COMP
0x00004400 COMP
0x00004440 COMP
0x00004480 COMP
0x000044c0 COMP
0x00004500 COMP
0x00004540 COMP
0x00004580 COMP
0x000045c0 COMP
0x00004600 COMP
0x00004640 COMP
0x00004680 COMP
0x000046c0 COMP
0x00004700 COMP
0x00004740 COMP
0x00004780 COMP
0x000047c0 COMP
READRES
0x00004800 G_ACT0
0x08004800 G_ACT1
0x10004800 G_ACT2
0x18004800 G_ACT3
0x20004800 G_ACT4
0x28004800 G_ACT5
0x30004800 G_ACT6
0x38004800 G_ACT7
0x00004800 COMP
0x00004840 COMP
0x00004880 COMP
0x000048c0 COMP
0x00004900 COMP
0x00004940 COMP
0x00004980 COMP
0x000049c0 COMP
0x00004a00 COMP
0x00004a40 COMP
0x00004a80 COMP
0x00004ac0 COMP
0x00004b00 COMP
0x00004b40 COMP
0x00004b80 COMP
0x00004bc0 COMP
0x00004c00 COMP
0x00004c40 COMP
0x00004c80 COMP
0x00004cc0 COMP
0x00004d00 COMP
0x00004d40 COMP
0x00004d80 COMP
0x00004dc0 COMP
0x00004e00 COMP
0x00004e40 COMP
0x00004e80 COMP
0x00004ec0 COMP
0x00004f00 COMP
0x00004f40 COMP
0x00004f80 COMP
0x00004fc0 COMP
READRES
0x00005000 G_ACT0
0x08005000 G_ACT1
0x10005000 G_ACT2
0x18005000 G_ACT3
0x20005000 G_ACT4
0x28005000 G_ACT5
0x30005000 G_ACT6
0x38005000 G_ACT7
0x00005000 COMP
0x00005040 COMP
0x00005080 COMP
0x000050c0 COMP
0x00005100 COMP
0x00005140 COMP
0x00005180 COMP
0x000051c0 COMP
0x00005200 COMP
0x00005240 COMP
0x00005280 COMP
0x000052c0 COMP
0x00005300 COMP
0x00005340 COMP
0x00005380 COMP
0x000053c0 COMP
0x00005400 COMP
0x00005440 COMP
0x00005480 COMP
0x000054c0 COMP
0x00005500 COMP
0x00005540 COMP
0x00005580 COMP
0x000055c0 COMP
0x00005600 COMP
0x00005640 COMP
0x00005680 COMP
0x000056c0 COMP
0x00005700 COMP
0x00005740 COMP
0x00005780 COMP
0x000057c0 COMP
READRES
0x00005800 G_ACT0
0x08005800 G_ACT1
0x10005800 G_ACT2
0x18005800 G_ACT3
0x20005800 G_ACT4
0x28005800 G_ACT5
0x30005800 G_ACT6
0x38005800 G_ACT7
0x00005800 COMP
0x00005840 COMP
0x00005880 COMP
0x000058c0 COMP
0x00005900 COMP
0x00005940 COMP
0x00005980 COMP
0x000059c0 COMP
0x00005a00 COMP
0x00005a40 COMP
0x00005a80 COMP
0x00005ac0 COMP
0x00005b00 COMP
0x00005b40 COMP
0x00005b80 COMP
0x00005bc0 COMP
0x00005c00 COMP
0x00005c40 COMP
0x00005c80 COMP
0x00005cc0 COMP
0x00005d00 COMP
0x00005d40 COMP
0x00005d80 COMP
0x00005dc0 COMP
0x00005e00 COMP
0x00005e40 COMP
0x00005e80 COMP
0x00005ec0 COMP
0x00005f00 COMP
0x00005f40 COMP
0x00005f80 COMP
0x00005fc0 COMP
READRES
0x00006000 G_ACT0
0x08006000 G_ACT1
0x10006000 G_ACT2
0x18006000 G_ACT3
0x20006000 G_ACT4
0x28006000 G_ACT5
0x30006000 G_ACT6
0x38006000 G_ACT7
0x00006000 COMP
0x00006040 COMP
0x00006080 COMP
0x000060c0 COMP
0x00006100 COMP
0x00006140 COMP
0x00006180 COMP
0x000061c0 COMP
0x00006200 COMP
0x00006240 COMP
0x00006280 COMP
0x000062c0 COMP
0x00006300 COMP
0x00006340 COMP
0x00006380 COMP
0x000063c0 COMP
0x00006400 COMP
0x00006440 COMP
0x00006480 COMP
0x000064c0 COMP
0x00006500 COMP
0x00006540 COMP
0x00006580 COMP
0x000065c0 COMP
0x00006600 COMP
0x00006640 COMP
0x00006680 COMP
0x000066c0 COMP
0x00006700 COMP
0x00006740 COMP
0x00006780 COMP
0x000067c0 COMP
READRES
0x00006800 G_ACT0
0x08006800 G_ACT1
0x10006800 G_ACT2
0x18006800 G_ACT3
0x20006800 G_ACT4
0x28006800 G_ACT5
0x30006800 G_ACT6
0x38006800 G_ACT7
0x00006800 COMP
0x00006840 COMP
0x00006880 COMP
0x000068c0 COMP
0x00006900 COMP
0x00006940 COMP
0x00006980 COMP
0x000069c0 COMP
0x00006a00 COMP
0x00006a40 COMP
0x00006a80 COMP
0x00006ac0 COMP
0x00006b00 COMP
0x00006b40 COMP
0x00006b80 COMP
0x00006bc0 COMP
0x00006c00 COMP
0x00006c40 COMP
0x00006c80 COMP
0x00006cc0 COMP
0x00006d00 COMP
0x00006d40 COMP
0x00006d80 COMP
0x00006dc0 COMP
0x00006e00 COMP
0x00006e40 COMP
0x00006e80 COMP
0x00006ec0 COMP
0x00006f00 COMP
0x00006f40 COMP
0x00006f80 COMP
0x00006fc0 COMP
READRES
0x00007000 G_ACT0
0x08007000 G_ACT1
0x10007000 G_ACT2
0x18007000 G_ACT3
0x20007000 G_ACT4
0x28007000 G_ACT5
0x30007000 G_ACT6
0x38007000 G_ACT7
0x00007000 COMP
0x00007040 COMP
0x00007080 COMP
0x000070c0 COMP
0x00007100 COMP
0x00007140 COMP
0x00007180 COMP
0x000071c0 COMP
0x00007200 COMP
0x00007240 COMP
0x00007280 COMP
0x000072c0 COMP
0x00007300 COMP
0x00007340 COMP
0x00007380 COMP
0x000073c0 COMP
0x00007400 COMP
0x00007440 COMP
0x00007480 COMP
0x000074c0 COMP
0x00007500 COMP
0x00007540 COMP
0x00007580 COMP
0x000075c0 COMP
0x00007600 COMP
0x00007640 COMP
0x00007680 COMP
0x000076c0 COMP
0x00007700 COMP
0x00007740 COMP
0x00007780 COMP
0x000077c0 COMP
READRES
0x00007800 G_ACT0
0x08007800 G_ACT1
0x10007800 G_ACT2
0x18007800 G_ACT3
0x20007800 G_ACT4
0x28007800 G_ACT5
0x30007800 G_ACT6
0x38007800 G_ACT7
0x00007800 COMP
0x00007840 COMP
0x00007880 COMP
0x000078c0 COMP
0x00007900 COMP
0x00007940 COMP
0x00007980 COMP
0x000079c0 COMP
0x00007a00 COMP
0x00007a40 COMP
0x00007a80 COMP
0x00007ac0 COMP
0x00007b00 COMP
0x00007b40 COMP
0x00007b80 COMP
0x00007bc0 COMP
0x00007c00 COMP
0x00007c40 COMP
0x00007c80 COMP
0x00007cc0 COMP
0x00007d00 COMP
0x00007d40 COMP
0x00007d80 COMP
0x00007dc0 COMP
0x00007e00 COMP
0x00007e40 COMP
0x00007e80 COMP
0x00007ec0 COMP
0x00007f00 COMP
0x00007f40 COMP
0x00007f80 COMP
0x00007fc0 COMP
READRES
0x00008000 G_ACT0
0x08008000 G_ACT1
0x10008000 G_ACT2
0x18008000 G_ACT3
0x20008000 G_ACT4
0x28008000 G_ACT5
0x30008000 G_ACT6
0x38008000 G_ACT7
0x00008000 COMP
0x00008040 COMP
0x00008080 COMP
0x000080c0 COMP
0x00008100 COMP
0x00008140 COMP
0x00008180 COMP
0x000081c0 COMP
0x00008200 COMP
0x00008240 COMP
0x00008280 COMP
0x000082c0 COMP
0x00008300 COMP
0x00008340 COMP
0x00008380 COMP
0x000083c0 COMP
0x00008400 COMP
0x00008440 COMP
0x00008480 COMP
0x000084c0 COMP
0x00008500 COMP
0x00008540 COMP
0x00008580 COMP
0x000085c0 COMP
0x00008600 COMP
0x00008640 COMP
0x00008680 COMP
0x000086c0 COMP
0x00008700 COMP
0x00008740 COMP
0x00008780 COMP
0x000087c0 COMP
READRES
0x00008800 G_ACT0
0x08008800 G_ACT1
0x10008800 G_ACT2
0x18008800 G_ACT3
0x20008800 G_ACT4
0x28008800 G_ACT5
0x30008800 G_ACT6
0x38008800 G_ACT7
0x00008800 COMP
0x00008840 COMP
0x00008880 COMP
0x000088c0 COMP
0x00008900 COMP
0x00008940 COMP
0x00008980 COMP
0x000089c0 COMP
0x00008a00 COMP
0x00008a40 COMP
0x00008a80 COMP
0x00008ac0 COMP
0x00008b00 COMP
0x00008b40 COMP
0x00008b80 COMP
0x00008bc0 COMP
0x00008c00 COMP
0x00008c40 COMP
0x00008c80 COMP
0x00008cc0 COMP
0x00008d00 COMP
0x00008d40 COMP
0x00008d80 COMP
0x00008dc0 COMP
0x00008e00 COMP
0x00008e40 COMP
0x00008e80 COMP
0x00008ec0 COMP
0x00008f00 COMP
0x00008f40 COMP
0x00008f80 COMP
0x00008fc0 COMP
READRES
0x00009000 G_ACT0
0x08009000 G_ACT1
0x10009000 G_ACT2
0x18009000 G_ACT3
0x20009000 G_ACT4
0x28009000 G_ACT5
0x30009000 G_ACT6
0x38009000 G_ACT7
0x00009000 COMP
0x00009040 COMP
0x00009080 COMP
0x000090c0 COMP
0x00009100 COMP
0x00009140 COMP
0x00009180 COMP
0x000091c0 COMP
0x00009200 COMP
0x00009240 COMP
0x00009280 COMP
0x000092c0 COMP
0x00009300 COMP
0x00009340 COMP
0x00009380 COMP
0x000093c0 COMP
0x00009400 COMP
0x00009440 COMP
0x00009480 COMP
0x000094c0 COMP
0x00009500 COMP
0x00009540 COMP
0x00009580 COMP
0x000095c0 COMP
0x00009600 COMP
0x00009640 COMP
0x00009680 COMP
0x000096c0 COMP
0x00009700 COMP
0x00009740 COMP
0x00009780 COMP
0x000097c0 COMP
READRES
0x00009800 G_ACT0
0x08009800 G_ACT1
0x10009800 G_ACT2
0x18009800 G_ACT3
0x20009800 G_ACT4
0x28009800 G_ACT5
0x30009800 G_ACT6
0x38009800 G_ACT7
0x00009800 COMP
0x00009840 COMP
0x00009880 COMP
0x000098c0 COMP
0x00009900 COMP
0x00009940 COMP
0x00009980 COMP
0x000099c0 COMP
0x00009a00 COMP
0x00009a40 COMP
0x00009a80 COMP
0x00009ac0 COMP
0x00009b00 COMP
0x00009b40 COMP
0x00009b80 COMP
0x00009bc0 COMP
0x00009c00 COMP
0x00009c40 COMP
0x00009c80 COMP
0x00009cc0 COMP
0x00009d00 COMP
0x00009d40 COMP
0x00009d80 COMP
0x00009dc0 COMP
0x00009e00 COMP
0x00009e40 COMP
0x00009e80 COMP
0x00009ec0 COMP
0x00009f00 COMP
0x00009f40 COMP
0x00009f80 COMP
0x00009fc0 COMP
READRES
0x0000a000 G_ACT0
0x0800a000 G_ACT1
0x1000a000 G_ACT2
0x1800a000 G_ACT3
0x2000a000 G_ACT4
0x2800a000 G_ACT5
0x3000a000 G_ACT6
0x3800a000 G_ACT7
0x0000a000 COMP
0x0000a040 COMP
0x0000a080 COMP
0x0000a0c0 COMP
0x0000a100 COMP
0x0000a140 COMP
0x0000a180 COMP
0x0000a1c0 COMP
0x0000a200 COMP
0x0000a240 COMP
0x0000a280 COMP
0x0000a2c0 COMP
0x0000a300 COMP
0x0000a340 COMP
0x0000a380 COMP
0x0000a3c0 COMP
0x0000a400 COMP
0x0000a440 COMP
0x0000a480 COMP
0x0000a4c0 COMP
0x0000a500 COMP
0x0000a540 COMP
0x0000a580 COMP
0x0000a5c0 COMP
0x0000a600 COMP
0x0000a640 COMP
0x0000a680 COMP
0x0000a6c0 COMP
0x0000a700 COMP
0x0000a740 COMP
0x0000a780 COMP
0x0000a7c0 COMP
READRES
0x0000a800 G_ACT0
0x0800a800 G_ACT1
0x1000a800 G_ACT2
0x1800a800 G_ACT3
0x2000a800 G_ACT4
0x2800a800 G_ACT5
0x3000a800 G_ACT6
0x3800a800 G_ACT7
0x0000a800 COMP
0x0000a840 COMP
0x0000a880 COMP
0x0000a8c0 COMP
0x0000a900 COMP
0x0000a940 COMP
0x0000a980 COMP
0x0000a9c0 COMP
0x0000aa00 COMP
0x0000aa40 COMP
0x0000aa80 COMP
0x0000aac0 COMP
0x0000ab00 COMP
0x0000ab40 COMP
0x0000ab80 COMP
0x0000abc0 COMP
0x0000ac00 COMP
0x0000ac40 COMP
0x0000ac80 COMP
0x0000acc0 COMP
0x0000ad00 COMP
0x0000ad40 COMP
0x0000ad80 COMP
0x0000adc0 COMP
0x0000ae00 COMP
0x0000ae40 COMP
0x0000ae80 COMP
0x0000aec0 COMP
0x0000af00 COMP
0x0000af40 COMP
0x0000af80 COMP
0x0000afc0 COMP
READRES
0x0000b000 G_ACT0
0x0800b000 G_ACT1
0x1000b000 G_ACT2
0x1800b000 G_ACT3
0x2000b000 G_ACT4
0x2800b000 G_ACT5
0x3000b000 G_ACT6
0x3800b000 G_ACT7
0x0000b000 COMP
0x0000b040 COMP
0x0000b080 COMP
0x0000b0c0 COMP
0x0000b100 COMP
0x0000b140 COMP
0x0000b180 COMP
0x0000b1c0 COMP
0x0000b200 COMP
0x0000b240 COMP
0x0000b280 COMP
0x0000b2c0 COMP
0x0000b300 COMP
0x0000b340 COMP
0x0000b380 COMP
0x0000b3c0 COMP
0x0000b400 COMP
0x0000b440 COMP
0x0000b480 COMP
0x0000b4c0 COMP
0x0000b500 COMP
0x0000b540 COMP
0x0000b580 COMP
0x0000b5c0 COMP
0x0000b600 COMP
0x0000b640 COMP
0x0000b680 COMP
0x0000b6c0 COMP
0x0000b700 COMP
0x0000b740 COMP
0x0000b780 COMP
0x0000b7c0 COMP
READRES
0x0000b800 G_ACT0
0x0800b800 G_ACT1
0x1000b800 G_ACT2
0x1800b800 G_ACT3
0x2000b800 G_ACT4
0x2800b800 G_ACT5
0x3000b800 G_ACT6
0x3800b800 G_ACT7
0x0000b800 COMP
0x0000b840 COMP
0x0000b880 COMP
0x0000b8c0 COMP
0x0000b900 COMP
0x0000b940 COMP
0x0000b980 COMP
0x0000b9c0 COMP
0x0000ba00 COMP
0x0000ba40 COMP
0x0000ba80 COMP
0x0000bac0 COMP
0x0000bb00 COMP
0x0000bb40 COMP
0x0000bb80 COMP
0x0000bbc0 COMP
0x0000bc00 COMP
0x0000bc40 COMP
0x0000bc80 COMP
0x0000bcc0 COMP
0x0000bd00 COMP
0x0000bd40 COMP
0x0000bd80 COMP
0x0000bdc0 COMP
0x0000be00 COMP
0x0000be40 COMP
0x0000be80 COMP
0x0000bec0 COMP
0x0000bf00 COMP
0x0000bf40 COMP
0x0000bf80 COMP
0x0000bfc0 COMP
READRES
0x0000c000 G_ACT0
0x0800c000 G_ACT1
0x1000c000 G_ACT2
0x1800c000 G_ACT3
0x2000c000 G_ACT4
0x2800c000 G_ACT5
0x3000c000 G_ACT6
0x3800c000 G_ACT7
0x0000c000 COMP
0x0000c040 COMP
0x0000c080 COMP
0x0000c0c0 COMP
0x0000c100 COMP
0x0000c140 COMP
0x0000c180 COMP
0x0000c1c0 COMP
0x0000c200 COMP
0x0000c240 COMP
0x0000c280 COMP
0x0000c2c0 COMP
0x0000c300 COMP
0x0000c340 COMP
0x0000c380 COMP
0x0000c3c0 COMP
0x0000c400 COMP
0x0000c440 COMP
0x0000c480 COMP
0x0000c4c0 COMP
0x0000c500 COMP
0x0000c540 COMP
0x0000c580 COMP
0x0000c5c0 COMP
0x0000c600 COMP
0x0000c640 COMP
0x0000c680 COMP
0x0000c6c0 COMP
0x0000c700 COMP
0x0000c740 COMP
0x0000c780 COMP
0x0000c7c0 COMP
READRES
0x0000c800 G_ACT0
0x0800c800 G_ACT1
0x1000c800 G_ACT2
0x1800c800 G_ACT3
0x2000c800 G_ACT4
0x2800c800 G_ACT5
0x3000c800 G_ACT6
0x3800c800 G_ACT7
0x0000c800 COMP
0x0000c840 COMP
0x0000c880 COMP
0x0000c8c0 COMP
0x0000c900 COMP
0x0000c940 COMP
0x0000c980 COMP
0x0000c9c0 COMP
0x0000ca00 COMP
0x0000ca40 COMP
0x0000ca80 COMP
0x0000cac0 COMP
0x0000cb00 COMP
0x0000cb40 COMP
0x0000cb80 COMP
0x0000cbc0 COMP
0x0000cc00 COMP
0x0000cc40 COMP
0x0000cc80 COMP
0x0000ccc0 COMP
0x0000cd00 COMP
0x0000cd40 COMP
0x0000cd80 COMP
0x0000cdc0 COMP
0x0000ce00 COMP
0x0000ce40 COMP
0x0000ce80 COMP
0x0000cec0 COMP
0x0000cf00 COMP
0x0000cf40 COMP
0x0000cf80 COMP
0x0000cfc0 COMP
READRES
0x0000d000 G_ACT0
0x0800d000 G_ACT1
0x1000d000 G_ACT2
0x1800d000 G_ACT3
0x2000d000 G_ACT4
0x2800d000 G_ACT5
0x3000d000 G_ACT6
0x3800d000 G_ACT7
0x0000d000 COMP
0x0000d040 COMP
0x0000d080 COMP
0x0000d0c0 COMP
0x0000d100 COMP
0x0000d140 COMP
0x0000d180 COMP
0x0000d1c0 COMP
0x0000d200 COMP
0x0000d240 COMP
0x0000d280 COMP
0x0000d2c0 COMP
0x0000d300 COMP
0x0000d340 COMP
0x0000d380 COMP
0x0000d3c0 COMP
0x0000d400 COMP
0x0000d440 COMP
0x0000d480 COMP
0x0000d4c0 COMP
0x0000d500 COMP
0x0000d540 COMP
0x0000d580 COMP
0x0000d5c0 COMP
0x0000d600 COMP
0x0000d640 COMP
0x0000d680 COMP
0x0000d6c0 COMP
0x0000d700 COMP
0x0000d740 COMP
0x0000d780 COMP
0x0000d7c0 COMP
READRES
0x0000d800 G_ACT0
0x0800d800 G_ACT1
0x1000d800 G_ACT2
0x1800d800 G_ACT3
0x2000d800 G_ACT4
0x2800d800 G_ACT5
0x3000d800 G_ACT6
0x3800d800 G_ACT7
0x0000d800 COMP
0x0000d840 COMP
0x0000d880 COMP
0x0000d8c0 COMP
0x0000d900 COMP
0x0000d940 COMP
0x0000d980 COMP
0x0000d9c0 COMP
0x0000da00 COMP
0x0000da40 COMP
0x0000da80 COMP
0x0000dac0 COMP
0x0000db00 COMP
0x0000db40 COMP
0x0000db80 COMP
0x0000dbc0 COMP
0x0000dc00 COMP
0x0000dc40 COMP
0x0000dc80 COMP
0x0000dcc0 COMP
0x0000dd00 COMP
0x0000dd40 COMP
0x0000dd80 COMP
0x0000ddc0 COMP
0x0000de00 COMP
0x0000de40 COMP
0x0000de80 COMP
0x0000dec0 COMP
0x0000df00 COMP
0x0000df40 COMP
0x0000df80 COMP
0x0000dfc0 COMP
READRES
0x0000e000 G_ACT0
0x0800e000 G_ACT1
0x1000e000 G_ACT2
0x1800e000 G_ACT3
0x2000e000 G_ACT4
0x2800e000 G_ACT5
0x3000e000 G_ACT6
0x3800e000 G_ACT7
0x0000e000 COMP
0x0000e040 COMP
0x0000e080 COMP
0x0000e0c0 COMP
0x0000e100 COMP
0x0000e140 COMP
0x0000e180 COMP
0x0000e1c0 COMP
0x0000e200 COMP
0x0000e240 COMP
0x0000e280 COMP
0x0000e2c0 COMP
0x0000e300 COMP
0x0000e340 COMP
0x0000e380 COMP
0x0000e3c0 COMP
0x0000e400 COMP
0x0000e440 COMP
0x0000e480 COMP
0x0000e4c0 COMP
0x0000e500 COMP
0x0000e540 COMP
0x0000e580 COMP
0x0000e5c0 COMP
0x0000e600 COMP
0x0000e640 COMP
0x0000e680 COMP
0x0000e6c0 COMP
0x0000e700 COMP
0x0000e740 COMP
0x0000e780 COMP
0x0000e7c0 COMP
READRES
0x0000e800 G_ACT0
0x0800e800 G_ACT1
0x1000e800 G_ACT2
0x1800e800 G_ACT3
0x2000e800 G_ACT4
0x2800e800 G_ACT5
0x3000e800 G_ACT6
0x3800e800 G_ACT7
0x0000e800 COMP
0x0000e840 COMP
0x0000e880 COMP
0x0000e8c0 COMP
0x0000e900 COMP
0x0000e940 COMP
0x0000e980 COMP
0x0000e9c0 COMP
0x0000ea00 COMP
0x0000ea40 COMP
0x0000ea80 COMP
0x0000eac0 COMP
0x0000eb00 COMP
0x0000eb40 COMP
0x0000eb80 COMP
0x0000ebc0 COMP
0x0000ec00 COMP
0x0000ec40 COMP
0x0000ec80 COMP
0x0000ecc0 COMP
0x0000ed00 COMP
0x0000ed40 COMP
0x0000ed80 COMP
0x0000edc0 COMP
0x0000ee00 COMP
0x0000ee40 COMP
0x0000ee80 COMP
0x0000eec0 COMP
0x0000ef00 COMP
0x0000ef40 COMP
0x0000ef80 COMP
0x0000efc0 COMP
READRES
0x0000f000 G_ACT0
0x0800f000 G_ACT1
0x1000f000 G_ACT2
0x1800f000 G_ACT3
0x2000f000 G_ACT4
0x2800f000 G_ACT5
0x3000f000 G_ACT6
0x3800f000 G_ACT7
0x0000f000 COMP
0x0000f040 COMP
0x0000f080 COMP
0x0000f0c0 COMP
0x0000f100 COMP
0x0000f140 COMP
0x0000f180 COMP
0x0000f1c0 COMP
0x0000f200 COMP
0x0000f240 COMP
0x0000f280 COMP
0x0000f2c0 COMP
0x0000f300 COMP
0x0000f340 COMP
0x0000f380 COMP
0x0000f3c0 COMP
0x0000f400 COMP
0x0000f440 COMP
0x0000f480 COMP
0x0000f4c0 COMP
0x0000f500 COMP
0x0000f540 COMP
0x0000f580 COMP
0x0000f5c0 COMP
0x0000f600 COMP
0x0000f640 COMP
0x0000f680 COMP
0x0000f6c0 COMP
0x0000f700 COMP
0x0000f740 COMP
0x0000f780 COMP
0x0000f7c0 COMP
READRES
0x0000f800 G_ACT0
0x0800f800 G_ACT1
0x1000f800 G_ACT2
0x1800f800 G_ACT3
0x2000f800 G_ACT4
0x2800f800 G_ACT5
0x3000f800 G_ACT6
0x3800f800 G_ACT7
0x0000f800 COMP
0x0000f840 COMP
0x0000f880 COMP
0x0000f8c0 COMP
0x0000f900 COMP
0x0000f940 COMP
0x0000f980 COMP
0x0000f9c0 COMP
0x0000fa00 COMP
0x0000fa40 COMP
0x0000fa80 COMP
0x0000fac0 COMP
0x0000fb00 COMP
0x0000fb40 COMP
0x0000fb80 COMP
0x0000fbc0 COMP
0x0000fc00 COMP
0x0000fc40 COMP
0x0000fc80 COMP
0x0000fcc0 COMP
0x0000fd00 COMP
0x0000fd40 COMP
0x0000fd80 COMP
0x0000fdc0 COMP
0x0000fe00 COMP
0x0000fe40 COMP
0x0000fe80 COMP
0x0000fec0 COMP
0x0000ff00 COMP
0x0000ff40 COMP
0x0000ff80 COMP
0x0000ffc0 COMP
READRES
0x00010000 G_ACT0
0x08010000 G_ACT1
0x10010000 G_ACT2
0x18010000 G_ACT3
0x20010000 G_ACT4
0x28010000 G_ACT5
0x30010000 G_ACT6
0x38010000 G_ACT7
0x00010000 COMP
0x00010040 COMP
0x00010080 COMP
0x000100c0 COMP
0x00010100 COMP
0x00010140 COMP
0x00010180 COMP
0x000101c0 COMP
0x00010200 COMP
0x00010240 COMP
0x00010280 COMP
0x000102c0 COMP
0x00010300 COMP
0x00010340 COMP
0x00010380 COMP
0x000103c0 COMP
0x00010400 COMP
0x00010440 COMP
0x00010480 COMP
0x000104c0 COMP
0x00010500 COMP
0x00010540 COMP
0x00010580 COMP
0x000105c0 COMP
0x00010600 COMP
0x00010640 COMP
0x00010680 COMP
0x000106c0 COMP
0x00010700 COMP
0x00010740 COMP
0x00010780 COMP
0x000107c0 COMP
READRES
0x00010800 G_ACT0
0x08010800 G_ACT1
0x10010800 G_ACT2
0x18010800 G_ACT3
0x20010800 G_ACT4
0x28010800 G_ACT5
0x30010800 G_ACT6
0x38010800 G_ACT7
0x00010800 COMP
0x00010840 COMP
0x00010880 COMP
0x000108c0 COMP
0x00010900 COMP
0x00010940 COMP
0x00010980 COMP
0x000109c0 COMP
0x00010a00 COMP
0x00010a40 COMP
0x00010a80 COMP
0x00010ac0 COMP
0x00010b00 COMP
0x00010b40 COMP
0x00010b80 COMP
0x00010bc0 COMP
0x00010c00 COMP
0x00010c40 COMP
0x00010c80 COMP
0x00010cc0 COMP
0x00010d00 COMP
0x00010d40 COMP
0x00010d80 COMP
0x00010dc0 COMP
0x00010e00 COMP
0x00010e40 COMP
0x00010e80 COMP
0x00010ec0 COMP
0x00010f00 COMP
0x00010f40 COMP
0x00010f80 COMP
0x00010fc0 COMP
READRES
0x00011000 G_ACT0
0x08011000 G_ACT1
0x10011000 G_ACT2
0x18011000 G_ACT3
0x20011000 G_ACT4
0x28011000 G_ACT5
0x30011000 G_ACT6
0x38011000 G_ACT7
0x00011000 COMP
0x00011040 COMP
0x00011080 COMP
0x000110c0 COMP
0x00011100 COMP
0x00011140 COMP
0x00011180 COMP
0x000111c0 COMP
0x00011200 COMP
0x00011240 COMP
0x00011280 COMP
0x000112c0 COMP
0x00011300 COMP
0x00011340 COMP
0x00011380 COMP
0x000113c0 COMP
0x00011400 COMP
0x00011440 COMP
0x00011480 COMP
0x000114c0 COMP
0x00011500 COMP
0x00011540 COMP
0x00011580 COMP
0x000115c0 COMP
0x00011600 COMP
0x00011640 COMP
0x00011680 COMP
0x000116c0 COMP
0x00011700 COMP
0x00011740 COMP
0x00011780 COMP
0x000117c0 COMP
READRES
0x00011800 G_ACT0
0x08011800 G_ACT1
0x10011800 G_ACT2
0x18011800 G_ACT3
0x20011800 G_ACT4
0x28011800 G_ACT5
0x30011800 G_ACT6
0x38011800 G_ACT7
0x00011800 COMP
0x00011840 COMP
0x00011880 COMP
0x000118c0 COMP
0x00011900 COMP
0x00011940 COMP
0x00011980 COMP
0x000119c0 COMP
0x00011a00 COMP
0x00011a40 COMP
0x00011a80 COMP
0x00011ac0 COMP
0x00011b00 COMP
0x00011b40 COMP
0x00011b80 COMP
0x00011bc0 COMP
0x00011c00 COMP
0x00011c40 COMP
0x00011c80 COMP
0x00011cc0 COMP
0x00011d00 COMP
0x00011d40 COMP
0x00011d80 COMP
0x00011dc0 COMP
0x00011e00 COMP
0x00011e40 COMP
0x00011e80 COMP
0x00011ec0 COMP
0x00011f00 COMP
0x00011f40 COMP
0x00011f80 COMP
0x00011fc0 COMP
READRES
0x00012000 G_ACT0
0x08012000 G_ACT1
0x10012000 G_ACT2
0x18012000 G_ACT3
0x20012000 G_ACT4
0x28012000 G_ACT5
0x30012000 G_ACT6
0x38012000 G_ACT7
0x00012000 COMP
0x00012040 COMP
0x00012080 COMP
0x000120c0 COMP
0x00012100 COMP
0x00012140 COMP
0x00012180 COMP
0x000121c0 COMP
0x00012200 COMP
0x00012240 COMP
0x00012280 COMP
0x000122c0 COMP
0x00012300 COMP
0x00012340 COMP
0x00012380 COMP
0x000123c0 COMP
0x00012400 COMP
0x00012440 COMP
0x00012480 COMP
0x000124c0 COMP
0x00012500 COMP
0x00012540 COMP
0x00012580 COMP
0x000125c0 COMP
0x00012600 COMP
0x00012640 COMP
0x00012680 COMP
0x000126c0 COMP
0x00012700 COMP
0x00012740 COMP
0x00012780 COMP
0x000127c0 COMP
READRES
0x00012800 G_ACT0
0x08012800 G_ACT1
0x10012800 G_ACT2
0x18012800 G_ACT3
0x20012800 G_ACT4
0x28012800 G_ACT5
0x30012800 G_ACT6
0x38012800 G_ACT7
0x00012800 COMP
0x00012840 COMP
0x00012880 COMP
0x000128c0 COMP
0x00012900 COMP
0x00012940 COMP
0x00012980 COMP
0x000129c0 COMP
0x00012a00 COMP
0x00012a40 COMP
0x00012a80 COMP
0x00012ac0 COMP
0x00012b00 COMP
0x00012b40 COMP
0x00012b80 COMP
0x00012bc0 COMP
0x00012c00 COMP
0x00012c40 COMP
0x00012c80 COMP
0x00012cc0 COMP
0x00012d00 COMP
0x00012d40 COMP
0x00012d80 COMP
0x00012dc0 COMP
0x00012e00 COMP
0x00012e40 COMP
0x00012e80 COMP
0x00012ec0 COMP
0x00012f00 COMP
0x00012f40 COMP
0x00012f80 COMP
0x00012fc0 COMP
READRES
0x00013000 G_ACT0
0x08013000 G_ACT1
0x10013000 G_ACT2
0x18013000 G_ACT3
0x20013000 G_ACT4
0x28013000 G_ACT5
0x30013000 G_ACT6
0x38013000 G_ACT7
0x00013000 COMP
0x00013040 COMP
0x00013080 COMP
0x000130c0 COMP
0x00013100 COMP
0x00013140 COMP
0x00013180 COMP
0x000131c0 COMP
0x00013200 COMP
0x00013240 COMP
0x00013280 COMP
0x000132c0 COMP
0x00013300 COMP
0x00013340 COMP
0x00013380 COMP
0x000133c0 COMP
0x00013400 COMP
0x00013440 COMP
0x00013480 COMP
0x000134c0 COMP
0x00013500 COMP
0x00013540 COMP
0x00013580 COMP
0x000135c0 COMP
0x00013600 COMP
0x00013640 COMP
0x00013680 COMP
0x000136c0 COMP
0x00013700 COMP
0x00013740 COMP
0x00013780 COMP
0x000137c0 COMP
READRES
0x00013800 G_ACT0
0x08013800 G_ACT1
0x10013800 G_ACT2
0x18013800 G_ACT3
0x20013800 G_ACT4
0x28013800 G_ACT5
0x30013800 G_ACT6
0x38013800 G_ACT7
0x00013800 COMP
0x00013840 COMP
0x00013880 COMP
0x000138c0 COMP
0x00013900 COMP
0x00013940 COMP
0x00013980 COMP
0x000139c0 COMP
0x00013a00 COMP
0x00013a40 COMP
0x00013a80 COMP
0x00013ac0 COMP
0x00013b00 COMP
0x00013b40 COMP
0x00013b80 COMP
0x00013bc0 COMP
0x00013c00 COMP
0x00013c40 COMP
0x00013c80 COMP
0x00013cc0 COMP
0x00013d00 COMP
0x00013d40 COMP
0x00013d80 COMP
0x00013dc0 COMP
0x00013e00 COMP
0x00013e40 COMP
0x00013e80 COMP
0x00013ec0 COMP
0x00013f00 COMP
0x00013f40 COMP
0x00013f80 COMP
0x00013fc0 COMP
READRES
0x00014000 G_ACT0
0x08014000 G_ACT1
0x10014000 G_ACT2
0x18014000 G_ACT3
0x20014000 G_ACT4
0x28014000 G_ACT5
0x30014000 G_ACT6
0x38014000 G_ACT7
0x00014000 COMP
0x00014040 COMP
0x00014080 COMP
0x000140c0 COMP
0x00014100 COMP
0x00014140 COMP
0x00014180 COMP
0x000141c0 COMP
0x00014200 COMP
0x00014240 COMP
0x00014280 COMP
0x000142c0 COMP
0x00014300 COMP
0x00014340 COMP
0x00014380 COMP
0x000143c0 COMP
0x00014400 COMP
0x00014440 COMP
0x00014480 COMP
0x000144c0 COMP
0x00014500 COMP
0x00014540 COMP
0x00014580 COMP
0x000145c0 COMP
0x00014600 COMP
0x00014640 COMP
0x00014680 COMP
0x000146c0 COMP
0x00014700 COMP
0x00014740 COMP
0x00014780 COMP
0x000147c0 COMP
READRES
0x00014800 G_ACT0
0x08014800 G_ACT1
0x10014800 G_ACT2
0x18014800 G_ACT3
0x20014800 G_ACT4
0x28014800 G_ACT5
0x30014800 G_ACT6
0x38014800 G_ACT7
0x00014800 COMP
0x00014840 COMP
0x00014880 COMP
0x000148c0 COMP
0x00014900 COMP
0x00014940 COMP
0x00014980 COMP
0x000149c0 COMP
0x00014a00 COMP
0x00014a40 COMP
0x00014a80 COMP
0x00014ac0 COMP
0x00014b00 COMP
0x00014b40 COMP
0x00014b80 COMP
0x00014bc0 COMP
0x00014c00 COMP
0x00014c40 COMP
0x00014c80 COMP
0x00014cc0 COMP
0x00014d00 COMP
0x00014d40 COMP
0x00014d80 COMP
0x00014dc0 COMP
0x00014e00 COMP
0x00014e40 COMP
0x00014e80 COMP
0x00014ec0 COMP
0x00014f00 COMP
0x00014f40 COMP
0x00014f80 COMP
0x00014fc0 COMP
READRES
0x00015000 G_ACT0
0x08015000 G_ACT1
0x10015000 G_ACT2
0x18015000 G_ACT3
0x20015000 G_ACT4
0x28015000 G_ACT5
0x30015000 G_ACT6
0x38015000 G_ACT7
0x00015000 COMP
0x00015040 COMP
0x00015080 COMP
0x000150c0 COMP
0x00015100 COMP
0x00015140 COMP
0x00015180 COMP
0x000151c0 COMP
0x00015200 COMP
0x00015240 COMP
0x00015280 COMP
0x000152c0 COMP
0x00015300 COMP
0x00015340 COMP
0x00015380 COMP
0x000153c0 COMP
0x00015400 COMP
0x00015440 COMP
0x00015480 COMP
0x000154c0 COMP
0x00015500 COMP
0x00015540 COMP
0x00015580 COMP
0x000155c0 COMP
0x00015600 COMP
0x00015640 COMP
0x00015680 COMP
0x000156c0 COMP
0x00015700 COMP
0x00015740 COMP
0x00015780 COMP
0x000157c0 COMP
READRES
0x00015800 G_ACT0
0x08015800 G_ACT1
0x10015800 G_ACT2
0x18015800 G_ACT3
0x20015800 G_ACT4
0x28015800 G_ACT5
0x30015800 G_ACT6
0x38015800 G_ACT7
0x00015800 COMP
0x00015840 COMP
0x00015880 COMP
0x000158c0 COMP
0x00015900 COMP
0x00015940 COMP
0x00015980 COMP
0x000159c0 COMP
0x00015a00 COMP
0x00015a40 COMP
0x00015a80 COMP
0x00015ac0 COMP
0x00015b00 COMP
0x00015b40 COMP
0x00015b80 COMP
0x00015bc0 COMP
0x00015c00 COMP
0x00015c40 COMP
0x00015c80 COMP
0x00015cc0 COMP
0x00015d00 COMP
0x00015d40 COMP
0x00015d80 COMP
0x00015dc0 COMP
0x00015e00 COMP
0x00015e40 COMP
0x00015e80 COMP
0x00015ec0 COMP
0x00015f00 COMP
0x00015f40 COMP
0x00015f80 COMP
0x00015fc0 COMP
READRES
0x00016000 G_ACT0
0x08016000 G_ACT1
0x10016000 G_ACT2
0x18016000 G_ACT3
0x20016000 G_ACT4
0x28016000 G_ACT5
0x30016000 G_ACT6
0x38016000 G_ACT7
0x00016000 COMP
0x00016040 COMP
0x00016080 COMP
0x000160c0 COMP
0x00016100 COMP
0x00016140 COMP
0x00016180 COMP
0x000161c0 COMP
0x00016200 COMP
0x00016240 COMP
0x00016280 COMP
0x000162c0 COMP
0x00016300 COMP
0x00016340 COMP
0x00016380 COMP
0x000163c0 COMP
0x00016400 COMP
0x00016440 COMP
0x00016480 COMP
0x000164c0 COMP
0x00016500 COMP
0x00016540 COMP
0x00016580 COMP
0x000165c0 COMP
0x00016600 COMP
0x00016640 COMP
0x00016680 COMP
0x000166c0 COMP
0x00016700 COMP
0x00016740 COMP
0x00016780 COMP
0x000167c0 COMP
READRES
0x00016800 G_ACT0
0x08016800 G_ACT1
0x10016800 G_ACT2
0x18016800 G_ACT3
0x20016800 G_ACT4
0x28016800 G_ACT5
0x30016800 G_ACT6
0x38016800 G_ACT7
0x00016800 COMP
0x00016840 COMP
0x00016880 COMP
0x000168c0 COMP
0x00016900 COMP
0x00016940 COMP
0x00016980 COMP
0x000169c0 COMP
0x00016a00 COMP
0x00016a40 COMP
0x00016a80 COMP
0x00016ac0 COMP
0x00016b00 COMP
0x00016b40 COMP
0x00016b80 COMP
0x00016bc0 COMP
0x00016c00 COMP
0x00016c40 COMP
0x00016c80 COMP
0x00016cc0 COMP
0x00016d00 COMP
0x00016d40 COMP
0x00016d80 COMP
0x00016dc0 COMP
0x00016e00 COMP
0x00016e40 COMP
0x00016e80 COMP
0x00016ec0 COMP
0x00016f00 COMP
0x00016f40 COMP
0x00016f80 COMP
0x00016fc0 COMP
READRES
0x00017000 G_ACT0
0x08017000 G_ACT1
0x10017000 G_ACT2
0x18017000 G_ACT3
0x20017000 G_ACT4
0x28017000 G_ACT5
0x30017000 G_ACT6
0x38017000 G_ACT7
0x00017000 COMP
0x00017040 COMP
0x00017080 COMP
0x000170c0 COMP
0x00017100 COMP
0x00017140 COMP
0x00017180 COMP
0x000171c0 COMP
0x00017200 COMP
0x00017240 COMP
0x00017280 COMP
0x000172c0 COMP
0x00017300 COMP
0x00017340 COMP
0x00017380 COMP
0x000173c0 COMP
0x00017400 COMP
0x00017440 COMP
0x00017480 COMP
0x000174c0 COMP
0x00017500 COMP
0x00017540 COMP
0x00017580 COMP
0x000175c0 COMP
0x00017600 COMP
0x00017640 COMP
0x00017680 COMP
0x000176c0 COMP
0x00017700 COMP
0x00017740 COMP
0x00017780 COMP
0x000177c0 COMP
READRES
0x00017800 G_ACT0
0x08017800 G_ACT1
0x10017800 G_ACT2
0x18017800 G_ACT3
0x20017800 G_ACT4
0x28017800 G_ACT5
0x30017800 G_ACT6
0x38017800 G_ACT7
0x00017800 COMP
0x00017840 COMP
0x00017880 COMP
0x000178c0 COMP
0x00017900 COMP
0x00017940 COMP
0x00017980 COMP
0x000179c0 COMP
0x00017a00 COMP
0x00017a40 COMP
0x00017a80 COMP
0x00017ac0 COMP
0x00017b00 COMP
0x00017b40 COMP
0x00017b80 COMP
0x00017bc0 COMP
0x00017c00 COMP
0x00017c40 COMP
0x00017c80 COMP
0x00017cc0 COMP
0x00017d00 COMP
0x00017d40 COMP
0x00017d80 COMP
0x00017dc0 COMP
0x00017e00 COMP
0x00017e40 COMP
0x00017e80 COMP
0x00017ec0 COMP
0x00017f00 COMP
0x00017f40 COMP
0x00017f80 COMP
0x00017fc0 COMP
READRES
0x00018000 G_ACT0
0x08018000 G_ACT1
0x10018000 G_ACT2
0x18018000 G_ACT3
0x20018000 G_ACT4
0x28018000 G_ACT5
0x30018000 G_ACT6
0x38018000 G_ACT7
0x00018000 COMP
0x00018040 COMP
0x00018080 COMP
0x000180c0 COMP
0x00018100 COMP
0x00018140 COMP
0x00018180 COMP
0x000181c0 COMP
0x00018200 COMP
0x00018240 COMP
0x00018280 COMP
0x000182c0 COMP
0x00018300 COMP
0x00018340 COMP
0x00018380 COMP
0x000183c0 COMP
0x00018400 COMP
0x00018440 COMP
0x00018480 COMP
0x000184c0 COMP
0x00018500 COMP
0x00018540 COMP
0x00018580 COMP
0x000185c0 COMP
0x00018600 COMP
0x00018640 COMP
0x00018680 COMP
0x000186c0 COMP
0x00018700 COMP
0x00018740 COMP
0x00018780 COMP
0x000187c0 COMP
READRES
0x00018800 G_ACT0
0x08018800 G_ACT1
0x10018800 G_ACT2
0x18018800 G_ACT3
0x20018800 G_ACT4
0x28018800 G_ACT5
0x30018800 G_ACT6
0x38018800 G_ACT7
0x00018800 COMP
0x00018840 COMP
0x00018880 COMP
0x000188c0 COMP
0x00018900 COMP
0x00018940 COMP
0x00018980 COMP
0x000189c0 COMP
0x00018a00 COMP
0x00018a40 COMP
0x00018a80 COMP
0x00018ac0 COMP
0x00018b00 COMP
0x00018b40 COMP
0x00018b80 COMP
0x00018bc0 COMP
0x00018c00 COMP
0x00018c40 COMP
0x00018c80 COMP
0x00018cc0 COMP
0x00018d00 COMP
0x00018d40 COMP
0x00018d80 COMP
0x00018dc0 COMP
0x00018e00 COMP
0x00018e40 COMP
0x00018e80 COMP
0x00018ec0 COMP
0x00018f00 COMP
0x00018f40 COMP
0x00018f80 COMP
0x00018fc0 COMP
READRES
0x00019000 G_ACT0
0x08019000 G_ACT1
0x10019000 G_ACT2
0x18019000 G_ACT3
0x20019000 G_ACT4
0x28019000 G_ACT5
0x30019000 G_ACT6
0x38019000 G_ACT7
0x00019000 COMP
0x00019040 COMP
0x00019080 COMP
0x000190c0 COMP
0x00019100 COMP
0x00019140 COMP
0x00019180 COMP
0x000191c0 COMP
0x00019200 COMP
0x00019240 COMP
0x00019280 COMP
0x000192c0 COMP
0x00019300 COMP
0x00019340 COMP
0x00019380 COMP
0x000193c0 COMP
0x00019400 COMP
0x00019440 COMP
0x00019480 COMP
0x000194c0 COMP
0x00019500 COMP
0x00019540 COMP
0x00019580 COMP
0x000195c0 COMP
0x00019600 COMP
0x00019640 COMP
0x00019680 COMP
0x000196c0 COMP
0x00019700 COMP
0x00019740 COMP
0x00019780 COMP
0x000197c0 COMP
READRES
0x00019800 G_ACT0
0x08019800 G_ACT1
0x10019800 G_ACT2
0x18019800 G_ACT3
0x20019800 G_ACT4
0x28019800 G_ACT5
0x30019800 G_ACT6
0x38019800 G_ACT7
0x00019800 COMP
0x00019840 COMP
0x00019880 COMP
0x000198c0 COMP
0x00019900 COMP
0x00019940 COMP
0x00019980 COMP
0x000199c0 COMP
0x00019a00 COMP
0x00019a40 COMP
0x00019a80 COMP
0x00019ac0 COMP
0x00019b00 COMP
0x00019b40 COMP
0x00019b80 COMP
0x00019bc0 COMP
0x00019c00 COMP
0x00019c40 COMP
0x00019c80 COMP
0x00019cc0 COMP
0x00019d00 COMP
0x00019d40 COMP
0x00019d80 COMP
0x00019dc0 COMP
0x00019e00 COMP
0x00019e40 COMP
0x00019e80 COMP
0x00019ec0 COMP
0x00019f00 COMP
0x00019f40 COMP
0x00019f80 COMP
0x00019fc0 COMP
READRES
0x0001a000 G_ACT0
0x0801a000 G_ACT1
0x1001a000 G_ACT2
0x1801a000 G_ACT3
0x2001a000 G_ACT4
0x2801a000 G_ACT5
0x3001a000 G_ACT6
0x3801a000 G_ACT7
0x0001a000 COMP
0x0001a040 COMP
0x0001a080 COMP
0x0001a0c0 COMP
0x0001a100 COMP
0x0001a140 COMP
0x0001a180 COMP
0x0001a1c0 COMP
0x0001a200 COMP
0x0001a240 COMP
0x0001a280 COMP
0x0001a2c0 COMP
0x0001a300 COMP
0x0001a340 COMP
0x0001a380 COMP
0x0001a3c0 COMP
0x0001a400 COMP
0x0001a440 COMP
0x0001a480 COMP
0x0001a4c0 COMP
0x0001a500 COMP
0x0001a540 COMP
0x0001a580 COMP
0x0001a5c0 COMP
0x0001a600 COMP
0x0001a640 COMP
0x0001a680 COMP
0x0001a6c0 COMP
0x0001a700 COMP
0x0001a740 COMP
0x0001a780 COMP
0x0001a7c0 COMP
READRES
0x0001a800 G_ACT0
0x0801a800 G_ACT1
0x1001a800 G_ACT2
0x1801a800 G_ACT3
0x2001a800 G_ACT4
0x2801a800 G_ACT5
0x3001a800 G_ACT6
0x3801a800 G_ACT7
0x0001a800 COMP
0x0001a840 COMP
0x0001a880 COMP
0x0001a8c0 COMP
0x0001a900 COMP
0x0001a940 COMP
0x0001a980 COMP
0x0001a9c0 COMP
0x0001aa00 COMP
0x0001aa40 COMP
0x0001aa80 COMP
0x0001aac0 COMP
0x0001ab00 COMP
0x0001ab40 COMP
0x0001ab80 COMP
0x0001abc0 COMP
0x0001ac00 COMP
0x0001ac40 COMP
0x0001ac80 COMP
0x0001acc0 COMP
0x0001ad00 COMP
0x0001ad40 COMP
0x0001ad80 COMP
0x0001adc0 COMP
0x0001ae00 COMP
0x0001ae40 COMP
0x0001ae80 COMP
0x0001aec0 COMP
0x0001af00 COMP
0x0001af40 COMP
0x0001af80 COMP
0x0001afc0 COMP
READRES
0x0001b000 G_ACT0
0x0801b000 G_ACT1
0x1001b000 G_ACT2
0x1801b000 G_ACT3
0x2001b000 G_ACT4
0x2801b000 G_ACT5
0x3001b000 G_ACT6
0x3801b000 G_ACT7
0x0001b000 COMP
0x0001b040 COMP
0x0001b080 COMP
0x0001b0c0 COMP
0x0001b100 COMP
0x0001b140 COMP
0x0001b180 COMP
0x0001b1c0 COMP
0x0001b200 COMP
0x0001b240 COMP
0x0001b280 COMP
0x0001b2c0 COMP
0x0001b300 COMP
0x0001b340 COMP
0x0001b380 COMP
0x0001b3c0 COMP
0x0001b400 COMP
0x0001b440 COMP
0x0001b480 COMP
0x0001b4c0 COMP
0x0001b500 COMP
0x0001b540 COMP
0x0001b580 COMP
0x0001b5c0 COMP
0x0001b600 COMP
0x0001b640 COMP
0x0001b680 COMP
0x0001b6c0 COMP
0x0001b700 COMP
0x0001b740 COMP
0x0001b780 COMP
0x0001b7c0 COMP
READRES
0x0001b800 G_ACT0
0x0801b800 G_ACT1
0x1001b800 G_ACT2
0x1801b800 G_ACT3
0x2001b800 G_ACT4
0x2801b800 G_ACT5
0x3001b800 G_ACT6
0x3801b800 G_ACT7
0x0001b800 COMP
0x0001b840 COMP
0x0001b880 COMP
0x0001b8c0 COMP
0x0001b900 COMP
0x0001b940 COMP
0x0001b980 COMP
0x0001b9c0 COMP
0x0001ba00 COMP
0x0001ba40 COMP
0x0001ba80 COMP
0x0001bac0 COMP
0x0001bb00 COMP
0x0001bb40 COMP
0x0001bb80 COMP
0x0001bbc0 COMP
0x0001bc00 COMP
0x0001bc40 COMP
0x0001bc80 COMP
0x0001bcc0 COMP
0x0001bd00 COMP
0x0001bd40 COMP
0x0001bd80 COMP
0x0001bdc0 COMP
0x0001be00 COMP
0x0001be40 COMP
0x0001be80 COMP
0x0001bec0 COMP
0x0001bf00 COMP
0x0001bf40 COMP
0x0001bf80 COMP
0x0001bfc0 COMP
READRES
0x0001c000 G_ACT0
0x0801c000 G_ACT1
0x1001c000 G_ACT2
0x1801c000 G_ACT3
0x2001c000 G_ACT4
0x2801c000 G_ACT5
0x3001c000 G_ACT6
0x3801c000 G_ACT7
0x0001c000 COMP
0x0001c040 COMP
0x0001c080 COMP
0x0001c0c0 COMP
0x0001c100 COMP
0x0001c140 COMP
0x0001c180 COMP
0x0001c1c0 COMP
0x0001c200 COMP
0x0001c240 COMP
0x0001c280 COMP
0x0001c2c0 COMP
0x0001c300 COMP
0x0001c340 COMP
0x0001c380 COMP
0x0001c3c0 COMP
0x0001c400 COMP
0x0001c440 COMP
0x0001c480 COMP
0x0001c4c0 COMP
0x0001c500 COMP
0x0001c540 COMP
0x0001c580 COMP
0x0001c5c0 COMP
0x0001c600 COMP
0x0001c640 COMP
0x0001c680 COMP
0x0001c6c0 COMP
0x0001c700 COMP
0x0001c740 COMP
0x0001c780 COMP
0x0001c7c0 COMP
READRES
0x0001c800 G_ACT0
0x0801c800 G_ACT1
0x1001c800 G_ACT2
0x1801c800 G_ACT3
0x2001c800 G_ACT4
0x2801c800 G_ACT5
0x3001c800 G_ACT6
0x3801c800 G_ACT7
0x0001c800 COMP
0x0001c840 COMP
0x0001c880 COMP
0x0001c8c0 COMP
0x0001c900 COMP
0x0001c940 COMP
0x0001c980 COMP
0x0001c9c0 COMP
0x0001ca00 COMP
0x0001ca40 COMP
0x0001ca80 COMP
0x0001cac0 COMP
0x0001cb00 COMP
0x0001cb40 COMP
0x0001cb80 COMP
0x0001cbc0 COMP
0x0001cc00 COMP
0x0001cc40 COMP
0x0001cc80 COMP
0x0001ccc0 COMP
0x0001cd00 COMP
0x0001cd40 COMP
0x0001cd80 COMP
0x0001cdc0 COMP
0x0001ce00 COMP
0x0001ce40 COMP
0x0001ce80 COMP
0x0001cec0 COMP
0x0001cf00 COMP
0x0001cf40 COMP
0x0001cf80 COMP
0x0001cfc0 COMP
READRES
0x0001d000 G_ACT0
0x0801d000 G_ACT1
0x1001d000 G_ACT2
0x1801d000 G_ACT3
0x2001d000 G_ACT4
0x2801d000 G_ACT5
0x3001d000 G_ACT6
0x3801d000 G_ACT7
0x0001d000 COMP
0x0001d040 COMP
0x0001d080 COMP
0x0001d0c0 COMP
0x0001d100 COMP
0x0001d140 COMP
0x0001d180 COMP
0x0001d1c0 COMP
0x0001d200 COMP
0x0001d240 COMP
0x0001d280 COMP
0x0001d2c0 COMP
0x0001d300 COMP
0x0001d340 COMP
0x0001d380 COMP
0x0001d3c0 COMP
0x0001d400 COMP
0x0001d440 COMP
0x0001d480 COMP
0x0001d4c0 COMP
0x0001d500 COMP
0x0001d540 COMP
0x0001d580 COMP
0x0001d5c0 COMP
0x0001d600 COMP
0x0001d640 COMP
0x0001d680 COMP
0x0001d6c0 COMP
0x0001d700 COMP
0x0001d740 COMP
0x0001d780 COMP
0x0001d7c0 COMP
READRES
0x0001d800 G_ACT0
0x0801d800 G_ACT1
0x1001d800 G_ACT2
0x1801d800 G_ACT3
0x2001d800 G_ACT4
0x2801d800 G_ACT5
0x3001d800 G_ACT6
0x3801d800 G_ACT7
0x0001d800 COMP
0x0001d840 COMP
0x0001d880 COMP
0x0001d8c0 COMP
0x0001d900 COMP
0x0001d940 COMP
0x0001d980 COMP
0x0001d9c0 COMP
0x0001da00 COMP
0x0001da40 COMP
0x0001da80 COMP
0x0001dac0 COMP
0x0001db00 COMP
0x0001db40 COMP
0x0001db80 COMP
0x0001dbc0 COMP
0x0001dc00 COMP
0x0001dc40 COMP
0x0001dc80 COMP
0x0001dcc0 COMP
0x0001dd00 COMP
0x0001dd40 COMP
0x0001dd80 COMP
0x0001ddc0 COMP
0x0001de00 COMP
0x0001de40 COMP
0x0001de80 COMP
0x0001dec0 COMP
0x0001df00 COMP
0x0001df40 COMP
0x0001df80 COMP
0x0001dfc0 COMP
READRES
0x0001e000 G_ACT0
0x0801e000 G_ACT1
0x1001e000 G_ACT2
0x1801e000 G_ACT3
0x2001e000 G_ACT4
0x2801e000 G_ACT5
0x3001e000 G_ACT6
0x3801e000 G_ACT7
0x0001e000 COMP
0x0001e040 COMP
0x0001e080 COMP
0x0001e0c0 COMP
0x0001e100 COMP
0x0001e140 COMP
0x0001e180 COMP
0x0001e1c0 COMP
0x0001e200 COMP
0x0001e240 COMP
0x0001e280 COMP
0x0001e2c0 COMP
0x0001e300 COMP
0x0001e340 COMP
0x0001e380 COMP
0x0001e3c0 COMP
0x0001e400 COMP
0x0001e440 COMP
0x0001e480 COMP
0x0001e4c0 COMP
0x0001e500 COMP
0x0001e540 COMP
0x0001e580 COMP
0x0001e5c0 COMP
0x0001e600 COMP
0x0001e640 COMP
0x0001e680 COMP
0x0001e6c0 COMP
0x0001e700 COMP
0x0001e740 COMP
0x0001e780 COMP
0x0001e7c0 COMP
READRES
0x0001e800 G_ACT0
0x0801e800 G_ACT1
0x1001e800 G_ACT2
0x1801e800 G_ACT3
0x2001e800 G_ACT4
0x2801e800 G_ACT5
0x3001e800 G_ACT6
0x3801e800 G_ACT7
0x0001e800 COMP
0x0001e840 COMP
0x0001e880 COMP
0x0001e8c0 COMP
0x0001e900 COMP
0x0001e940 COMP
0x0001e980 COMP
0x0001e9c0 COMP
0x0001ea00 COMP
0x0001ea40 COMP
0x0001ea80 COMP
0x0001eac0 COMP
0x0001eb00 COMP
0x0001eb40 COMP
0x0001eb80 COMP
0x0001ebc0 COMP
0x0001ec00 COMP
0x0001ec40 COMP
0x0001ec80 COMP
0x0001ecc0 COMP
0x0001ed00 COMP
0x0001ed40 COMP
0x0001ed80 COMP
0x0001edc0 COMP
0x0001ee00 COMP
0x0001ee40 COMP
0x0001ee80 COMP
0x0001eec0 COMP
0x0001ef00 COMP
0x0001ef40 COMP
0x0001ef80 COMP
0x0001efc0 COMP
READRES
0x0001f000 G_ACT0
0x0801f000 G_ACT1
0x1001f000 G_ACT2
0x1801f000 G_ACT3
0x2001f000 G_ACT4
0x2801f000 G_ACT5
0x3001f000 G_ACT6
0x3801f000 G_ACT7
0x0001f000 COMP
0x0001f040 COMP
0x0001f080 COMP
0x0001f0c0 COMP
0x0001f100 COMP
0x0001f140 COMP
0x0001f180 COMP
0x0001f1c0 COMP
0x0001f200 COMP
0x0001f240 COMP
0x0001f280 COMP
0x0001f2c0 COMP
0x0001f300 COMP
0x0001f340 COMP
0x0001f380 COMP
0x0001f3c0 COMP
0x0001f400 COMP
0x0001f440 COMP
0x0001f480 COMP
0x0001f4c0 COMP
0x0001f500 COMP
0x0001f540 COMP
0x0001f580 COMP
0x0001f5c0 COMP
0x0001f600 COMP
0x0001f640 COMP
0x0001f680 COMP
0x0001f6c0 COMP
0x0001f700 COMP
0x0001f740 COMP
0x0001f780 COMP
0x0001f7c0 COMP
READRES
0x0001f800 G_ACT0
0x0801f800 G_ACT1
0x1001f800 G_ACT2
0x1801f800 G_ACT3
0x2001f800 G_ACT4
0x2801f800 G_ACT5
0x3001f800 G_ACT6
0x3801f800 G_ACT7
0x0001f800 COMP
0x0001f840 COMP
0x0001f880 COMP
0x0001f8c0 COMP
0x0001f900 COMP
0x0001f940 COMP
0x0001f980 COMP
0x0001f9c0 COMP
0x0001fa00 COMP
0x0001fa40 COMP
0x0001fa80 COMP
0x0001fac0 COMP
0x0001fb00 COMP
0x0001fb40 COMP
0x0001fb80 COMP
0x0001fbc0 COMP
0x0001fc00 COMP
0x0001fc40 COMP
0x0001fc80 COMP
0x0001fcc0 COMP
0x0001fd00 COMP
0x0001fd40 COMP
0x0001fd80 COMP
0x0001fdc0 COMP
0x0001fe00 COMP
0x0001fe40 COMP
0x0001fe80 COMP
0x0001fec0 COMP
0x0001ff00 COMP
0x0001ff40 COMP
0x0001ff80 COMP
0x0001ffc0 COMP
READRES
0x00020000 G_ACT0
0x08020000 G_ACT1
0x10020000 G_ACT2
0x18020000 G_ACT3
0x20020000 G_ACT4
0x28020000 G_ACT5
0x30020000 G_ACT6
0x38020000 G_ACT7
0x00020000 COMP
0x00020040 COMP
0x00020080 COMP
0x000200c0 COMP
0x00020100 COMP
0x00020140 COMP
0x00020180 COMP
0x000201c0 COMP
0x00020200 COMP
0x00020240 COMP
0x00020280 COMP
0x000202c0 COMP
0x00020300 COMP
0x00020340 COMP
0x00020380 COMP
0x000203c0 COMP
0x00020400 COMP
0x00020440 COMP
0x00020480 COMP
0x000204c0 COMP
0x00020500 COMP
0x00020540 COMP
0x00020580 COMP
0x000205c0 COMP
0x00020600 COMP
0x00020640 COMP
0x00020680 COMP
0x000206c0 COMP
0x00020700 COMP
0x00020740 COMP
0x00020780 COMP
0x000207c0 COMP
READRES
0x00020800 G_ACT0
0x08020800 G_ACT1
0x10020800 G_ACT2
0x18020800 G_ACT3
0x20020800 G_ACT4
0x28020800 G_ACT5
0x30020800 G_ACT6
0x38020800 G_ACT7
0x00020800 COMP
0x00020840 COMP
0x00020880 COMP
0x000208c0 COMP
0x00020900 COMP
0x00020940 COMP
0x00020980 COMP
0x000209c0 COMP
0x00020a00 COMP
0x00020a40 COMP
0x00020a80 COMP
0x00020ac0 COMP
0x00020b00 COMP
0x00020b40 COMP
0x00020b80 COMP
0x00020bc0 COMP
0x00020c00 COMP
0x00020c40 COMP
0x00020c80 COMP
0x00020cc0 COMP
0x00020d00 COMP
0x00020d40 COMP
0x00020d80 COMP
0x00020dc0 COMP
0x00020e00 COMP
0x00020e40 COMP
0x00020e80 COMP
0x00020ec0 COMP
0x00020f00 COMP
0x00020f40 COMP
0x00020f80 COMP
0x00020fc0 COMP
READRES
0x00021000 G_ACT0
0x08021000 G_ACT1
0x10021000 G_ACT2
0x18021000 G_ACT3
0x20021000 G_ACT4
0x28021000 G_ACT5
0x30021000 G_ACT6
0x38021000 G_ACT7
0x00021000 COMP
0x00021040 COMP
0x00021080 COMP
0x000210c0 COMP
0x00021100 COMP
0x00021140 COMP
0x00021180 COMP
0x000211c0 COMP
0x00021200 COMP
0x00021240 COMP
0x00021280 COMP
0x000212c0 COMP
0x00021300 COMP
0x00021340 COMP
0x00021380 COMP
0x000213c0 COMP
0x00021400 COMP
0x00021440 COMP
0x00021480 COMP
0x000214c0 COMP
0x00021500 COMP
0x00021540 COMP
0x00021580 COMP
0x000215c0 COMP
0x00021600 COMP
0x00021640 COMP
0x00021680 COMP
0x000216c0 COMP
0x00021700 COMP
0x00021740 COMP
0x00021780 COMP
0x000217c0 COMP
READRES
0x00021800 G_ACT0
0x08021800 G_ACT1
0x10021800 G_ACT2
0x18021800 G_ACT3
0x20021800 G_ACT4
0x28021800 G_ACT5
0x30021800 G_ACT6
0x38021800 G_ACT7
0x00021800 COMP
0x00021840 COMP
0x00021880 COMP
0x000218c0 COMP
0x00021900 COMP
0x00021940 COMP
0x00021980 COMP
0x000219c0 COMP
0x00021a00 COMP
0x00021a40 COMP
0x00021a80 COMP
0x00021ac0 COMP
0x00021b00 COMP
0x00021b40 COMP
0x00021b80 COMP
0x00021bc0 COMP
0x00021c00 COMP
0x00021c40 COMP
0x00021c80 COMP
0x00021cc0 COMP
0x00021d00 COMP
0x00021d40 COMP
0x00021d80 COMP
0x00021dc0 COMP
0x00021e00 COMP
0x00021e40 COMP
0x00021e80 COMP
0x00021ec0 COMP
0x00021f00 COMP
0x00021f40 COMP
0x00021f80 COMP
0x00021fc0 COMP
READRES
0x00022000 G_ACT0
0x08022000 G_ACT1
0x10022000 G_ACT2
0x18022000 G_ACT3
0x20022000 G_ACT4
0x28022000 G_ACT5
0x30022000 G_ACT6
0x38022000 G_ACT7
0x00022000 COMP
0x00022040 COMP
0x00022080 COMP
0x000220c0 COMP
0x00022100 COMP
0x00022140 COMP
0x00022180 COMP
0x000221c0 COMP
0x00022200 COMP
0x00022240 COMP
0x00022280 COMP
0x000222c0 COMP
0x00022300 COMP
0x00022340 COMP
0x00022380 COMP
0x000223c0 COMP
0x00022400 COMP
0x00022440 COMP
0x00022480 COMP
0x000224c0 COMP
0x00022500 COMP
0x00022540 COMP
0x00022580 COMP
0x000225c0 COMP
0x00022600 COMP
0x00022640 COMP
0x00022680 COMP
0x000226c0 COMP
0x00022700 COMP
0x00022740 COMP
0x00022780 COMP
0x000227c0 COMP
READRES
0x00022800 G_ACT0
0x08022800 G_ACT1
0x10022800 G_ACT2
0x18022800 G_ACT3
0x20022800 G_ACT4
0x28022800 G_ACT5
0x30022800 G_ACT6
0x38022800 G_ACT7
0x00022800 COMP
0x00022840 COMP
0x00022880 COMP
0x000228c0 COMP
0x00022900 COMP
0x00022940 COMP
0x00022980 COMP
0x000229c0 COMP
0x00022a00 COMP
0x00022a40 COMP
0x00022a80 COMP
0x00022ac0 COMP
0x00022b00 COMP
0x00022b40 COMP
0x00022b80 COMP
0x00022bc0 COMP
0x00022c00 COMP
0x00022c40 COMP
0x00022c80 COMP
0x00022cc0 COMP
0x00022d00 COMP
0x00022d40 COMP
0x00022d80 COMP
0x00022dc0 COMP
0x00022e00 COMP
0x00022e40 COMP
0x00022e80 COMP
0x00022ec0 COMP
0x00022f00 COMP
0x00022f40 COMP
0x00022f80 COMP
0x00022fc0 COMP
READRES
0x00023000 G_ACT0
0x08023000 G_ACT1
0x10023000 G_ACT2
0x18023000 G_ACT3
0x20023000 G_ACT4
0x28023000 G_ACT5
0x30023000 G_ACT6
0x38023000 G_ACT7
0x00023000 COMP
0x00023040 COMP
0x00023080 COMP
0x000230c0 COMP
0x00023100 COMP
0x00023140 COMP
0x00023180 COMP
0x000231c0 COMP
0x00023200 COMP
0x00023240 COMP
0x00023280 COMP
0x000232c0 COMP
0x00023300 COMP
0x00023340 COMP
0x00023380 COMP
0x000233c0 COMP
0x00023400 COMP
0x00023440 COMP
0x00023480 COMP
0x000234c0 COMP
0x00023500 COMP
0x00023540 COMP
0x00023580 COMP
0x000235c0 COMP
0x00023600 COMP
0x00023640 COMP
0x00023680 COMP
0x000236c0 COMP
0x00023700 COMP
0x00023740 COMP
0x00023780 COMP
0x000237c0 COMP
READRES
0x00023800 G_ACT0
0x08023800 G_ACT1
0x10023800 G_ACT2
0x18023800 G_ACT3
0x20023800 G_ACT4
0x28023800 G_ACT5
0x30023800 G_ACT6
0x38023800 G_ACT7
0x00023800 COMP
0x00023840 COMP
0x00023880 COMP
0x000238c0 COMP
0x00023900 COMP
0x00023940 COMP
0x00023980 COMP
0x000239c0 COMP
0x00023a00 COMP
0x00023a40 COMP
0x00023a80 COMP
0x00023ac0 COMP
0x00023b00 COMP
0x00023b40 COMP
0x00023b80 COMP
0x00023bc0 COMP
0x00023c00 COMP
0x00023c40 COMP
0x00023c80 COMP
0x00023cc0 COMP
0x00023d00 COMP
0x00023d40 COMP
0x00023d80 COMP
0x00023dc0 COMP
0x00023e00 COMP
0x00023e40 COMP
0x00023e80 COMP
0x00023ec0 COMP
0x00023f00 COMP
0x00023f40 COMP
0x00023f80 COMP
0x00023fc0 COMP
READRES
0x00024000 G_ACT0
0x08024000 G_ACT1
0x10024000 G_ACT2
0x18024000 G_ACT3
0x20024000 G_ACT4
0x28024000 G_ACT5
0x30024000 G_ACT6
0x38024000 G_ACT7
0x00024000 COMP
0x00024040 COMP
0x00024080 COMP
0x000240c0 COMP
0x00024100 COMP
0x00024140 COMP
0x00024180 COMP
0x000241c0 COMP
0x00024200 COMP
0x00024240 COMP
0x00024280 COMP
0x000242c0 COMP
0x00024300 COMP
0x00024340 COMP
0x00024380 COMP
0x000243c0 COMP
0x00024400 COMP
0x00024440 COMP
0x00024480 COMP
0x000244c0 COMP
0x00024500 COMP
0x00024540 COMP
0x00024580 COMP
0x000245c0 COMP
0x00024600 COMP
0x00024640 COMP
0x00024680 COMP
0x000246c0 COMP
0x00024700 COMP
0x00024740 COMP
0x00024780 COMP
0x000247c0 COMP
READRES
0x00024800 G_ACT0
0x08024800 G_ACT1
0x10024800 G_ACT2
0x18024800 G_ACT3
0x20024800 G_ACT4
0x28024800 G_ACT5
0x30024800 G_ACT6
0x38024800 G_ACT7
0x00024800 COMP
0x00024840 COMP
0x00024880 COMP
0x000248c0 COMP
0x00024900 COMP
0x00024940 COMP
0x00024980 COMP
0x000249c0 COMP
0x00024a00 COMP
0x00024a40 COMP
0x00024a80 COMP
0x00024ac0 COMP
0x00024b00 COMP
0x00024b40 COMP
0x00024b80 COMP
0x00024bc0 COMP
0x00024c00 COMP
0x00024c40 COMP
0x00024c80 COMP
0x00024cc0 COMP
0x00024d00 COMP
0x00024d40 COMP
0x00024d80 COMP
0x00024dc0 COMP
0x00024e00 COMP
0x00024e40 COMP
0x00024e80 COMP
0x00024ec0 COMP
0x00024f00 COMP
0x00024f40 COMP
0x00024f80 COMP
0x00024fc0 COMP
READRES
0x00025000 G_ACT0
0x08025000 G_ACT1
0x10025000 G_ACT2
0x18025000 G_ACT3
0x20025000 G_ACT4
0x28025000 G_ACT5
0x30025000 G_ACT6
0x38025000 G_ACT7
0x00025000 COMP
0x00025040 COMP
0x00025080 COMP
0x000250c0 COMP
0x00025100 COMP
0x00025140 COMP
0x00025180 COMP
0x000251c0 COMP
0x00025200 COMP
0x00025240 COMP
0x00025280 COMP
0x000252c0 COMP
0x00025300 COMP
0x00025340 COMP
0x00025380 COMP
0x000253c0 COMP
0x00025400 COMP
0x00025440 COMP
0x00025480 COMP
0x000254c0 COMP
0x00025500 COMP
0x00025540 COMP
0x00025580 COMP
0x000255c0 COMP
0x00025600 COMP
0x00025640 COMP
0x00025680 COMP
0x000256c0 COMP
0x00025700 COMP
0x00025740 COMP
0x00025780 COMP
0x000257c0 COMP
READRES
0x00025800 G_ACT0
0x08025800 G_ACT1
0x10025800 G_ACT2
0x18025800 G_ACT3
0x20025800 G_ACT4
0x28025800 G_ACT5
0x30025800 G_ACT6
0x38025800 G_ACT7
0x00025800 COMP
0x00025840 COMP
0x00025880 COMP
0x000258c0 COMP
0x00025900 COMP
0x00025940 COMP
0x00025980 COMP
0x000259c0 COMP
0x00025a00 COMP
0x00025a40 COMP
0x00025a80 COMP
0x00025ac0 COMP
0x00025b00 COMP
0x00025b40 COMP
0x00025b80 COMP
0x00025bc0 COMP
0x00025c00 COMP
0x00025c40 COMP
0x00025c80 COMP
0x00025cc0 COMP
0x00025d00 COMP
0x00025d40 COMP
0x00025d80 COMP
0x00025dc0 COMP
0x00025e00 COMP
0x00025e40 COMP
0x00025e80 COMP
0x00025ec0 COMP
0x00025f00 COMP
0x00025f40 COMP
0x00025f80 COMP
0x00025fc0 COMP
READRES
0x00026000 G_ACT0
0x08026000 G_ACT1
0x10026000 G_ACT2
0x18026000 G_ACT3
0x20026000 G_ACT4
0x28026000 G_ACT5
0x30026000 G_ACT6
0x38026000 G_ACT7
0x00026000 COMP
0x00026040 COMP
0x00026080 COMP
0x000260c0 COMP
0x00026100 COMP
0x00026140 COMP
0x00026180 COMP
0x000261c0 COMP
0x00026200 COMP
0x00026240 COMP
0x00026280 COMP
0x000262c0 COMP
0x00026300 COMP
0x00026340 COMP
0x00026380 COMP
0x000263c0 COMP
0x00026400 COMP
0x00026440 COMP
0x00026480 COMP
0x000264c0 COMP
0x00026500 COMP
0x00026540 COMP
0x00026580 COMP
0x000265c0 COMP
0x00026600 COMP
0x00026640 COMP
0x00026680 COMP
0x000266c0 COMP
0x00026700 COMP
0x00026740 COMP
0x00026780 COMP
0x000267c0 COMP
READRES
0x00026800 G_ACT0
0x08026800 G_ACT1
0x10026800 G_ACT2
0x18026800 G_ACT3
0x20026800 G_ACT4
0x28026800 G_ACT5
0x30026800 G_ACT6
0x38026800 G_ACT7
0x00026800 COMP
0x00026840 COMP
0x00026880 COMP
0x000268c0 COMP
0x00026900 COMP
0x00026940 COMP
0x00026980 COMP
0x000269c0 COMP
0x00026a00 COMP
0x00026a40 COMP
0x00026a80 COMP
0x00026ac0 COMP
0x00026b00 COMP
0x00026b40 COMP
0x00026b80 COMP
0x00026bc0 COMP
0x00026c00 COMP
0x00026c40 COMP
0x00026c80 COMP
0x00026cc0 COMP
0x00026d00 COMP
0x00026d40 COMP
0x00026d80 COMP
0x00026dc0 COMP
0x00026e00 COMP
0x00026e40 COMP
0x00026e80 COMP
0x00026ec0 COMP
0x00026f00 COMP
0x00026f40 COMP
0x00026f80 COMP
0x00026fc0 COMP
READRES
0x00027000 G_ACT0
0x08027000 G_ACT1
0x10027000 G_ACT2
0x18027000 G_ACT3
0x20027000 G_ACT4
0x28027000 G_ACT5
0x30027000 G_ACT6
0x38027000 G_ACT7
0x00027000 COMP
0x00027040 COMP
0x00027080 COMP
0x000270c0 COMP
0x00027100 COMP
0x00027140 COMP
0x00027180 COMP
0x000271c0 COMP
0x00027200 COMP
0x00027240 COMP
0x00027280 COMP
0x000272c0 COMP
0x00027300 COMP
0x00027340 COMP
0x00027380 COMP
0x000273c0 COMP
0x00027400 COMP
0x00027440 COMP
0x00027480 COMP
0x000274c0 COMP
0x00027500 COMP
0x00027540 COMP
0x00027580 COMP
0x000275c0 COMP
0x00027600 COMP
0x00027640 COMP
0x00027680 COMP
0x000276c0 COMP
0x00027700 COMP
0x00027740 COMP
0x00027780 COMP
0x000277c0 COMP
READRES
0x00027800 G_ACT0
0x08027800 G_ACT1
0x10027800 G_ACT2
0x18027800 G_ACT3
0x20027800 G_ACT4
0x28027800 G_ACT5
0x30027800 G_ACT6
0x38027800 G_ACT7
0x00027800 COMP
0x00027840 COMP
0x00027880 COMP
0x000278c0 COMP
0x00027900 COMP
0x00027940 COMP
0x00027980 COMP
0x000279c0 COMP
0x00027a00 COMP
0x00027a40 COMP
0x00027a80 COMP
0x00027ac0 COMP
0x00027b00 COMP
0x00027b40 COMP
0x00027b80 COMP
0x00027bc0 COMP
0x00027c00 COMP
0x00027c40 COMP
0x00027c80 COMP
0x00027cc0 COMP
0x00027d00 COMP
0x00027d40 COMP
0x00027d80 COMP
0x00027dc0 COMP
0x00027e00 COMP
0x00027e40 COMP
0x00027e80 COMP
0x00027ec0 COMP
0x00027f00 COMP
0x00027f40 COMP
0x00027f80 COMP
0x00027fc0 COMP
READRES
0x00028000 G_ACT0
0x08028000 G_ACT1
0x10028000 G_ACT2
0x18028000 G_ACT3
0x20028000 G_ACT4
0x28028000 G_ACT5
0x30028000 G_ACT6
0x38028000 G_ACT7
0x00028000 COMP
0x00028040 COMP
0x00028080 COMP
0x000280c0 COMP
0x00028100 COMP
0x00028140 COMP
0x00028180 COMP
0x000281c0 COMP
0x00028200 COMP
0x00028240 COMP
0x00028280 COMP
0x000282c0 COMP
0x00028300 COMP
0x00028340 COMP
0x00028380 COMP
0x000283c0 COMP
0x00028400 COMP
0x00028440 COMP
0x00028480 COMP
0x000284c0 COMP
0x00028500 COMP
0x00028540 COMP
0x00028580 COMP
0x000285c0 COMP
0x00028600 COMP
0x00028640 COMP
0x00028680 COMP
0x000286c0 COMP
0x00028700 COMP
0x00028740 COMP
0x00028780 COMP
0x000287c0 COMP
READRES
0x00028800 G_ACT0
0x08028800 G_ACT1
0x10028800 G_ACT2
0x18028800 G_ACT3
0x20028800 G_ACT4
0x28028800 G_ACT5
0x30028800 G_ACT6
0x38028800 G_ACT7
0x00028800 COMP
0x00028840 COMP
0x00028880 COMP
0x000288c0 COMP
0x00028900 COMP
0x00028940 COMP
0x00028980 COMP
0x000289c0 COMP
0x00028a00 COMP
0x00028a40 COMP
0x00028a80 COMP
0x00028ac0 COMP
0x00028b00 COMP
0x00028b40 COMP
0x00028b80 COMP
0x00028bc0 COMP
0x00028c00 COMP
0x00028c40 COMP
0x00028c80 COMP
0x00028cc0 COMP
0x00028d00 COMP
0x00028d40 COMP
0x00028d80 COMP
0x00028dc0 COMP
0x00028e00 COMP
0x00028e40 COMP
0x00028e80 COMP
0x00028ec0 COMP
0x00028f00 COMP
0x00028f40 COMP
0x00028f80 COMP
0x00028fc0 COMP
READRES
0x00029000 G_ACT0
0x08029000 G_ACT1
0x10029000 G_ACT2
0x18029000 G_ACT3
0x20029000 G_ACT4
0x28029000 G_ACT5
0x30029000 G_ACT6
0x38029000 G_ACT7
0x00029000 COMP
0x00029040 COMP
0x00029080 COMP
0x000290c0 COMP
0x00029100 COMP
0x00029140 COMP
0x00029180 COMP
0x000291c0 COMP
0x00029200 COMP
0x00029240 COMP
0x00029280 COMP
0x000292c0 COMP
0x00029300 COMP
0x00029340 COMP
0x00029380 COMP
0x000293c0 COMP
0x00029400 COMP
0x00029440 COMP
0x00029480 COMP
0x000294c0 COMP
0x00029500 COMP
0x00029540 COMP
0x00029580 COMP
0x000295c0 COMP
0x00029600 COMP
0x00029640 COMP
0x00029680 COMP
0x000296c0 COMP
0x00029700 COMP
0x00029740 COMP
0x00029780 COMP
0x000297c0 COMP
READRES
0x00029800 G_ACT0
0x08029800 G_ACT1
0x10029800 G_ACT2
0x18029800 G_ACT3
0x20029800 G_ACT4
0x28029800 G_ACT5
0x30029800 G_ACT6
0x38029800 G_ACT7
0x00029800 COMP
0x00029840 COMP
0x00029880 COMP
0x000298c0 COMP
0x00029900 COMP
0x00029940 COMP
0x00029980 COMP
0x000299c0 COMP
0x00029a00 COMP
0x00029a40 COMP
0x00029a80 COMP
0x00029ac0 COMP
0x00029b00 COMP
0x00029b40 COMP
0x00029b80 COMP
0x00029bc0 COMP
0x00029c00 COMP
0x00029c40 COMP
0x00029c80 COMP
0x00029cc0 COMP
0x00029d00 COMP
0x00029d40 COMP
0x00029d80 COMP
0x00029dc0 COMP
0x00029e00 COMP
0x00029e40 COMP
0x00029e80 COMP
0x00029ec0 COMP
0x00029f00 COMP
0x00029f40 COMP
0x00029f80 COMP
0x00029fc0 COMP
READRES
0x0002a000 G_ACT0
0x0802a000 G_ACT1
0x1002a000 G_ACT2
0x1802a000 G_ACT3
0x2002a000 G_ACT4
0x2802a000 G_ACT5
0x3002a000 G_ACT6
0x3802a000 G_ACT7
0x0002a000 COMP
0x0002a040 COMP
0x0002a080 COMP
0x0002a0c0 COMP
0x0002a100 COMP
0x0002a140 COMP
0x0002a180 COMP
0x0002a1c0 COMP
0x0002a200 COMP
0x0002a240 COMP
0x0002a280 COMP
0x0002a2c0 COMP
0x0002a300 COMP
0x0002a340 COMP
0x0002a380 COMP
0x0002a3c0 COMP
0x0002a400 COMP
0x0002a440 COMP
0x0002a480 COMP
0x0002a4c0 COMP
0x0002a500 COMP
0x0002a540 COMP
0x0002a580 COMP
0x0002a5c0 COMP
0x0002a600 COMP
0x0002a640 COMP
0x0002a680 COMP
0x0002a6c0 COMP
0x0002a700 COMP
0x0002a740 COMP
0x0002a780 COMP
0x0002a7c0 COMP
READRES
0x0002a800 G_ACT0
0x0802a800 G_ACT1
0x1002a800 G_ACT2
0x1802a800 G_ACT3
0x2002a800 G_ACT4
0x2802a800 G_ACT5
0x3002a800 G_ACT6
0x3802a800 G_ACT7
0x0002a800 COMP
0x0002a840 COMP
0x0002a880 COMP
0x0002a8c0 COMP
0x0002a900 COMP
0x0002a940 COMP
0x0002a980 COMP
0x0002a9c0 COMP
0x0002aa00 COMP
0x0002aa40 COMP
0x0002aa80 COMP
0x0002aac0 COMP
0x0002ab00 COMP
0x0002ab40 COMP
0x0002ab80 COMP
0x0002abc0 COMP
0x0002ac00 COMP
0x0002ac40 COMP
0x0002ac80 COMP
0x0002acc0 COMP
0x0002ad00 COMP
0x0002ad40 COMP
0x0002ad80 COMP
0x0002adc0 COMP
0x0002ae00 COMP
0x0002ae40 COMP
0x0002ae80 COMP
0x0002aec0 COMP
0x0002af00 COMP
0x0002af40 COMP
0x0002af80 COMP
0x0002afc0 COMP
READRES
0x0002b000 G_ACT0
0x0802b000 G_ACT1
0x1002b000 G_ACT2
0x1802b000 G_ACT3
0x2002b000 G_ACT4
0x2802b000 G_ACT5
0x3002b000 G_ACT6
0x3802b000 G_ACT7
0x0002b000 COMP
0x0002b040 COMP
0x0002b080 COMP
0x0002b0c0 COMP
0x0002b100 COMP
0x0002b140 COMP
0x0002b180 COMP
0x0002b1c0 COMP
0x0002b200 COMP
0x0002b240 COMP
0x0002b280 COMP
0x0002b2c0 COMP
0x0002b300 COMP
0x0002b340 COMP
0x0002b380 COMP
0x0002b3c0 COMP
0x0002b400 COMP
0x0002b440 COMP
0x0002b480 COMP
0x0002b4c0 COMP
0x0002b500 COMP
0x0002b540 COMP
0x0002b580 COMP
0x0002b5c0 COMP
0x0002b600 COMP
0x0002b640 COMP
0x0002b680 COMP
0x0002b6c0 COMP
0x0002b700 COMP
0x0002b740 COMP
0x0002b780 COMP
0x0002b7c0 COMP
READRES
0x0002b800 G_ACT0
0x0802b800 G_ACT1
0x1002b800 G_ACT2
0x1802b800 G_ACT3
0x2002b800 G_ACT4
0x2802b800 G_ACT5
0x3002b800 G_ACT6
0x3802b800 G_ACT7
0x0002b800 COMP
0x0002b840 COMP
0x0002b880 COMP
0x0002b8c0 COMP
0x0002b900 COMP
0x0002b940 COMP
0x0002b980 COMP
0x0002b9c0 COMP
0x0002ba00 COMP
0x0002ba40 COMP
0x0002ba80 COMP
0x0002bac0 COMP
0x0002bb00 COMP
0x0002bb40 COMP
0x0002bb80 COMP
0x0002bbc0 COMP
0x0002bc00 COMP
0x0002bc40 COMP
0x0002bc80 COMP
0x0002bcc0 COMP
0x0002bd00 COMP
0x0002bd40 COMP
0x0002bd80 COMP
0x0002bdc0 COMP
0x0002be00 COMP
0x0002be40 COMP
0x0002be80 COMP
0x0002bec0 COMP
0x0002bf00 COMP
0x0002bf40 COMP
0x0002bf80 COMP
0x0002bfc0 COMP
READRES
0x0002c000 G_ACT0
0x0802c000 G_ACT1
0x1002c000 G_ACT2
0x1802c000 G_ACT3
0x2002c000 G_ACT4
0x2802c000 G_ACT5
0x3002c000 G_ACT6
0x3802c000 G_ACT7
0x0002c000 COMP
0x0002c040 COMP
0x0002c080 COMP
0x0002c0c0 COMP
0x0002c100 COMP
0x0002c140 COMP
0x0002c180 COMP
0x0002c1c0 COMP
0x0002c200 COMP
0x0002c240 COMP
0x0002c280 COMP
0x0002c2c0 COMP
0x0002c300 COMP
0x0002c340 COMP
0x0002c380 COMP
0x0002c3c0 COMP
0x0002c400 COMP
0x0002c440 COMP
0x0002c480 COMP
0x0002c4c0 COMP
0x0002c500 COMP
0x0002c540 COMP
0x0002c580 COMP
0x0002c5c0 COMP
0x0002c600 COMP
0x0002c640 COMP
0x0002c680 COMP
0x0002c6c0 COMP
0x0002c700 COMP
0x0002c740 COMP
0x0002c780 COMP
0x0002c7c0 COMP
READRES
0x0002c800 G_ACT0
0x0802c800 G_ACT1
0x1002c800 G_ACT2
0x1802c800 G_ACT3
0x2002c800 G_ACT4
0x2802c800 G_ACT5
0x3002c800 G_ACT6
0x3802c800 G_ACT7
0x0002c800 COMP
0x0002c840 COMP
0x0002c880 COMP
0x0002c8c0 COMP
0x0002c900 COMP
0x0002c940 COMP
0x0002c980 COMP
0x0002c9c0 COMP
0x0002ca00 COMP
0x0002ca40 COMP
0x0002ca80 COMP
0x0002cac0 COMP
0x0002cb00 COMP
0x0002cb40 COMP
0x0002cb80 COMP
0x0002cbc0 COMP
0x0002cc00 COMP
0x0002cc40 COMP
0x0002cc80 COMP
0x0002ccc0 COMP
0x0002cd00 COMP
0x0002cd40 COMP
0x0002cd80 COMP
0x0002cdc0 COMP
0x0002ce00 COMP
0x0002ce40 COMP
0x0002ce80 COMP
0x0002cec0 COMP
0x0002cf00 COMP
0x0002cf40 COMP
0x0002cf80 COMP
0x0002cfc0 COMP
READRES
0x0002d000 G_ACT0
0x0802d000 G_ACT1
0x1002d000 G_ACT2
0x1802d000 G_ACT3
0x2002d000 G_ACT4
0x2802d000 G_ACT5
0x3002d000 G_ACT6
0x3802d000 G_ACT7
0x0002d000 COMP
0x0002d040 COMP
0x0002d080 COMP
0x0002d0c0 COMP
0x0002d100 COMP
0x0002d140 COMP
0x0002d180 COMP
0x0002d1c0 COMP
0x0002d200 COMP
0x0002d240 COMP
0x0002d280 COMP
0x0002d2c0 COMP
0x0002d300 COMP
0x0002d340 COMP
0x0002d380 COMP
0x0002d3c0 COMP
0x0002d400 COMP
0x0002d440 COMP
0x0002d480 COMP
0x0002d4c0 COMP
0x0002d500 COMP
0x0002d540 COMP
0x0002d580 COMP
0x0002d5c0 COMP
0x0002d600 COMP
0x0002d640 COMP
0x0002d680 COMP
0x0002d6c0 COMP
0x0002d700 COMP
0x0002d740 COMP
0x0002d780 COMP
0x0002d7c0 COMP
READRES
0x0002d800 G_ACT0
0x0802d800 G_ACT1
0x1002d800 G_ACT2
0x1802d800 G_ACT3
0x2002d800 G_ACT4
0x2802d800 G_ACT5
0x3002d800 G_ACT6
0x3802d800 G_ACT7
0x0002d800 COMP
0x0002d840 COMP
0x0002d880 COMP
0x0002d8c0 COMP
0x0002d900 COMP
0x0002d940 COMP
0x0002d980 COMP
0x0002d9c0 COMP
0x0002da00 COMP
0x0002da40 COMP
0x0002da80 COMP
0x0002dac0 COMP
0x0002db00 COMP
0x0002db40 COMP
0x0002db80 COMP
0x0002dbc0 COMP
0x0002dc00 COMP
0x0002dc40 COMP
0x0002dc80 COMP
0x0002dcc0 COMP
0x0002dd00 COMP
0x0002dd40 COMP
0x0002dd80 COMP
0x0002ddc0 COMP
0x0002de00 COMP
0x0002de40 COMP
0x0002de80 COMP
0x0002dec0 COMP
0x0002df00 COMP
0x0002df40 COMP
0x0002df80 COMP
0x0002dfc0 COMP
READRES
0x0002e000 G_ACT0
0x0802e000 G_ACT1
0x1002e000 G_ACT2
0x1802e000 G_ACT3
0x2002e000 G_ACT4
0x2802e000 G_ACT5
0x3002e000 G_ACT6
0x3802e000 G_ACT7
0x0002e000 COMP
0x0002e040 COMP
0x0002e080 COMP
0x0002e0c0 COMP
0x0002e100 COMP
0x0002e140 COMP
0x0002e180 COMP
0x0002e1c0 COMP
0x0002e200 COMP
0x0002e240 COMP
0x0002e280 COMP
0x0002e2c0 COMP
0x0002e300 COMP
0x0002e340 COMP
0x0002e380 COMP
0x0002e3c0 COMP
0x0002e400 COMP
0x0002e440 COMP
0x0002e480 COMP
0x0002e4c0 COMP
0x0002e500 COMP
0x0002e540 COMP
0x0002e580 COMP
0x0002e5c0 COMP
0x0002e600 COMP
0x0002e640 COMP
0x0002e680 COMP
0x0002e6c0 COMP
0x0002e700 COMP
0x0002e740 COMP
0x0002e780 COMP
0x0002e7c0 COMP
READRES
0x0002e800 G_ACT0
0x0802e800 G_ACT1
0x1002e800 G_ACT2
0x1802e800 G_ACT3
0x2002e800 G_ACT4
0x2802e800 G_ACT5
0x3002e800 G_ACT6
0x3802e800 G_ACT7
0x0002e800 COMP
0x0002e840 COMP
0x0002e880 COMP
0x0002e8c0 COMP
0x0002e900 COMP
0x0002e940 COMP
0x0002e980 COMP
0x0002e9c0 COMP
0x0002ea00 COMP
0x0002ea40 COMP
0x0002ea80 COMP
0x0002eac0 COMP
0x0002eb00 COMP
0x0002eb40 COMP
0x0002eb80 COMP
0x0002ebc0 COMP
0x0002ec00 COMP
0x0002ec40 COMP
0x0002ec80 COMP
0x0002ecc0 COMP
0x0002ed00 COMP
0x0002ed40 COMP
0x0002ed80 COMP
0x0002edc0 COMP
0x0002ee00 COMP
0x0002ee40 COMP
0x0002ee80 COMP
0x0002eec0 COMP
0x0002ef00 COMP
0x0002ef40 COMP
0x0002ef80 COMP
0x0002efc0 COMP
READRES
0x0002f000 G_ACT0
0x0802f000 G_ACT1
0x1002f000 G_ACT2
0x1802f000 G_ACT3
0x2002f000 G_ACT4
0x2802f000 G_ACT5
0x3002f000 G_ACT6
0x3802f000 G_ACT7
0x0002f000 COMP
0x0002f040 COMP
0x0002f080 COMP
0x0002f0c0 COMP
0x0002f100 COMP
0x0002f140 COMP
0x0002f180 COMP
0x0002f1c0 COMP
0x0002f200 COMP
0x0002f240 COMP
0x0002f280 COMP
0x0002f2c0 COMP
0x0002f300 COMP
0x0002f340 COMP
0x0002f380 COMP
0x0002f3c0 COMP
0x0002f400 COMP
0x0002f440 COMP
0x0002f480 COMP
0x0002f4c0 COMP
0x0002f500 COMP
0x0002f540 COMP
0x0002f580 COMP
0x0002f5c0 COMP
0x0002f600 COMP
0x0002f640 COMP
0x0002f680 COMP
0x0002f6c0 COMP
0x0002f700 COMP
0x0002f740 COMP
0x0002f780 COMP
0x0002f7c0 COMP
READRES
0x0002f800 G_ACT0
0x0802f800 G_ACT1
0x1002f800 G_ACT2
0x1802f800 G_ACT3
0x2002f800 G_ACT4
0x2802f800 G_ACT5
0x3002f800 G_ACT6
0x3802f800 G_ACT7
0x0002f800 COMP
0x0002f840 COMP
0x0002f880 COMP
0x0002f8c0 COMP
0x0002f900 COMP
0x0002f940 COMP
0x0002f980 COMP
0x0002f9c0 COMP
0x0002fa00 COMP
0x0002fa40 COMP
0x0002fa80 COMP
0x0002fac0 COMP
0x0002fb00 COMP
0x0002fb40 COMP
0x0002fb80 COMP
0x0002fbc0 COMP
0x0002fc00 COMP
0x0002fc40 COMP
0x0002fc80 COMP
0x0002fcc0 COMP
0x0002fd00 COMP
0x0002fd40 COMP
0x0002fd80 COMP
0x0002fdc0 COMP
0x0002fe00 COMP
0x0002fe40 COMP
0x0002fe80 COMP
0x0002fec0 COMP
0x0002ff00 COMP
0x0002ff40 COMP
0x0002ff80 COMP
0x0002ffc0 COMP
READRES
0x00030000 G_ACT0
0x08030000 G_ACT1
0x10030000 G_ACT2
0x18030000 G_ACT3
0x20030000 G_ACT4
0x28030000 G_ACT5
0x30030000 G_ACT6
0x38030000 G_ACT7
0x00030000 COMP
0x00030040 COMP
0x00030080 COMP
0x000300c0 COMP
0x00030100 COMP
0x00030140 COMP
0x00030180 COMP
0x000301c0 COMP
0x00030200 COMP
0x00030240 COMP
0x00030280 COMP
0x000302c0 COMP
0x00030300 COMP
0x00030340 COMP
0x00030380 COMP
0x000303c0 COMP
0x00030400 COMP
0x00030440 COMP
0x00030480 COMP
0x000304c0 COMP
0x00030500 COMP
0x00030540 COMP
0x00030580 COMP
0x000305c0 COMP
0x00030600 COMP
0x00030640 COMP
0x00030680 COMP
0x000306c0 COMP
0x00030700 COMP
0x00030740 COMP
0x00030780 COMP
0x000307c0 COMP
READRES
0x00030800 G_ACT0
0x08030800 G_ACT1
0x10030800 G_ACT2
0x18030800 G_ACT3
0x20030800 G_ACT4
0x28030800 G_ACT5
0x30030800 G_ACT6
0x38030800 G_ACT7
0x00030800 COMP
0x00030840 COMP
0x00030880 COMP
0x000308c0 COMP
0x00030900 COMP
0x00030940 COMP
0x00030980 COMP
0x000309c0 COMP
0x00030a00 COMP
0x00030a40 COMP
0x00030a80 COMP
0x00030ac0 COMP
0x00030b00 COMP
0x00030b40 COMP
0x00030b80 COMP
0x00030bc0 COMP
0x00030c00 COMP
0x00030c40 COMP
0x00030c80 COMP
0x00030cc0 COMP
0x00030d00 COMP
0x00030d40 COMP
0x00030d80 COMP
0x00030dc0 COMP
0x00030e00 COMP
0x00030e40 COMP
0x00030e80 COMP
0x00030ec0 COMP
0x00030f00 COMP
0x00030f40 COMP
0x00030f80 COMP
0x00030fc0 COMP
READRES
0x00031000 G_ACT0
0x08031000 G_ACT1
0x10031000 G_ACT2
0x18031000 G_ACT3
0x20031000 G_ACT4
0x28031000 G_ACT5
0x30031000 G_ACT6
0x38031000 G_ACT7
0x00031000 COMP
0x00031040 COMP
0x00031080 COMP
0x000310c0 COMP
0x00031100 COMP
0x00031140 COMP
0x00031180 COMP
0x000311c0 COMP
0x00031200 COMP
0x00031240 COMP
0x00031280 COMP
0x000312c0 COMP
0x00031300 COMP
0x00031340 COMP
0x00031380 COMP
0x000313c0 COMP
0x00031400 COMP
0x00031440 COMP
0x00031480 COMP
0x000314c0 COMP
0x00031500 COMP
0x00031540 COMP
0x00031580 COMP
0x000315c0 COMP
0x00031600 COMP
0x00031640 COMP
0x00031680 COMP
0x000316c0 COMP
0x00031700 COMP
0x00031740 COMP
0x00031780 COMP
0x000317c0 COMP
READRES
0x00031800 G_ACT0
0x08031800 G_ACT1
0x10031800 G_ACT2
0x18031800 G_ACT3
0x20031800 G_ACT4
0x28031800 G_ACT5
0x30031800 G_ACT6
0x38031800 G_ACT7
0x00031800 COMP
0x00031840 COMP
0x00031880 COMP
0x000318c0 COMP
0x00031900 COMP
0x00031940 COMP
0x00031980 COMP
0x000319c0 COMP
0x00031a00 COMP
0x00031a40 COMP
0x00031a80 COMP
0x00031ac0 COMP
0x00031b00 COMP
0x00031b40 COMP
0x00031b80 COMP
0x00031bc0 COMP
0x00031c00 COMP
0x00031c40 COMP
0x00031c80 COMP
0x00031cc0 COMP
0x00031d00 COMP
0x00031d40 COMP
0x00031d80 COMP
0x00031dc0 COMP
0x00031e00 COMP
0x00031e40 COMP
0x00031e80 COMP
0x00031ec0 COMP
0x00031f00 COMP
0x00031f40 COMP
0x00031f80 COMP
0x00031fc0 COMP
READRES
0x00032000 G_ACT0
0x08032000 G_ACT1
0x10032000 G_ACT2
0x18032000 G_ACT3
0x20032000 G_ACT4
0x28032000 G_ACT5
0x30032000 G_ACT6
0x38032000 G_ACT7
0x00032000 COMP
0x00032040 COMP
0x00032080 COMP
0x000320c0 COMP
0x00032100 COMP
0x00032140 COMP
0x00032180 COMP
0x000321c0 COMP
0x00032200 COMP
0x00032240 COMP
0x00032280 COMP
0x000322c0 COMP
0x00032300 COMP
0x00032340 COMP
0x00032380 COMP
0x000323c0 COMP
0x00032400 COMP
0x00032440 COMP
0x00032480 COMP
0x000324c0 COMP
0x00032500 COMP
0x00032540 COMP
0x00032580 COMP
0x000325c0 COMP
0x00032600 COMP
0x00032640 COMP
0x00032680 COMP
0x000326c0 COMP
0x00032700 COMP
0x00032740 COMP
0x00032780 COMP
0x000327c0 COMP
READRES
0x00032800 G_ACT0
0x08032800 G_ACT1
0x10032800 G_ACT2
0x18032800 G_ACT3
0x20032800 G_ACT4
0x28032800 G_ACT5
0x30032800 G_ACT6
0x38032800 G_ACT7
0x00032800 COMP
0x00032840 COMP
0x00032880 COMP
0x000328c0 COMP
0x00032900 COMP
0x00032940 COMP
0x00032980 COMP
0x000329c0 COMP
0x00032a00 COMP
0x00032a40 COMP
0x00032a80 COMP
0x00032ac0 COMP
0x00032b00 COMP
0x00032b40 COMP
0x00032b80 COMP
0x00032bc0 COMP
0x00032c00 COMP
0x00032c40 COMP
0x00032c80 COMP
0x00032cc0 COMP
0x00032d00 COMP
0x00032d40 COMP
0x00032d80 COMP
0x00032dc0 COMP
0x00032e00 COMP
0x00032e40 COMP
0x00032e80 COMP
0x00032ec0 COMP
0x00032f00 COMP
0x00032f40 COMP
0x00032f80 COMP
0x00032fc0 COMP
READRES
0x00033000 G_ACT0
0x08033000 G_ACT1
0x10033000 G_ACT2
0x18033000 G_ACT3
0x20033000 G_ACT4
0x28033000 G_ACT5
0x30033000 G_ACT6
0x38033000 G_ACT7
0x00033000 COMP
0x00033040 COMP
0x00033080 COMP
0x000330c0 COMP
0x00033100 COMP
0x00033140 COMP
0x00033180 COMP
0x000331c0 COMP
0x00033200 COMP
0x00033240 COMP
0x00033280 COMP
0x000332c0 COMP
0x00033300 COMP
0x00033340 COMP
0x00033380 COMP
0x000333c0 COMP
0x00033400 COMP
0x00033440 COMP
0x00033480 COMP
0x000334c0 COMP
0x00033500 COMP
0x00033540 COMP
0x00033580 COMP
0x000335c0 COMP
0x00033600 COMP
0x00033640 COMP
0x00033680 COMP
0x000336c0 COMP
0x00033700 COMP
0x00033740 COMP
0x00033780 COMP
0x000337c0 COMP
READRES
0x00033800 G_ACT0
0x08033800 G_ACT1
0x10033800 G_ACT2
0x18033800 G_ACT3
0x20033800 G_ACT4
0x28033800 G_ACT5
0x30033800 G_ACT6
0x38033800 G_ACT7
0x00033800 COMP
0x00033840 COMP
0x00033880 COMP
0x000338c0 COMP
0x00033900 COMP
0x00033940 COMP
0x00033980 COMP
0x000339c0 COMP
0x00033a00 COMP
0x00033a40 COMP
0x00033a80 COMP
0x00033ac0 COMP
0x00033b00 COMP
0x00033b40 COMP
0x00033b80 COMP
0x00033bc0 COMP
0x00033c00 COMP
0x00033c40 COMP
0x00033c80 COMP
0x00033cc0 COMP
0x00033d00 COMP
0x00033d40 COMP
0x00033d80 COMP
0x00033dc0 COMP
0x00033e00 COMP
0x00033e40 COMP
0x00033e80 COMP
0x00033ec0 COMP
0x00033f00 COMP
0x00033f40 COMP
0x00033f80 COMP
0x00033fc0 COMP
READRES
0x00034000 G_ACT0
0x08034000 G_ACT1
0x10034000 G_ACT2
0x18034000 G_ACT3
0x20034000 G_ACT4
0x28034000 G_ACT5
0x30034000 G_ACT6
0x38034000 G_ACT7
0x00034000 COMP
0x00034040 COMP
0x00034080 COMP
0x000340c0 COMP
0x00034100 COMP
0x00034140 COMP
0x00034180 COMP
0x000341c0 COMP
0x00034200 COMP
0x00034240 COMP
0x00034280 COMP
0x000342c0 COMP
0x00034300 COMP
0x00034340 COMP
0x00034380 COMP
0x000343c0 COMP
0x00034400 COMP
0x00034440 COMP
0x00034480 COMP
0x000344c0 COMP
0x00034500 COMP
0x00034540 COMP
0x00034580 COMP
0x000345c0 COMP
0x00034600 COMP
0x00034640 COMP
0x00034680 COMP
0x000346c0 COMP
0x00034700 COMP
0x00034740 COMP
0x00034780 COMP
0x000347c0 COMP
READRES
0x00034800 G_ACT0
0x08034800 G_ACT1
0x10034800 G_ACT2
0x18034800 G_ACT3
0x20034800 G_ACT4
0x28034800 G_ACT5
0x30034800 G_ACT6
0x38034800 G_ACT7
0x00034800 COMP
0x00034840 COMP
0x00034880 COMP
0x000348c0 COMP
0x00034900 COMP
0x00034940 COMP
0x00034980 COMP
0x000349c0 COMP
0x00034a00 COMP
0x00034a40 COMP
0x00034a80 COMP
0x00034ac0 COMP
0x00034b00 COMP
0x00034b40 COMP
0x00034b80 COMP
0x00034bc0 COMP
0x00034c00 COMP
0x00034c40 COMP
0x00034c80 COMP
0x00034cc0 COMP
0x00034d00 COMP
0x00034d40 COMP
0x00034d80 COMP
0x00034dc0 COMP
0x00034e00 COMP
0x00034e40 COMP
0x00034e80 COMP
0x00034ec0 COMP
0x00034f00 COMP
0x00034f40 COMP
0x00034f80 COMP
0x00034fc0 COMP
READRES
0x00035000 G_ACT0
0x08035000 G_ACT1
0x10035000 G_ACT2
0x18035000 G_ACT3
0x20035000 G_ACT4
0x28035000 G_ACT5
0x30035000 G_ACT6
0x38035000 G_ACT7
0x00035000 COMP
0x00035040 COMP
0x00035080 COMP
0x000350c0 COMP
0x00035100 COMP
0x00035140 COMP
0x00035180 COMP
0x000351c0 COMP
0x00035200 COMP
0x00035240 COMP
0x00035280 COMP
0x000352c0 COMP
0x00035300 COMP
0x00035340 COMP
0x00035380 COMP
0x000353c0 COMP
0x00035400 COMP
0x00035440 COMP
0x00035480 COMP
0x000354c0 COMP
0x00035500 COMP
0x00035540 COMP
0x00035580 COMP
0x000355c0 COMP
0x00035600 COMP
0x00035640 COMP
0x00035680 COMP
0x000356c0 COMP
0x00035700 COMP
0x00035740 COMP
0x00035780 COMP
0x000357c0 COMP
READRES
0x00035800 G_ACT0
0x08035800 G_ACT1
0x10035800 G_ACT2
0x18035800 G_ACT3
0x20035800 G_ACT4
0x28035800 G_ACT5
0x30035800 G_ACT6
0x38035800 G_ACT7
0x00035800 COMP
0x00035840 COMP
0x00035880 COMP
0x000358c0 COMP
0x00035900 COMP
0x00035940 COMP
0x00035980 COMP
0x000359c0 COMP
0x00035a00 COMP
0x00035a40 COMP
0x00035a80 COMP
0x00035ac0 COMP
0x00035b00 COMP
0x00035b40 COMP
0x00035b80 COMP
0x00035bc0 COMP
0x00035c00 COMP
0x00035c40 COMP
0x00035c80 COMP
0x00035cc0 COMP
0x00035d00 COMP
0x00035d40 COMP
0x00035d80 COMP
0x00035dc0 COMP
0x00035e00 COMP
0x00035e40 COMP
0x00035e80 COMP
0x00035ec0 COMP
0x00035f00 COMP
0x00035f40 COMP
0x00035f80 COMP
0x00035fc0 COMP
READRES
0x00036000 G_ACT0
0x08036000 G_ACT1
0x10036000 G_ACT2
0x18036000 G_ACT3
0x20036000 G_ACT4
0x28036000 G_ACT5
0x30036000 G_ACT6
0x38036000 G_ACT7
0x00036000 COMP
0x00036040 COMP
0x00036080 COMP
0x000360c0 COMP
0x00036100 COMP
0x00036140 COMP
0x00036180 COMP
0x000361c0 COMP
0x00036200 COMP
0x00036240 COMP
0x00036280 COMP
0x000362c0 COMP
0x00036300 COMP
0x00036340 COMP
0x00036380 COMP
0x000363c0 COMP
0x00036400 COMP
0x00036440 COMP
0x00036480 COMP
0x000364c0 COMP
0x00036500 COMP
0x00036540 COMP
0x00036580 COMP
0x000365c0 COMP
0x00036600 COMP
0x00036640 COMP
0x00036680 COMP
0x000366c0 COMP
0x00036700 COMP
0x00036740 COMP
0x00036780 COMP
0x000367c0 COMP
READRES
0x00036800 G_ACT0
0x08036800 G_ACT1
0x10036800 G_ACT2
0x18036800 G_ACT3
0x20036800 G_ACT4
0x28036800 G_ACT5
0x30036800 G_ACT6
0x38036800 G_ACT7
0x00036800 COMP
0x00036840 COMP
0x00036880 COMP
0x000368c0 COMP
0x00036900 COMP
0x00036940 COMP
0x00036980 COMP
0x000369c0 COMP
0x00036a00 COMP
0x00036a40 COMP
0x00036a80 COMP
0x00036ac0 COMP
0x00036b00 COMP
0x00036b40 COMP
0x00036b80 COMP
0x00036bc0 COMP
0x00036c00 COMP
0x00036c40 COMP
0x00036c80 COMP
0x00036cc0 COMP
0x00036d00 COMP
0x00036d40 COMP
0x00036d80 COMP
0x00036dc0 COMP
0x00036e00 COMP
0x00036e40 COMP
0x00036e80 COMP
0x00036ec0 COMP
0x00036f00 COMP
0x00036f40 COMP
0x00036f80 COMP
0x00036fc0 COMP
READRES
0x00037000 G_ACT0
0x08037000 G_ACT1
0x10037000 G_ACT2
0x18037000 G_ACT3
0x20037000 G_ACT4
0x28037000 G_ACT5
0x30037000 G_ACT6
0x38037000 G_ACT7
0x00037000 COMP
0x00037040 COMP
0x00037080 COMP
0x000370c0 COMP
0x00037100 COMP
0x00037140 COMP
0x00037180 COMP
0x000371c0 COMP
0x00037200 COMP
0x00037240 COMP
0x00037280 COMP
0x000372c0 COMP
0x00037300 COMP
0x00037340 COMP
0x00037380 COMP
0x000373c0 COMP
0x00037400 COMP
0x00037440 COMP
0x00037480 COMP
0x000374c0 COMP
0x00037500 COMP
0x00037540 COMP
0x00037580 COMP
0x000375c0 COMP
0x00037600 COMP
0x00037640 COMP
0x00037680 COMP
0x000376c0 COMP
0x00037700 COMP
0x00037740 COMP
0x00037780 COMP
0x000377c0 COMP
READRES
0x00037800 G_ACT0
0x08037800 G_ACT1
0x10037800 G_ACT2
0x18037800 G_ACT3
0x20037800 G_ACT4
0x28037800 G_ACT5
0x30037800 G_ACT6
0x38037800 G_ACT7
0x00037800 COMP
0x00037840 COMP
0x00037880 COMP
0x000378c0 COMP
0x00037900 COMP
0x00037940 COMP
0x00037980 COMP
0x000379c0 COMP
0x00037a00 COMP
0x00037a40 COMP
0x00037a80 COMP
0x00037ac0 COMP
0x00037b00 COMP
0x00037b40 COMP
0x00037b80 COMP
0x00037bc0 COMP
0x00037c00 COMP
0x00037c40 COMP
0x00037c80 COMP
0x00037cc0 COMP
0x00037d00 COMP
0x00037d40 COMP
0x00037d80 COMP
0x00037dc0 COMP
0x00037e00 COMP
0x00037e40 COMP
0x00037e80 COMP
0x00037ec0 COMP
0x00037f00 COMP
0x00037f40 COMP
0x00037f80 COMP
0x00037fc0 COMP
READRES
0x00038000 G_ACT0
0x08038000 G_ACT1
0x10038000 G_ACT2
0x18038000 G_ACT3
0x20038000 G_ACT4
0x28038000 G_ACT5
0x30038000 G_ACT6
0x38038000 G_ACT7
0x00038000 COMP
0x00038040 COMP
0x00038080 COMP
0x000380c0 COMP
0x00038100 COMP
0x00038140 COMP
0x00038180 COMP
0x000381c0 COMP
0x00038200 COMP
0x00038240 COMP
0x00038280 COMP
0x000382c0 COMP
0x00038300 COMP
0x00038340 COMP
0x00038380 COMP
0x000383c0 COMP
0x00038400 COMP
0x00038440 COMP
0x00038480 COMP
0x000384c0 COMP
0x00038500 COMP
0x00038540 COMP
0x00038580 COMP
0x000385c0 COMP
0x00038600 COMP
0x00038640 COMP
0x00038680 COMP
0x000386c0 COMP
0x00038700 COMP
0x00038740 COMP
0x00038780 COMP
0x000387c0 COMP
READRES
0x00038800 G_ACT0
0x08038800 G_ACT1
0x10038800 G_ACT2
0x18038800 G_ACT3
0x20038800 G_ACT4
0x28038800 G_ACT5
0x30038800 G_ACT6
0x38038800 G_ACT7
0x00038800 COMP
0x00038840 COMP
0x00038880 COMP
0x000388c0 COMP
0x00038900 COMP
0x00038940 COMP
0x00038980 COMP
0x000389c0 COMP
0x00038a00 COMP
0x00038a40 COMP
0x00038a80 COMP
0x00038ac0 COMP
0x00038b00 COMP
0x00038b40 COMP
0x00038b80 COMP
0x00038bc0 COMP
0x00038c00 COMP
0x00038c40 COMP
0x00038c80 COMP
0x00038cc0 COMP
0x00038d00 COMP
0x00038d40 COMP
0x00038d80 COMP
0x00038dc0 COMP
0x00038e00 COMP
0x00038e40 COMP
0x00038e80 COMP
0x00038ec0 COMP
0x00038f00 COMP
0x00038f40 COMP
0x00038f80 COMP
0x00038fc0 COMP
READRES
0x00039000 G_ACT0
0x08039000 G_ACT1
0x10039000 G_ACT2
0x18039000 G_ACT3
0x20039000 G_ACT4
0x28039000 G_ACT5
0x30039000 G_ACT6
0x38039000 G_ACT7
0x00039000 COMP
0x00039040 COMP
0x00039080 COMP
0x000390c0 COMP
0x00039100 COMP
0x00039140 COMP
0x00039180 COMP
0x000391c0 COMP
0x00039200 COMP
0x00039240 COMP
0x00039280 COMP
0x000392c0 COMP
0x00039300 COMP
0x00039340 COMP
0x00039380 COMP
0x000393c0 COMP
0x00039400 COMP
0x00039440 COMP
0x00039480 COMP
0x000394c0 COMP
0x00039500 COMP
0x00039540 COMP
0x00039580 COMP
0x000395c0 COMP
0x00039600 COMP
0x00039640 COMP
0x00039680 COMP
0x000396c0 COMP
0x00039700 COMP
0x00039740 COMP
0x00039780 COMP
0x000397c0 COMP
READRES
0x00039800 G_ACT0
0x08039800 G_ACT1
0x10039800 G_ACT2
0x18039800 G_ACT3
0x20039800 G_ACT4
0x28039800 G_ACT5
0x30039800 G_ACT6
0x38039800 G_ACT7
0x00039800 COMP
0x00039840 COMP
0x00039880 COMP
0x000398c0 COMP
0x00039900 COMP
0x00039940 COMP
0x00039980 COMP
0x000399c0 COMP
0x00039a00 COMP
0x00039a40 COMP
0x00039a80 COMP
0x00039ac0 COMP
0x00039b00 COMP
0x00039b40 COMP
0x00039b80 COMP
0x00039bc0 COMP
0x00039c00 COMP
0x00039c40 COMP
0x00039c80 COMP
0x00039cc0 COMP
0x00039d00 COMP
0x00039d40 COMP
0x00039d80 COMP
0x00039dc0 COMP
0x00039e00 COMP
0x00039e40 COMP
0x00039e80 COMP
0x00039ec0 COMP
0x00039f00 COMP
0x00039f40 COMP
0x00039f80 COMP
0x00039fc0 COMP
READRES
0x0003a000 G_ACT0
0x0803a000 G_ACT1
0x1003a000 G_ACT2
0x1803a000 G_ACT3
0x2003a000 G_ACT4
0x2803a000 G_ACT5
0x3003a000 G_ACT6
0x3803a000 G_ACT7
0x0003a000 COMP
0x0003a040 COMP
0x0003a080 COMP
0x0003a0c0 COMP
0x0003a100 COMP
0x0003a140 COMP
0x0003a180 COMP
0x0003a1c0 COMP
0x0003a200 COMP
0x0003a240 COMP
0x0003a280 COMP
0x0003a2c0 COMP
0x0003a300 COMP
0x0003a340 COMP
0x0003a380 COMP
0x0003a3c0 COMP
0x0003a400 COMP
0x0003a440 COMP
0x0003a480 COMP
0x0003a4c0 COMP
0x0003a500 COMP
0x0003a540 COMP
0x0003a580 COMP
0x0003a5c0 COMP
0x0003a600 COMP
0x0003a640 COMP
0x0003a680 COMP
0x0003a6c0 COMP
0x0003a700 COMP
0x0003a740 COMP
0x0003a780 COMP
0x0003a7c0 COMP
READRES
0x0003a800 G_ACT0
0x0803a800 G_ACT1
0x1003a800 G_ACT2
0x1803a800 G_ACT3
0x2003a800 G_ACT4
0x2803a800 G_ACT5
0x3003a800 G_ACT6
0x3803a800 G_ACT7
0x0003a800 COMP
0x0003a840 COMP
0x0003a880 COMP
0x0003a8c0 COMP
0x0003a900 COMP
0x0003a940 COMP
0x0003a980 COMP
0x0003a9c0 COMP
0x0003aa00 COMP
0x0003aa40 COMP
0x0003aa80 COMP
0x0003aac0 COMP
0x0003ab00 COMP
0x0003ab40 COMP
0x0003ab80 COMP
0x0003abc0 COMP
0x0003ac00 COMP
0x0003ac40 COMP
0x0003ac80 COMP
0x0003acc0 COMP
0x0003ad00 COMP
0x0003ad40 COMP
0x0003ad80 COMP
0x0003adc0 COMP
0x0003ae00 COMP
0x0003ae40 COMP
0x0003ae80 COMP
0x0003aec0 COMP
0x0003af00 COMP
0x0003af40 COMP
0x0003af80 COMP
0x0003afc0 COMP
READRES
0x0003b000 G_ACT0
0x0803b000 G_ACT1
0x1003b000 G_ACT2
0x1803b000 G_ACT3
0x2003b000 G_ACT4
0x2803b000 G_ACT5
0x3003b000 G_ACT6
0x3803b000 G_ACT7
0x0003b000 COMP
0x0003b040 COMP
0x0003b080 COMP
0x0003b0c0 COMP
0x0003b100 COMP
0x0003b140 COMP
0x0003b180 COMP
0x0003b1c0 COMP
0x0003b200 COMP
0x0003b240 COMP
0x0003b280 COMP
0x0003b2c0 COMP
0x0003b300 COMP
0x0003b340 COMP
0x0003b380 COMP
0x0003b3c0 COMP
0x0003b400 COMP
0x0003b440 COMP
0x0003b480 COMP
0x0003b4c0 COMP
0x0003b500 COMP
0x0003b540 COMP
0x0003b580 COMP
0x0003b5c0 COMP
0x0003b600 COMP
0x0003b640 COMP
0x0003b680 COMP
0x0003b6c0 COMP
0x0003b700 COMP
0x0003b740 COMP
0x0003b780 COMP
0x0003b7c0 COMP
READRES
0x0003b800 G_ACT0
0x0803b800 G_ACT1
0x1003b800 G_ACT2
0x1803b800 G_ACT3
0x2003b800 G_ACT4
0x2803b800 G_ACT5
0x3003b800 G_ACT6
0x3803b800 G_ACT7
0x0003b800 COMP
0x0003b840 COMP
0x0003b880 COMP
0x0003b8c0 COMP
0x0003b900 COMP
0x0003b940 COMP
0x0003b980 COMP
0x0003b9c0 COMP
0x0003ba00 COMP
0x0003ba40 COMP
0x0003ba80 COMP
0x0003bac0 COMP
0x0003bb00 COMP
0x0003bb40 COMP
0x0003bb80 COMP
0x0003bbc0 COMP
0x0003bc00 COMP
0x0003bc40 COMP
0x0003bc80 COMP
0x0003bcc0 COMP
0x0003bd00 COMP
0x0003bd40 COMP
0x0003bd80 COMP
0x0003bdc0 COMP
0x0003be00 COMP
0x0003be40 COMP
0x0003be80 COMP
0x0003bec0 COMP
0x0003bf00 COMP
0x0003bf40 COMP
0x0003bf80 COMP
0x0003bfc0 COMP
READRES
0x0003c000 G_ACT0
0x0803c000 G_ACT1
0x1003c000 G_ACT2
0x1803c000 G_ACT3
0x2003c000 G_ACT4
0x2803c000 G_ACT5
0x3003c000 G_ACT6
0x3803c000 G_ACT7
0x0003c000 COMP
0x0003c040 COMP
0x0003c080 COMP
0x0003c0c0 COMP
0x0003c100 COMP
0x0003c140 COMP
0x0003c180 COMP
0x0003c1c0 COMP
0x0003c200 COMP
0x0003c240 COMP
0x0003c280 COMP
0x0003c2c0 COMP
0x0003c300 COMP
0x0003c340 COMP
0x0003c380 COMP
0x0003c3c0 COMP
0x0003c400 COMP
0x0003c440 COMP
0x0003c480 COMP
0x0003c4c0 COMP
0x0003c500 COMP
0x0003c540 COMP
0x0003c580 COMP
0x0003c5c0 COMP
0x0003c600 COMP
0x0003c640 COMP
0x0003c680 COMP
0x0003c6c0 COMP
0x0003c700 COMP
0x0003c740 COMP
0x0003c780 COMP
0x0003c7c0 COMP
READRES
0x0003c800 G_ACT0
0x0803c800 G_ACT1
0x1003c800 G_ACT2
0x1803c800 G_ACT3
0x2003c800 G_ACT4
0x2803c800 G_ACT5
0x3003c800 G_ACT6
0x3803c800 G_ACT7
0x0003c800 COMP
0x0003c840 COMP
0x0003c880 COMP
0x0003c8c0 COMP
0x0003c900 COMP
0x0003c940 COMP
0x0003c980 COMP
0x0003c9c0 COMP
0x0003ca00 COMP
0x0003ca40 COMP
0x0003ca80 COMP
0x0003cac0 COMP
0x0003cb00 COMP
0x0003cb40 COMP
0x0003cb80 COMP
0x0003cbc0 COMP
0x0003cc00 COMP
0x0003cc40 COMP
0x0003cc80 COMP
0x0003ccc0 COMP
0x0003cd00 COMP
0x0003cd40 COMP
0x0003cd80 COMP
0x0003cdc0 COMP
0x0003ce00 COMP
0x0003ce40 COMP
0x0003ce80 COMP
0x0003cec0 COMP
0x0003cf00 COMP
0x0003cf40 COMP
0x0003cf80 COMP
0x0003cfc0 COMP
READRES
0x0003d000 G_ACT0
0x0803d000 G_ACT1
0x1003d000 G_ACT2
0x1803d000 G_ACT3
0x2003d000 G_ACT4
0x2803d000 G_ACT5
0x3003d000 G_ACT6
0x3803d000 G_ACT7
0x0003d000 COMP
0x0003d040 COMP
0x0003d080 COMP
0x0003d0c0 COMP
0x0003d100 COMP
0x0003d140 COMP
0x0003d180 COMP
0x0003d1c0 COMP
0x0003d200 COMP
0x0003d240 COMP
0x0003d280 COMP
0x0003d2c0 COMP
0x0003d300 COMP
0x0003d340 COMP
0x0003d380 COMP
0x0003d3c0 COMP
0x0003d400 COMP
0x0003d440 COMP
0x0003d480 COMP
0x0003d4c0 COMP
0x0003d500 COMP
0x0003d540 COMP
0x0003d580 COMP
0x0003d5c0 COMP
0x0003d600 COMP
0x0003d640 COMP
0x0003d680 COMP
0x0003d6c0 COMP
0x0003d700 COMP
0x0003d740 COMP
0x0003d780 COMP
0x0003d7c0 COMP
READRES
0x0003d800 G_ACT0
0x0803d800 G_ACT1
0x1003d800 G_ACT2
0x1803d800 G_ACT3
0x2003d800 G_ACT4
0x2803d800 G_ACT5
0x3003d800 G_ACT6
0x3803d800 G_ACT7
0x0003d800 COMP
0x0003d840 COMP
0x0003d880 COMP
0x0003d8c0 COMP
0x0003d900 COMP
0x0003d940 COMP
0x0003d980 COMP
0x0003d9c0 COMP
0x0003da00 COMP
0x0003da40 COMP
0x0003da80 COMP
0x0003dac0 COMP
0x0003db00 COMP
0x0003db40 COMP
0x0003db80 COMP
0x0003dbc0 COMP
0x0003dc00 COMP
0x0003dc40 COMP
0x0003dc80 COMP
0x0003dcc0 COMP
0x0003dd00 COMP
0x0003dd40 COMP
0x0003dd80 COMP
0x0003ddc0 COMP
0x0003de00 COMP
0x0003de40 COMP
0x0003de80 COMP
0x0003dec0 COMP
0x0003df00 COMP
0x0003df40 COMP
0x0003df80 COMP
0x0003dfc0 COMP
READRES
0x0003e000 G_ACT0
0x0803e000 G_ACT1
0x1003e000 G_ACT2
0x1803e000 G_ACT3
0x2003e000 G_ACT4
0x2803e000 G_ACT5
0x3003e000 G_ACT6
0x3803e000 G_ACT7
0x0003e000 COMP
0x0003e040 COMP
0x0003e080 COMP
0x0003e0c0 COMP
0x0003e100 COMP
0x0003e140 COMP
0x0003e180 COMP
0x0003e1c0 COMP
0x0003e200 COMP
0x0003e240 COMP
0x0003e280 COMP
0x0003e2c0 COMP
0x0003e300 COMP
0x0003e340 COMP
0x0003e380 COMP
0x0003e3c0 COMP
0x0003e400 COMP
0x0003e440 COMP
0x0003e480 COMP
0x0003e4c0 COMP
0x0003e500 COMP
0x0003e540 COMP
0x0003e580 COMP
0x0003e5c0 COMP
0x0003e600 COMP
0x0003e640 COMP
0x0003e680 COMP
0x0003e6c0 COMP
0x0003e700 COMP
0x0003e740 COMP
0x0003e780 COMP
0x0003e7c0 COMP
READRES
0x0003e800 G_ACT0
0x0803e800 G_ACT1
0x1003e800 G_ACT2
0x1803e800 G_ACT3
0x2003e800 G_ACT4
0x2803e800 G_ACT5
0x3003e800 G_ACT6
0x3803e800 G_ACT7
0x0003e800 COMP
0x0003e840 COMP
0x0003e880 COMP
0x0003e8c0 COMP
0x0003e900 COMP
0x0003e940 COMP
0x0003e980 COMP
0x0003e9c0 COMP
0x0003ea00 COMP
0x0003ea40 COMP
0x0003ea80 COMP
0x0003eac0 COMP
0x0003eb00 COMP
0x0003eb40 COMP
0x0003eb80 COMP
0x0003ebc0 COMP
0x0003ec00 COMP
0x0003ec40 COMP
0x0003ec80 COMP
0x0003ecc0 COMP
0x0003ed00 COMP
0x0003ed40 COMP
0x0003ed80 COMP
0x0003edc0 COMP
0x0003ee00 COMP
0x0003ee40 COMP
0x0003ee80 COMP
0x0003eec0 COMP
0x0003ef00 COMP
0x0003ef40 COMP
0x0003ef80 COMP
0x0003efc0 COMP
READRES
0x0003f000 G_ACT0
0x0803f000 G_ACT1
0x1003f000 G_ACT2
0x1803f000 G_ACT3
0x2003f000 G_ACT4
0x2803f000 G_ACT5
0x3003f000 G_ACT6
0x3803f000 G_ACT7
0x0003f000 COMP
0x0003f040 COMP
0x0003f080 COMP
0x0003f0c0 COMP
0x0003f100 COMP
0x0003f140 COMP
0x0003f180 COMP
0x0003f1c0 COMP
0x0003f200 COMP
0x0003f240 COMP
0x0003f280 COMP
0x0003f2c0 COMP
0x0003f300 COMP
0x0003f340 COMP
0x0003f380 COMP
0x0003f3c0 COMP
0x0003f400 COMP
0x0003f440 COMP
0x0003f480 COMP
0x0003f4c0 COMP
0x0003f500 COMP
0x0003f540 COMP
0x0003f580 COMP
0x0003f5c0 COMP
0x0003f600 COMP
0x0003f640 COMP
0x0003f680 COMP
0x0003f6c0 COMP
0x0003f700 COMP
0x0003f740 COMP
0x0003f780 COMP
0x0003f7c0 COMP
READRES
0x0003f800 G_ACT0
0x0803f800 G_ACT1
0x1003f800 G_ACT2
0x1803f800 G_ACT3
0x2003f800 G_ACT4
0x2803f800 G_ACT5
0x3003f800 G_ACT6
0x3803f800 G_ACT7
0x0003f800 COMP
0x0003f840 COMP
0x0003f880 COMP
0x0003f8c0 COMP
0x0003f900 COMP
0x0003f940 COMP
0x0003f980 COMP
0x0003f9c0 COMP
0x0003fa00 COMP
0x0003fa40 COMP
0x0003fa80 COMP
0x0003fac0 COMP
0x0003fb00 COMP
0x0003fb40 COMP
0x0003fb80 COMP
0x0003fbc0 COMP
0x0003fc00 COMP
0x0003fc40 COMP
0x0003fc80 COMP
0x0003fcc0 COMP
0x0003fd00 COMP
0x0003fd40 COMP
0x0003fd80 COMP
0x0003fdc0 COMP
0x0003fe00 COMP
0x0003fe40 COMP
0x0003fe80 COMP
0x0003fec0 COMP
0x0003ff00 COMP
0x0003ff40 COMP
0x0003ff80 COMP
0x0003ffc0 COMP
READRES
0x00000800 GWRITE
0x00080000 G_ACT0
0x08080000 G_ACT1
0x10080000 G_ACT2
0x18080000 G_ACT3
0x20080000 G_ACT4
0x28080000 G_ACT5
0x30080000 G_ACT6
0x38080000 G_ACT7
0x00080000 COMP
0x00080040 COMP
0x00080080 COMP
0x000800c0 COMP
0x00080100 COMP
0x00080140 COMP
0x00080180 COMP
0x000801c0 COMP
0x00080200 COMP
0x00080240 COMP
0x00080280 COMP
0x000802c0 COMP
0x00080300 COMP
0x00080340 COMP
0x00080380 COMP
0x000803c0 COMP
0x00080400 COMP
0x00080440 COMP
0x00080480 COMP
0x000804c0 COMP
0x00080500 COMP
0x00080540 COMP
0x00080580 COMP
0x000805c0 COMP
0x00080600 COMP
0x00080640 COMP
0x00080680 COMP
0x000806c0 COMP
0x00080700 COMP
0x00080740 COMP
0x00080780 COMP
0x000807c0 COMP
READRES
0x00080800 G_ACT0
0x08080800 G_ACT1
0x10080800 G_ACT2
0x18080800 G_ACT3
0x20080800 G_ACT4
0x28080800 G_ACT5
0x30080800 G_ACT6
0x38080800 G_ACT7
0x00080800 COMP
0x00080840 COMP
0x00080880 COMP
0x000808c0 COMP
0x00080900 COMP
0x00080940 COMP
0x00080980 COMP
0x000809c0 COMP
0x00080a00 COMP
0x00080a40 COMP
0x00080a80 COMP
0x00080ac0 COMP
0x00080b00 COMP
0x00080b40 COMP
0x00080b80 COMP
0x00080bc0 COMP
0x00080c00 COMP
0x00080c40 COMP
0x00080c80 COMP
0x00080cc0 COMP
0x00080d00 COMP
0x00080d40 COMP
0x00080d80 COMP
0x00080dc0 COMP
0x00080e00 COMP
0x00080e40 COMP
0x00080e80 COMP
0x00080ec0 COMP
0x00080f00 COMP
0x00080f40 COMP
0x00080f80 COMP
0x00080fc0 COMP
READRES
0x00081000 G_ACT0
0x08081000 G_ACT1
0x10081000 G_ACT2
0x18081000 G_ACT3
0x20081000 G_ACT4
0x28081000 G_ACT5
0x30081000 G_ACT6
0x38081000 G_ACT7
0x00081000 COMP
0x00081040 COMP
0x00081080 COMP
0x000810c0 COMP
0x00081100 COMP
0x00081140 COMP
0x00081180 COMP
0x000811c0 COMP
0x00081200 COMP
0x00081240 COMP
0x00081280 COMP
0x000812c0 COMP
0x00081300 COMP
0x00081340 COMP
0x00081380 COMP
0x000813c0 COMP
0x00081400 COMP
0x00081440 COMP
0x00081480 COMP
0x000814c0 COMP
0x00081500 COMP
0x00081540 COMP
0x00081580 COMP
0x000815c0 COMP
0x00081600 COMP
0x00081640 COMP
0x00081680 COMP
0x000816c0 COMP
0x00081700 COMP
0x00081740 COMP
0x00081780 COMP
0x000817c0 COMP
READRES
0x00081800 G_ACT0
0x08081800 G_ACT1
0x10081800 G_ACT2
0x18081800 G_ACT3
0x20081800 G_ACT4
0x28081800 G_ACT5
0x30081800 G_ACT6
0x38081800 G_ACT7
0x00081800 COMP
0x00081840 COMP
0x00081880 COMP
0x000818c0 COMP
0x00081900 COMP
0x00081940 COMP
0x00081980 COMP
0x000819c0 COMP
0x00081a00 COMP
0x00081a40 COMP
0x00081a80 COMP
0x00081ac0 COMP
0x00081b00 COMP
0x00081b40 COMP
0x00081b80 COMP
0x00081bc0 COMP
0x00081c00 COMP
0x00081c40 COMP
0x00081c80 COMP
0x00081cc0 COMP
0x00081d00 COMP
0x00081d40 COMP
0x00081d80 COMP
0x00081dc0 COMP
0x00081e00 COMP
0x00081e40 COMP
0x00081e80 COMP
0x00081ec0 COMP
0x00081f00 COMP
0x00081f40 COMP
0x00081f80 COMP
0x00081fc0 COMP
READRES
0x00082000 G_ACT0
0x08082000 G_ACT1
0x10082000 G_ACT2
0x18082000 G_ACT3
0x20082000 G_ACT4
0x28082000 G_ACT5
0x30082000 G_ACT6
0x38082000 G_ACT7
0x00082000 COMP
0x00082040 COMP
0x00082080 COMP
0x000820c0 COMP
0x00082100 COMP
0x00082140 COMP
0x00082180 COMP
0x000821c0 COMP
0x00082200 COMP
0x00082240 COMP
0x00082280 COMP
0x000822c0 COMP
0x00082300 COMP
0x00082340 COMP
0x00082380 COMP
0x000823c0 COMP
0x00082400 COMP
0x00082440 COMP
0x00082480 COMP
0x000824c0 COMP
0x00082500 COMP
0x00082540 COMP
0x00082580 COMP
0x000825c0 COMP
0x00082600 COMP
0x00082640 COMP
0x00082680 COMP
0x000826c0 COMP
0x00082700 COMP
0x00082740 COMP
0x00082780 COMP
0x000827c0 COMP
READRES
0x00082800 G_ACT0
0x08082800 G_ACT1
0x10082800 G_ACT2
0x18082800 G_ACT3
0x20082800 G_ACT4
0x28082800 G_ACT5
0x30082800 G_ACT6
0x38082800 G_ACT7
0x00082800 COMP
0x00082840 COMP
0x00082880 COMP
0x000828c0 COMP
0x00082900 COMP
0x00082940 COMP
0x00082980 COMP
0x000829c0 COMP
0x00082a00 COMP
0x00082a40 COMP
0x00082a80 COMP
0x00082ac0 COMP
0x00082b00 COMP
0x00082b40 COMP
0x00082b80 COMP
0x00082bc0 COMP
0x00082c00 COMP
0x00082c40 COMP
0x00082c80 COMP
0x00082cc0 COMP
0x00082d00 COMP
0x00082d40 COMP
0x00082d80 COMP
0x00082dc0 COMP
0x00082e00 COMP
0x00082e40 COMP
0x00082e80 COMP
0x00082ec0 COMP
0x00082f00 COMP
0x00082f40 COMP
0x00082f80 COMP
0x00082fc0 COMP
READRES
0x00083000 G_ACT0
0x08083000 G_ACT1
0x10083000 G_ACT2
0x18083000 G_ACT3
0x20083000 G_ACT4
0x28083000 G_ACT5
0x30083000 G_ACT6
0x38083000 G_ACT7
0x00083000 COMP
0x00083040 COMP
0x00083080 COMP
0x000830c0 COMP
0x00083100 COMP
0x00083140 COMP
0x00083180 COMP
0x000831c0 COMP
0x00083200 COMP
0x00083240 COMP
0x00083280 COMP
0x000832c0 COMP
0x00083300 COMP
0x00083340 COMP
0x00083380 COMP
0x000833c0 COMP
0x00083400 COMP
0x00083440 COMP
0x00083480 COMP
0x000834c0 COMP
0x00083500 COMP
0x00083540 COMP
0x00083580 COMP
0x000835c0 COMP
0x00083600 COMP
0x00083640 COMP
0x00083680 COMP
0x000836c0 COMP
0x00083700 COMP
0x00083740 COMP
0x00083780 COMP
0x000837c0 COMP
READRES
0x00083800 G_ACT0
0x08083800 G_ACT1
0x10083800 G_ACT2
0x18083800 G_ACT3
0x20083800 G_ACT4
0x28083800 G_ACT5
0x30083800 G_ACT6
0x38083800 G_ACT7
0x00083800 COMP
0x00083840 COMP
0x00083880 COMP
0x000838c0 COMP
0x00083900 COMP
0x00083940 COMP
0x00083980 COMP
0x000839c0 COMP
0x00083a00 COMP
0x00083a40 COMP
0x00083a80 COMP
0x00083ac0 COMP
0x00083b00 COMP
0x00083b40 COMP
0x00083b80 COMP
0x00083bc0 COMP
0x00083c00 COMP
0x00083c40 COMP
0x00083c80 COMP
0x00083cc0 COMP
0x00083d00 COMP
0x00083d40 COMP
0x00083d80 COMP
0x00083dc0 COMP
0x00083e00 COMP
0x00083e40 COMP
0x00083e80 COMP
0x00083ec0 COMP
0x00083f00 COMP
0x00083f40 COMP
0x00083f80 COMP
0x00083fc0 COMP
READRES
0x00084000 G_ACT0
0x08084000 G_ACT1
0x10084000 G_ACT2
0x18084000 G_ACT3
0x20084000 G_ACT4
0x28084000 G_ACT5
0x30084000 G_ACT6
0x38084000 G_ACT7
0x00084000 COMP
0x00084040 COMP
0x00084080 COMP
0x000840c0 COMP
0x00084100 COMP
0x00084140 COMP
0x00084180 COMP
0x000841c0 COMP
0x00084200 COMP
0x00084240 COMP
0x00084280 COMP
0x000842c0 COMP
0x00084300 COMP
0x00084340 COMP
0x00084380 COMP
0x000843c0 COMP
0x00084400 COMP
0x00084440 COMP
0x00084480 COMP
0x000844c0 COMP
0x00084500 COMP
0x00084540 COMP
0x00084580 COMP
0x000845c0 COMP
0x00084600 COMP
0x00084640 COMP
0x00084680 COMP
0x000846c0 COMP
0x00084700 COMP
0x00084740 COMP
0x00084780 COMP
0x000847c0 COMP
READRES
0x00084800 G_ACT0
0x08084800 G_ACT1
0x10084800 G_ACT2
0x18084800 G_ACT3
0x20084800 G_ACT4
0x28084800 G_ACT5
0x30084800 G_ACT6
0x38084800 G_ACT7
0x00084800 COMP
0x00084840 COMP
0x00084880 COMP
0x000848c0 COMP
0x00084900 COMP
0x00084940 COMP
0x00084980 COMP
0x000849c0 COMP
0x00084a00 COMP
0x00084a40 COMP
0x00084a80 COMP
0x00084ac0 COMP
0x00084b00 COMP
0x00084b40 COMP
0x00084b80 COMP
0x00084bc0 COMP
0x00084c00 COMP
0x00084c40 COMP
0x00084c80 COMP
0x00084cc0 COMP
0x00084d00 COMP
0x00084d40 COMP
0x00084d80 COMP
0x00084dc0 COMP
0x00084e00 COMP
0x00084e40 COMP
0x00084e80 COMP
0x00084ec0 COMP
0x00084f00 COMP
0x00084f40 COMP
0x00084f80 COMP
0x00084fc0 COMP
READRES
0x00085000 G_ACT0
0x08085000 G_ACT1
0x10085000 G_ACT2
0x18085000 G_ACT3
0x20085000 G_ACT4
0x28085000 G_ACT5
0x30085000 G_ACT6
0x38085000 G_ACT7
0x00085000 COMP
0x00085040 COMP
0x00085080 COMP
0x000850c0 COMP
0x00085100 COMP
0x00085140 COMP
0x00085180 COMP
0x000851c0 COMP
0x00085200 COMP
0x00085240 COMP
0x00085280 COMP
0x000852c0 COMP
0x00085300 COMP
0x00085340 COMP
0x00085380 COMP
0x000853c0 COMP
0x00085400 COMP
0x00085440 COMP
0x00085480 COMP
0x000854c0 COMP
0x00085500 COMP
0x00085540 COMP
0x00085580 COMP
0x000855c0 COMP
0x00085600 COMP
0x00085640 COMP
0x00085680 COMP
0x000856c0 COMP
0x00085700 COMP
0x00085740 COMP
0x00085780 COMP
0x000857c0 COMP
READRES
0x00085800 G_ACT0
0x08085800 G_ACT1
0x10085800 G_ACT2
0x18085800 G_ACT3
0x20085800 G_ACT4
0x28085800 G_ACT5
0x30085800 G_ACT6
0x38085800 G_ACT7
0x00085800 COMP
0x00085840 COMP
0x00085880 COMP
0x000858c0 COMP
0x00085900 COMP
0x00085940 COMP
0x00085980 COMP
0x000859c0 COMP
0x00085a00 COMP
0x00085a40 COMP
0x00085a80 COMP
0x00085ac0 COMP
0x00085b00 COMP
0x00085b40 COMP
0x00085b80 COMP
0x00085bc0 COMP
0x00085c00 COMP
0x00085c40 COMP
0x00085c80 COMP
0x00085cc0 COMP
0x00085d00 COMP
0x00085d40 COMP
0x00085d80 COMP
0x00085dc0 COMP
0x00085e00 COMP
0x00085e40 COMP
0x00085e80 COMP
0x00085ec0 COMP
0x00085f00 COMP
0x00085f40 COMP
0x00085f80 COMP
0x00085fc0 COMP
READRES
0x00086000 G_ACT0
0x08086000 G_ACT1
0x10086000 G_ACT2
0x18086000 G_ACT3
0x20086000 G_ACT4
0x28086000 G_ACT5
0x30086000 G_ACT6
0x38086000 G_ACT7
0x00086000 COMP
0x00086040 COMP
0x00086080 COMP
0x000860c0 COMP
0x00086100 COMP
0x00086140 COMP
0x00086180 COMP
0x000861c0 COMP
0x00086200 COMP
0x00086240 COMP
0x00086280 COMP
0x000862c0 COMP
0x00086300 COMP
0x00086340 COMP
0x00086380 COMP
0x000863c0 COMP
0x00086400 COMP
0x00086440 COMP
0x00086480 COMP
0x000864c0 COMP
0x00086500 COMP
0x00086540 COMP
0x00086580 COMP
0x000865c0 COMP
0x00086600 COMP
0x00086640 COMP
0x00086680 COMP
0x000866c0 COMP
0x00086700 COMP
0x00086740 COMP
0x00086780 COMP
0x000867c0 COMP
READRES
0x00086800 G_ACT0
0x08086800 G_ACT1
0x10086800 G_ACT2
0x18086800 G_ACT3
0x20086800 G_ACT4
0x28086800 G_ACT5
0x30086800 G_ACT6
0x38086800 G_ACT7
0x00086800 COMP
0x00086840 COMP
0x00086880 COMP
0x000868c0 COMP
0x00086900 COMP
0x00086940 COMP
0x00086980 COMP
0x000869c0 COMP
0x00086a00 COMP
0x00086a40 COMP
0x00086a80 COMP
0x00086ac0 COMP
0x00086b00 COMP
0x00086b40 COMP
0x00086b80 COMP
0x00086bc0 COMP
0x00086c00 COMP
0x00086c40 COMP
0x00086c80 COMP
0x00086cc0 COMP
0x00086d00 COMP
0x00086d40 COMP
0x00086d80 COMP
0x00086dc0 COMP
0x00086e00 COMP
0x00086e40 COMP
0x00086e80 COMP
0x00086ec0 COMP
0x00086f00 COMP
0x00086f40 COMP
0x00086f80 COMP
0x00086fc0 COMP
READRES
0x00087000 G_ACT0
0x08087000 G_ACT1
0x10087000 G_ACT2
0x18087000 G_ACT3
0x20087000 G_ACT4
0x28087000 G_ACT5
0x30087000 G_ACT6
0x38087000 G_ACT7
0x00087000 COMP
0x00087040 COMP
0x00087080 COMP
0x000870c0 COMP
0x00087100 COMP
0x00087140 COMP
0x00087180 COMP
0x000871c0 COMP
0x00087200 COMP
0x00087240 COMP
0x00087280 COMP
0x000872c0 COMP
0x00087300 COMP
0x00087340 COMP
0x00087380 COMP
0x000873c0 COMP
0x00087400 COMP
0x00087440 COMP
0x00087480 COMP
0x000874c0 COMP
0x00087500 COMP
0x00087540 COMP
0x00087580 COMP
0x000875c0 COMP
0x00087600 COMP
0x00087640 COMP
0x00087680 COMP
0x000876c0 COMP
0x00087700 COMP
0x00087740 COMP
0x00087780 COMP
0x000877c0 COMP
READRES
0x00087800 G_ACT0
0x08087800 G_ACT1
0x10087800 G_ACT2
0x18087800 G_ACT3
0x20087800 G_ACT4
0x28087800 G_ACT5
0x30087800 G_ACT6
0x38087800 G_ACT7
0x00087800 COMP
0x00087840 COMP
0x00087880 COMP
0x000878c0 COMP
0x00087900 COMP
0x00087940 COMP
0x00087980 COMP
0x000879c0 COMP
0x00087a00 COMP
0x00087a40 COMP
0x00087a80 COMP
0x00087ac0 COMP
0x00087b00 COMP
0x00087b40 COMP
0x00087b80 COMP
0x00087bc0 COMP
0x00087c00 COMP
0x00087c40 COMP
0x00087c80 COMP
0x00087cc0 COMP
0x00087d00 COMP
0x00087d40 COMP
0x00087d80 COMP
0x00087dc0 COMP
0x00087e00 COMP
0x00087e40 COMP
0x00087e80 COMP
0x00087ec0 COMP
0x00087f00 COMP
0x00087f40 COMP
0x00087f80 COMP
0x00087fc0 COMP
READRES
0x00088000 G_ACT0
0x08088000 G_ACT1
0x10088000 G_ACT2
0x18088000 G_ACT3
0x20088000 G_ACT4
0x28088000 G_ACT5
0x30088000 G_ACT6
0x38088000 G_ACT7
0x00088000 COMP
0x00088040 COMP
0x00088080 COMP
0x000880c0 COMP
0x00088100 COMP
0x00088140 COMP
0x00088180 COMP
0x000881c0 COMP
0x00088200 COMP
0x00088240 COMP
0x00088280 COMP
0x000882c0 COMP
0x00088300 COMP
0x00088340 COMP
0x00088380 COMP
0x000883c0 COMP
0x00088400 COMP
0x00088440 COMP
0x00088480 COMP
0x000884c0 COMP
0x00088500 COMP
0x00088540 COMP
0x00088580 COMP
0x000885c0 COMP
0x00088600 COMP
0x00088640 COMP
0x00088680 COMP
0x000886c0 COMP
0x00088700 COMP
0x00088740 COMP
0x00088780 COMP
0x000887c0 COMP
READRES
0x00088800 G_ACT0
0x08088800 G_ACT1
0x10088800 G_ACT2
0x18088800 G_ACT3
0x20088800 G_ACT4
0x28088800 G_ACT5
0x30088800 G_ACT6
0x38088800 G_ACT7
0x00088800 COMP
0x00088840 COMP
0x00088880 COMP
0x000888c0 COMP
0x00088900 COMP
0x00088940 COMP
0x00088980 COMP
0x000889c0 COMP
0x00088a00 COMP
0x00088a40 COMP
0x00088a80 COMP
0x00088ac0 COMP
0x00088b00 COMP
0x00088b40 COMP
0x00088b80 COMP
0x00088bc0 COMP
0x00088c00 COMP
0x00088c40 COMP
0x00088c80 COMP
0x00088cc0 COMP
0x00088d00 COMP
0x00088d40 COMP
0x00088d80 COMP
0x00088dc0 COMP
0x00088e00 COMP
0x00088e40 COMP
0x00088e80 COMP
0x00088ec0 COMP
0x00088f00 COMP
0x00088f40 COMP
0x00088f80 COMP
0x00088fc0 COMP
READRES
0x00089000 G_ACT0
0x08089000 G_ACT1
0x10089000 G_ACT2
0x18089000 G_ACT3
0x20089000 G_ACT4
0x28089000 G_ACT5
0x30089000 G_ACT6
0x38089000 G_ACT7
0x00089000 COMP
0x00089040 COMP
0x00089080 COMP
0x000890c0 COMP
0x00089100 COMP
0x00089140 COMP
0x00089180 COMP
0x000891c0 COMP
0x00089200 COMP
0x00089240 COMP
0x00089280 COMP
0x000892c0 COMP
0x00089300 COMP
0x00089340 COMP
0x00089380 COMP
0x000893c0 COMP
0x00089400 COMP
0x00089440 COMP
0x00089480 COMP
0x000894c0 COMP
0x00089500 COMP
0x00089540 COMP
0x00089580 COMP
0x000895c0 COMP
0x00089600 COMP
0x00089640 COMP
0x00089680 COMP
0x000896c0 COMP
0x00089700 COMP
0x00089740 COMP
0x00089780 COMP
0x000897c0 COMP
READRES
0x00089800 G_ACT0
0x08089800 G_ACT1
0x10089800 G_ACT2
0x18089800 G_ACT3
0x20089800 G_ACT4
0x28089800 G_ACT5
0x30089800 G_ACT6
0x38089800 G_ACT7
0x00089800 COMP
0x00089840 COMP
0x00089880 COMP
0x000898c0 COMP
0x00089900 COMP
0x00089940 COMP
0x00089980 COMP
0x000899c0 COMP
0x00089a00 COMP
0x00089a40 COMP
0x00089a80 COMP
0x00089ac0 COMP
0x00089b00 COMP
0x00089b40 COMP
0x00089b80 COMP
0x00089bc0 COMP
0x00089c00 COMP
0x00089c40 COMP
0x00089c80 COMP
0x00089cc0 COMP
0x00089d00 COMP
0x00089d40 COMP
0x00089d80 COMP
0x00089dc0 COMP
0x00089e00 COMP
0x00089e40 COMP
0x00089e80 COMP
0x00089ec0 COMP
0x00089f00 COMP
0x00089f40 COMP
0x00089f80 COMP
0x00089fc0 COMP
READRES
0x0008a000 G_ACT0
0x0808a000 G_ACT1
0x1008a000 G_ACT2
0x1808a000 G_ACT3
0x2008a000 G_ACT4
0x2808a000 G_ACT5
0x3008a000 G_ACT6
0x3808a000 G_ACT7
0x0008a000 COMP
0x0008a040 COMP
0x0008a080 COMP
0x0008a0c0 COMP
0x0008a100 COMP
0x0008a140 COMP
0x0008a180 COMP
0x0008a1c0 COMP
0x0008a200 COMP
0x0008a240 COMP
0x0008a280 COMP
0x0008a2c0 COMP
0x0008a300 COMP
0x0008a340 COMP
0x0008a380 COMP
0x0008a3c0 COMP
0x0008a400 COMP
0x0008a440 COMP
0x0008a480 COMP
0x0008a4c0 COMP
0x0008a500 COMP
0x0008a540 COMP
0x0008a580 COMP
0x0008a5c0 COMP
0x0008a600 COMP
0x0008a640 COMP
0x0008a680 COMP
0x0008a6c0 COMP
0x0008a700 COMP
0x0008a740 COMP
0x0008a780 COMP
0x0008a7c0 COMP
READRES
0x0008a800 G_ACT0
0x0808a800 G_ACT1
0x1008a800 G_ACT2
0x1808a800 G_ACT3
0x2008a800 G_ACT4
0x2808a800 G_ACT5
0x3008a800 G_ACT6
0x3808a800 G_ACT7
0x0008a800 COMP
0x0008a840 COMP
0x0008a880 COMP
0x0008a8c0 COMP
0x0008a900 COMP
0x0008a940 COMP
0x0008a980 COMP
0x0008a9c0 COMP
0x0008aa00 COMP
0x0008aa40 COMP
0x0008aa80 COMP
0x0008aac0 COMP
0x0008ab00 COMP
0x0008ab40 COMP
0x0008ab80 COMP
0x0008abc0 COMP
0x0008ac00 COMP
0x0008ac40 COMP
0x0008ac80 COMP
0x0008acc0 COMP
0x0008ad00 COMP
0x0008ad40 COMP
0x0008ad80 COMP
0x0008adc0 COMP
0x0008ae00 COMP
0x0008ae40 COMP
0x0008ae80 COMP
0x0008aec0 COMP
0x0008af00 COMP
0x0008af40 COMP
0x0008af80 COMP
0x0008afc0 COMP
READRES
0x0008b000 G_ACT0
0x0808b000 G_ACT1
0x1008b000 G_ACT2
0x1808b000 G_ACT3
0x2008b000 G_ACT4
0x2808b000 G_ACT5
0x3008b000 G_ACT6
0x3808b000 G_ACT7
0x0008b000 COMP
0x0008b040 COMP
0x0008b080 COMP
0x0008b0c0 COMP
0x0008b100 COMP
0x0008b140 COMP
0x0008b180 COMP
0x0008b1c0 COMP
0x0008b200 COMP
0x0008b240 COMP
0x0008b280 COMP
0x0008b2c0 COMP
0x0008b300 COMP
0x0008b340 COMP
0x0008b380 COMP
0x0008b3c0 COMP
0x0008b400 COMP
0x0008b440 COMP
0x0008b480 COMP
0x0008b4c0 COMP
0x0008b500 COMP
0x0008b540 COMP
0x0008b580 COMP
0x0008b5c0 COMP
0x0008b600 COMP
0x0008b640 COMP
0x0008b680 COMP
0x0008b6c0 COMP
0x0008b700 COMP
0x0008b740 COMP
0x0008b780 COMP
0x0008b7c0 COMP
READRES
0x0008b800 G_ACT0
0x0808b800 G_ACT1
0x1008b800 G_ACT2
0x1808b800 G_ACT3
0x2008b800 G_ACT4
0x2808b800 G_ACT5
0x3008b800 G_ACT6
0x3808b800 G_ACT7
0x0008b800 COMP
0x0008b840 COMP
0x0008b880 COMP
0x0008b8c0 COMP
0x0008b900 COMP
0x0008b940 COMP
0x0008b980 COMP
0x0008b9c0 COMP
0x0008ba00 COMP
0x0008ba40 COMP
0x0008ba80 COMP
0x0008bac0 COMP
0x0008bb00 COMP
0x0008bb40 COMP
0x0008bb80 COMP
0x0008bbc0 COMP
0x0008bc00 COMP
0x0008bc40 COMP
0x0008bc80 COMP
0x0008bcc0 COMP
0x0008bd00 COMP
0x0008bd40 COMP
0x0008bd80 COMP
0x0008bdc0 COMP
0x0008be00 COMP
0x0008be40 COMP
0x0008be80 COMP
0x0008bec0 COMP
0x0008bf00 COMP
0x0008bf40 COMP
0x0008bf80 COMP
0x0008bfc0 COMP
READRES
0x0008c000 G_ACT0
0x0808c000 G_ACT1
0x1008c000 G_ACT2
0x1808c000 G_ACT3
0x2008c000 G_ACT4
0x2808c000 G_ACT5
0x3008c000 G_ACT6
0x3808c000 G_ACT7
0x0008c000 COMP
0x0008c040 COMP
0x0008c080 COMP
0x0008c0c0 COMP
0x0008c100 COMP
0x0008c140 COMP
0x0008c180 COMP
0x0008c1c0 COMP
0x0008c200 COMP
0x0008c240 COMP
0x0008c280 COMP
0x0008c2c0 COMP
0x0008c300 COMP
0x0008c340 COMP
0x0008c380 COMP
0x0008c3c0 COMP
0x0008c400 COMP
0x0008c440 COMP
0x0008c480 COMP
0x0008c4c0 COMP
0x0008c500 COMP
0x0008c540 COMP
0x0008c580 COMP
0x0008c5c0 COMP
0x0008c600 COMP
0x0008c640 COMP
0x0008c680 COMP
0x0008c6c0 COMP
0x0008c700 COMP
0x0008c740 COMP
0x0008c780 COMP
0x0008c7c0 COMP
READRES
0x0008c800 G_ACT0
0x0808c800 G_ACT1
0x1008c800 G_ACT2
0x1808c800 G_ACT3
0x2008c800 G_ACT4
0x2808c800 G_ACT5
0x3008c800 G_ACT6
0x3808c800 G_ACT7
0x0008c800 COMP
0x0008c840 COMP
0x0008c880 COMP
0x0008c8c0 COMP
0x0008c900 COMP
0x0008c940 COMP
0x0008c980 COMP
0x0008c9c0 COMP
0x0008ca00 COMP
0x0008ca40 COMP
0x0008ca80 COMP
0x0008cac0 COMP
0x0008cb00 COMP
0x0008cb40 COMP
0x0008cb80 COMP
0x0008cbc0 COMP
0x0008cc00 COMP
0x0008cc40 COMP
0x0008cc80 COMP
0x0008ccc0 COMP
0x0008cd00 COMP
0x0008cd40 COMP
0x0008cd80 COMP
0x0008cdc0 COMP
0x0008ce00 COMP
0x0008ce40 COMP
0x0008ce80 COMP
0x0008cec0 COMP
0x0008cf00 COMP
0x0008cf40 COMP
0x0008cf80 COMP
0x0008cfc0 COMP
READRES
0x0008d000 G_ACT0
0x0808d000 G_ACT1
0x1008d000 G_ACT2
0x1808d000 G_ACT3
0x2008d000 G_ACT4
0x2808d000 G_ACT5
0x3008d000 G_ACT6
0x3808d000 G_ACT7
0x0008d000 COMP
0x0008d040 COMP
0x0008d080 COMP
0x0008d0c0 COMP
0x0008d100 COMP
0x0008d140 COMP
0x0008d180 COMP
0x0008d1c0 COMP
0x0008d200 COMP
0x0008d240 COMP
0x0008d280 COMP
0x0008d2c0 COMP
0x0008d300 COMP
0x0008d340 COMP
0x0008d380 COMP
0x0008d3c0 COMP
0x0008d400 COMP
0x0008d440 COMP
0x0008d480 COMP
0x0008d4c0 COMP
0x0008d500 COMP
0x0008d540 COMP
0x0008d580 COMP
0x0008d5c0 COMP
0x0008d600 COMP
0x0008d640 COMP
0x0008d680 COMP
0x0008d6c0 COMP
0x0008d700 COMP
0x0008d740 COMP
0x0008d780 COMP
0x0008d7c0 COMP
READRES
0x0008d800 G_ACT0
0x0808d800 G_ACT1
0x1008d800 G_ACT2
0x1808d800 G_ACT3
0x2008d800 G_ACT4
0x2808d800 G_ACT5
0x3008d800 G_ACT6
0x3808d800 G_ACT7
0x0008d800 COMP
0x0008d840 COMP
0x0008d880 COMP
0x0008d8c0 COMP
0x0008d900 COMP
0x0008d940 COMP
0x0008d980 COMP
0x0008d9c0 COMP
0x0008da00 COMP
0x0008da40 COMP
0x0008da80 COMP
0x0008dac0 COMP
0x0008db00 COMP
0x0008db40 COMP
0x0008db80 COMP
0x0008dbc0 COMP
0x0008dc00 COMP
0x0008dc40 COMP
0x0008dc80 COMP
0x0008dcc0 COMP
0x0008dd00 COMP
0x0008dd40 COMP
0x0008dd80 COMP
0x0008ddc0 COMP
0x0008de00 COMP
0x0008de40 COMP
0x0008de80 COMP
0x0008dec0 COMP
0x0008df00 COMP
0x0008df40 COMP
0x0008df80 COMP
0x0008dfc0 COMP
READRES
0x0008e000 G_ACT0
0x0808e000 G_ACT1
0x1008e000 G_ACT2
0x1808e000 G_ACT3
0x2008e000 G_ACT4
0x2808e000 G_ACT5
0x3008e000 G_ACT6
0x3808e000 G_ACT7
0x0008e000 COMP
0x0008e040 COMP
0x0008e080 COMP
0x0008e0c0 COMP
0x0008e100 COMP
0x0008e140 COMP
0x0008e180 COMP
0x0008e1c0 COMP
0x0008e200 COMP
0x0008e240 COMP
0x0008e280 COMP
0x0008e2c0 COMP
0x0008e300 COMP
0x0008e340 COMP
0x0008e380 COMP
0x0008e3c0 COMP
0x0008e400 COMP
0x0008e440 COMP
0x0008e480 COMP
0x0008e4c0 COMP
0x0008e500 COMP
0x0008e540 COMP
0x0008e580 COMP
0x0008e5c0 COMP
0x0008e600 COMP
0x0008e640 COMP
0x0008e680 COMP
0x0008e6c0 COMP
0x0008e700 COMP
0x0008e740 COMP
0x0008e780 COMP
0x0008e7c0 COMP
READRES
0x0008e800 G_ACT0
0x0808e800 G_ACT1
0x1008e800 G_ACT2
0x1808e800 G_ACT3
0x2008e800 G_ACT4
0x2808e800 G_ACT5
0x3008e800 G_ACT6
0x3808e800 G_ACT7
0x0008e800 COMP
0x0008e840 COMP
0x0008e880 COMP
0x0008e8c0 COMP
0x0008e900 COMP
0x0008e940 COMP
0x0008e980 COMP
0x0008e9c0 COMP
0x0008ea00 COMP
0x0008ea40 COMP
0x0008ea80 COMP
0x0008eac0 COMP
0x0008eb00 COMP
0x0008eb40 COMP
0x0008eb80 COMP
0x0008ebc0 COMP
0x0008ec00 COMP
0x0008ec40 COMP
0x0008ec80 COMP
0x0008ecc0 COMP
0x0008ed00 COMP
0x0008ed40 COMP
0x0008ed80 COMP
0x0008edc0 COMP
0x0008ee00 COMP
0x0008ee40 COMP
0x0008ee80 COMP
0x0008eec0 COMP
0x0008ef00 COMP
0x0008ef40 COMP
0x0008ef80 COMP
0x0008efc0 COMP
READRES
0x0008f000 G_ACT0
0x0808f000 G_ACT1
0x1008f000 G_ACT2
0x1808f000 G_ACT3
0x2008f000 G_ACT4
0x2808f000 G_ACT5
0x3008f000 G_ACT6
0x3808f000 G_ACT7
0x0008f000 COMP
0x0008f040 COMP
0x0008f080 COMP
0x0008f0c0 COMP
0x0008f100 COMP
0x0008f140 COMP
0x0008f180 COMP
0x0008f1c0 COMP
0x0008f200 COMP
0x0008f240 COMP
0x0008f280 COMP
0x0008f2c0 COMP
0x0008f300 COMP
0x0008f340 COMP
0x0008f380 COMP
0x0008f3c0 COMP
0x0008f400 COMP
0x0008f440 COMP
0x0008f480 COMP
0x0008f4c0 COMP
0x0008f500 COMP
0x0008f540 COMP
0x0008f580 COMP
0x0008f5c0 COMP
0x0008f600 COMP
0x0008f640 COMP
0x0008f680 COMP
0x0008f6c0 COMP
0x0008f700 COMP
0x0008f740 COMP
0x0008f780 COMP
0x0008f7c0 COMP
READRES
0x0008f800 G_ACT0
0x0808f800 G_ACT1
0x1008f800 G_ACT2
0x1808f800 G_ACT3
0x2008f800 G_ACT4
0x2808f800 G_ACT5
0x3008f800 G_ACT6
0x3808f800 G_ACT7
0x0008f800 COMP
0x0008f840 COMP
0x0008f880 COMP
0x0008f8c0 COMP
0x0008f900 COMP
0x0008f940 COMP
0x0008f980 COMP
0x0008f9c0 COMP
0x0008fa00 COMP
0x0008fa40 COMP
0x0008fa80 COMP
0x0008fac0 COMP
0x0008fb00 COMP
0x0008fb40 COMP
0x0008fb80 COMP
0x0008fbc0 COMP
0x0008fc00 COMP
0x0008fc40 COMP
0x0008fc80 COMP
0x0008fcc0 COMP
0x0008fd00 COMP
0x0008fd40 COMP
0x0008fd80 COMP
0x0008fdc0 COMP
0x0008fe00 COMP
0x0008fe40 COMP
0x0008fe80 COMP
0x0008fec0 COMP
0x0008ff00 COMP
0x0008ff40 COMP
0x0008ff80 COMP
0x0008ffc0 COMP
READRES
0x00090000 G_ACT0
0x08090000 G_ACT1
0x10090000 G_ACT2
0x18090000 G_ACT3
0x20090000 G_ACT4
0x28090000 G_ACT5
0x30090000 G_ACT6
0x38090000 G_ACT7
0x00090000 COMP
0x00090040 COMP
0x00090080 COMP
0x000900c0 COMP
0x00090100 COMP
0x00090140 COMP
0x00090180 COMP
0x000901c0 COMP
0x00090200 COMP
0x00090240 COMP
0x00090280 COMP
0x000902c0 COMP
0x00090300 COMP
0x00090340 COMP
0x00090380 COMP
0x000903c0 COMP
0x00090400 COMP
0x00090440 COMP
0x00090480 COMP
0x000904c0 COMP
0x00090500 COMP
0x00090540 COMP
0x00090580 COMP
0x000905c0 COMP
0x00090600 COMP
0x00090640 COMP
0x00090680 COMP
0x000906c0 COMP
0x00090700 COMP
0x00090740 COMP
0x00090780 COMP
0x000907c0 COMP
READRES
0x00090800 G_ACT0
0x08090800 G_ACT1
0x10090800 G_ACT2
0x18090800 G_ACT3
0x20090800 G_ACT4
0x28090800 G_ACT5
0x30090800 G_ACT6
0x38090800 G_ACT7
0x00090800 COMP
0x00090840 COMP
0x00090880 COMP
0x000908c0 COMP
0x00090900 COMP
0x00090940 COMP
0x00090980 COMP
0x000909c0 COMP
0x00090a00 COMP
0x00090a40 COMP
0x00090a80 COMP
0x00090ac0 COMP
0x00090b00 COMP
0x00090b40 COMP
0x00090b80 COMP
0x00090bc0 COMP
0x00090c00 COMP
0x00090c40 COMP
0x00090c80 COMP
0x00090cc0 COMP
0x00090d00 COMP
0x00090d40 COMP
0x00090d80 COMP
0x00090dc0 COMP
0x00090e00 COMP
0x00090e40 COMP
0x00090e80 COMP
0x00090ec0 COMP
0x00090f00 COMP
0x00090f40 COMP
0x00090f80 COMP
0x00090fc0 COMP
READRES
0x00091000 G_ACT0
0x08091000 G_ACT1
0x10091000 G_ACT2
0x18091000 G_ACT3
0x20091000 G_ACT4
0x28091000 G_ACT5
0x30091000 G_ACT6
0x38091000 G_ACT7
0x00091000 COMP
0x00091040 COMP
0x00091080 COMP
0x000910c0 COMP
0x00091100 COMP
0x00091140 COMP
0x00091180 COMP
0x000911c0 COMP
0x00091200 COMP
0x00091240 COMP
0x00091280 COMP
0x000912c0 COMP
0x00091300 COMP
0x00091340 COMP
0x00091380 COMP
0x000913c0 COMP
0x00091400 COMP
0x00091440 COMP
0x00091480 COMP
0x000914c0 COMP
0x00091500 COMP
0x00091540 COMP
0x00091580 COMP
0x000915c0 COMP
0x00091600 COMP
0x00091640 COMP
0x00091680 COMP
0x000916c0 COMP
0x00091700 COMP
0x00091740 COMP
0x00091780 COMP
0x000917c0 COMP
READRES
0x00091800 G_ACT0
0x08091800 G_ACT1
0x10091800 G_ACT2
0x18091800 G_ACT3
0x20091800 G_ACT4
0x28091800 G_ACT5
0x30091800 G_ACT6
0x38091800 G_ACT7
0x00091800 COMP
0x00091840 COMP
0x00091880 COMP
0x000918c0 COMP
0x00091900 COMP
0x00091940 COMP
0x00091980 COMP
0x000919c0 COMP
0x00091a00 COMP
0x00091a40 COMP
0x00091a80 COMP
0x00091ac0 COMP
0x00091b00 COMP
0x00091b40 COMP
0x00091b80 COMP
0x00091bc0 COMP
0x00091c00 COMP
0x00091c40 COMP
0x00091c80 COMP
0x00091cc0 COMP
0x00091d00 COMP
0x00091d40 COMP
0x00091d80 COMP
0x00091dc0 COMP
0x00091e00 COMP
0x00091e40 COMP
0x00091e80 COMP
0x00091ec0 COMP
0x00091f00 COMP
0x00091f40 COMP
0x00091f80 COMP
0x00091fc0 COMP
READRES
0x00092000 G_ACT0
0x08092000 G_ACT1
0x10092000 G_ACT2
0x18092000 G_ACT3
0x20092000 G_ACT4
0x28092000 G_ACT5
0x30092000 G_ACT6
0x38092000 G_ACT7
0x00092000 COMP
0x00092040 COMP
0x00092080 COMP
0x000920c0 COMP
0x00092100 COMP
0x00092140 COMP
0x00092180 COMP
0x000921c0 COMP
0x00092200 COMP
0x00092240 COMP
0x00092280 COMP
0x000922c0 COMP
0x00092300 COMP
0x00092340 COMP
0x00092380 COMP
0x000923c0 COMP
0x00092400 COMP
0x00092440 COMP
0x00092480 COMP
0x000924c0 COMP
0x00092500 COMP
0x00092540 COMP
0x00092580 COMP
0x000925c0 COMP
0x00092600 COMP
0x00092640 COMP
0x00092680 COMP
0x000926c0 COMP
0x00092700 COMP
0x00092740 COMP
0x00092780 COMP
0x000927c0 COMP
READRES
0x00092800 G_ACT0
0x08092800 G_ACT1
0x10092800 G_ACT2
0x18092800 G_ACT3
0x20092800 G_ACT4
0x28092800 G_ACT5
0x30092800 G_ACT6
0x38092800 G_ACT7
0x00092800 COMP
0x00092840 COMP
0x00092880 COMP
0x000928c0 COMP
0x00092900 COMP
0x00092940 COMP
0x00092980 COMP
0x000929c0 COMP
0x00092a00 COMP
0x00092a40 COMP
0x00092a80 COMP
0x00092ac0 COMP
0x00092b00 COMP
0x00092b40 COMP
0x00092b80 COMP
0x00092bc0 COMP
0x00092c00 COMP
0x00092c40 COMP
0x00092c80 COMP
0x00092cc0 COMP
0x00092d00 COMP
0x00092d40 COMP
0x00092d80 COMP
0x00092dc0 COMP
0x00092e00 COMP
0x00092e40 COMP
0x00092e80 COMP
0x00092ec0 COMP
0x00092f00 COMP
0x00092f40 COMP
0x00092f80 COMP
0x00092fc0 COMP
READRES
0x00093000 G_ACT0
0x08093000 G_ACT1
0x10093000 G_ACT2
0x18093000 G_ACT3
0x20093000 G_ACT4
0x28093000 G_ACT5
0x30093000 G_ACT6
0x38093000 G_ACT7
0x00093000 COMP
0x00093040 COMP
0x00093080 COMP
0x000930c0 COMP
0x00093100 COMP
0x00093140 COMP
0x00093180 COMP
0x000931c0 COMP
0x00093200 COMP
0x00093240 COMP
0x00093280 COMP
0x000932c0 COMP
0x00093300 COMP
0x00093340 COMP
0x00093380 COMP
0x000933c0 COMP
0x00093400 COMP
0x00093440 COMP
0x00093480 COMP
0x000934c0 COMP
0x00093500 COMP
0x00093540 COMP
0x00093580 COMP
0x000935c0 COMP
0x00093600 COMP
0x00093640 COMP
0x00093680 COMP
0x000936c0 COMP
0x00093700 COMP
0x00093740 COMP
0x00093780 COMP
0x000937c0 COMP
READRES
0x00093800 G_ACT0
0x08093800 G_ACT1
0x10093800 G_ACT2
0x18093800 G_ACT3
0x20093800 G_ACT4
0x28093800 G_ACT5
0x30093800 G_ACT6
0x38093800 G_ACT7
0x00093800 COMP
0x00093840 COMP
0x00093880 COMP
0x000938c0 COMP
0x00093900 COMP
0x00093940 COMP
0x00093980 COMP
0x000939c0 COMP
0x00093a00 COMP
0x00093a40 COMP
0x00093a80 COMP
0x00093ac0 COMP
0x00093b00 COMP
0x00093b40 COMP
0x00093b80 COMP
0x00093bc0 COMP
0x00093c00 COMP
0x00093c40 COMP
0x00093c80 COMP
0x00093cc0 COMP
0x00093d00 COMP
0x00093d40 COMP
0x00093d80 COMP
0x00093dc0 COMP
0x00093e00 COMP
0x00093e40 COMP
0x00093e80 COMP
0x00093ec0 COMP
0x00093f00 COMP
0x00093f40 COMP
0x00093f80 COMP
0x00093fc0 COMP
READRES
0x00094000 G_ACT0
0x08094000 G_ACT1
0x10094000 G_ACT2
0x18094000 G_ACT3
0x20094000 G_ACT4
0x28094000 G_ACT5
0x30094000 G_ACT6
0x38094000 G_ACT7
0x00094000 COMP
0x00094040 COMP
0x00094080 COMP
0x000940c0 COMP
0x00094100 COMP
0x00094140 COMP
0x00094180 COMP
0x000941c0 COMP
0x00094200 COMP
0x00094240 COMP
0x00094280 COMP
0x000942c0 COMP
0x00094300 COMP
0x00094340 COMP
0x00094380 COMP
0x000943c0 COMP
0x00094400 COMP
0x00094440 COMP
0x00094480 COMP
0x000944c0 COMP
0x00094500 COMP
0x00094540 COMP
0x00094580 COMP
0x000945c0 COMP
0x00094600 COMP
0x00094640 COMP
0x00094680 COMP
0x000946c0 COMP
0x00094700 COMP
0x00094740 COMP
0x00094780 COMP
0x000947c0 COMP
READRES
0x00094800 G_ACT0
0x08094800 G_ACT1
0x10094800 G_ACT2
0x18094800 G_ACT3
0x20094800 G_ACT4
0x28094800 G_ACT5
0x30094800 G_ACT6
0x38094800 G_ACT7
0x00094800 COMP
0x00094840 COMP
0x00094880 COMP
0x000948c0 COMP
0x00094900 COMP
0x00094940 COMP
0x00094980 COMP
0x000949c0 COMP
0x00094a00 COMP
0x00094a40 COMP
0x00094a80 COMP
0x00094ac0 COMP
0x00094b00 COMP
0x00094b40 COMP
0x00094b80 COMP
0x00094bc0 COMP
0x00094c00 COMP
0x00094c40 COMP
0x00094c80 COMP
0x00094cc0 COMP
0x00094d00 COMP
0x00094d40 COMP
0x00094d80 COMP
0x00094dc0 COMP
0x00094e00 COMP
0x00094e40 COMP
0x00094e80 COMP
0x00094ec0 COMP
0x00094f00 COMP
0x00094f40 COMP
0x00094f80 COMP
0x00094fc0 COMP
READRES
0x00095000 G_ACT0
0x08095000 G_ACT1
0x10095000 G_ACT2
0x18095000 G_ACT3
0x20095000 G_ACT4
0x28095000 G_ACT5
0x30095000 G_ACT6
0x38095000 G_ACT7
0x00095000 COMP
0x00095040 COMP
0x00095080 COMP
0x000950c0 COMP
0x00095100 COMP
0x00095140 COMP
0x00095180 COMP
0x000951c0 COMP
0x00095200 COMP
0x00095240 COMP
0x00095280 COMP
0x000952c0 COMP
0x00095300 COMP
0x00095340 COMP
0x00095380 COMP
0x000953c0 COMP
0x00095400 COMP
0x00095440 COMP
0x00095480 COMP
0x000954c0 COMP
0x00095500 COMP
0x00095540 COMP
0x00095580 COMP
0x000955c0 COMP
0x00095600 COMP
0x00095640 COMP
0x00095680 COMP
0x000956c0 COMP
0x00095700 COMP
0x00095740 COMP
0x00095780 COMP
0x000957c0 COMP
READRES
0x00095800 G_ACT0
0x08095800 G_ACT1
0x10095800 G_ACT2
0x18095800 G_ACT3
0x20095800 G_ACT4
0x28095800 G_ACT5
0x30095800 G_ACT6
0x38095800 G_ACT7
0x00095800 COMP
0x00095840 COMP
0x00095880 COMP
0x000958c0 COMP
0x00095900 COMP
0x00095940 COMP
0x00095980 COMP
0x000959c0 COMP
0x00095a00 COMP
0x00095a40 COMP
0x00095a80 COMP
0x00095ac0 COMP
0x00095b00 COMP
0x00095b40 COMP
0x00095b80 COMP
0x00095bc0 COMP
0x00095c00 COMP
0x00095c40 COMP
0x00095c80 COMP
0x00095cc0 COMP
0x00095d00 COMP
0x00095d40 COMP
0x00095d80 COMP
0x00095dc0 COMP
0x00095e00 COMP
0x00095e40 COMP
0x00095e80 COMP
0x00095ec0 COMP
0x00095f00 COMP
0x00095f40 COMP
0x00095f80 COMP
0x00095fc0 COMP
READRES
0x00096000 G_ACT0
0x08096000 G_ACT1
0x10096000 G_ACT2
0x18096000 G_ACT3
0x20096000 G_ACT4
0x28096000 G_ACT5
0x30096000 G_ACT6
0x38096000 G_ACT7
0x00096000 COMP
0x00096040 COMP
0x00096080 COMP
0x000960c0 COMP
0x00096100 COMP
0x00096140 COMP
0x00096180 COMP
0x000961c0 COMP
0x00096200 COMP
0x00096240 COMP
0x00096280 COMP
0x000962c0 COMP
0x00096300 COMP
0x00096340 COMP
0x00096380 COMP
0x000963c0 COMP
0x00096400 COMP
0x00096440 COMP
0x00096480 COMP
0x000964c0 COMP
0x00096500 COMP
0x00096540 COMP
0x00096580 COMP
0x000965c0 COMP
0x00096600 COMP
0x00096640 COMP
0x00096680 COMP
0x000966c0 COMP
0x00096700 COMP
0x00096740 COMP
0x00096780 COMP
0x000967c0 COMP
READRES
0x00096800 G_ACT0
0x08096800 G_ACT1
0x10096800 G_ACT2
0x18096800 G_ACT3
0x20096800 G_ACT4
0x28096800 G_ACT5
0x30096800 G_ACT6
0x38096800 G_ACT7
0x00096800 COMP
0x00096840 COMP
0x00096880 COMP
0x000968c0 COMP
0x00096900 COMP
0x00096940 COMP
0x00096980 COMP
0x000969c0 COMP
0x00096a00 COMP
0x00096a40 COMP
0x00096a80 COMP
0x00096ac0 COMP
0x00096b00 COMP
0x00096b40 COMP
0x00096b80 COMP
0x00096bc0 COMP
0x00096c00 COMP
0x00096c40 COMP
0x00096c80 COMP
0x00096cc0 COMP
0x00096d00 COMP
0x00096d40 COMP
0x00096d80 COMP
0x00096dc0 COMP
0x00096e00 COMP
0x00096e40 COMP
0x00096e80 COMP
0x00096ec0 COMP
0x00096f00 COMP
0x00096f40 COMP
0x00096f80 COMP
0x00096fc0 COMP
READRES
0x00097000 G_ACT0
0x08097000 G_ACT1
0x10097000 G_ACT2
0x18097000 G_ACT3
0x20097000 G_ACT4
0x28097000 G_ACT5
0x30097000 G_ACT6
0x38097000 G_ACT7
0x00097000 COMP
0x00097040 COMP
0x00097080 COMP
0x000970c0 COMP
0x00097100 COMP
0x00097140 COMP
0x00097180 COMP
0x000971c0 COMP
0x00097200 COMP
0x00097240 COMP
0x00097280 COMP
0x000972c0 COMP
0x00097300 COMP
0x00097340 COMP
0x00097380 COMP
0x000973c0 COMP
0x00097400 COMP
0x00097440 COMP
0x00097480 COMP
0x000974c0 COMP
0x00097500 COMP
0x00097540 COMP
0x00097580 COMP
0x000975c0 COMP
0x00097600 COMP
0x00097640 COMP
0x00097680 COMP
0x000976c0 COMP
0x00097700 COMP
0x00097740 COMP
0x00097780 COMP
0x000977c0 COMP
READRES
0x00097800 G_ACT0
0x08097800 G_ACT1
0x10097800 G_ACT2
0x18097800 G_ACT3
0x20097800 G_ACT4
0x28097800 G_ACT5
0x30097800 G_ACT6
0x38097800 G_ACT7
0x00097800 COMP
0x00097840 COMP
0x00097880 COMP
0x000978c0 COMP
0x00097900 COMP
0x00097940 COMP
0x00097980 COMP
0x000979c0 COMP
0x00097a00 COMP
0x00097a40 COMP
0x00097a80 COMP
0x00097ac0 COMP
0x00097b00 COMP
0x00097b40 COMP
0x00097b80 COMP
0x00097bc0 COMP
0x00097c00 COMP
0x00097c40 COMP
0x00097c80 COMP
0x00097cc0 COMP
0x00097d00 COMP
0x00097d40 COMP
0x00097d80 COMP
0x00097dc0 COMP
0x00097e00 COMP
0x00097e40 COMP
0x00097e80 COMP
0x00097ec0 COMP
0x00097f00 COMP
0x00097f40 COMP
0x00097f80 COMP
0x00097fc0 COMP
READRES
0x00098000 G_ACT0
0x08098000 G_ACT1
0x10098000 G_ACT2
0x18098000 G_ACT3
0x20098000 G_ACT4
0x28098000 G_ACT5
0x30098000 G_ACT6
0x38098000 G_ACT7
0x00098000 COMP
0x00098040 COMP
0x00098080 COMP
0x000980c0 COMP
0x00098100 COMP
0x00098140 COMP
0x00098180 COMP
0x000981c0 COMP
0x00098200 COMP
0x00098240 COMP
0x00098280 COMP
0x000982c0 COMP
0x00098300 COMP
0x00098340 COMP
0x00098380 COMP
0x000983c0 COMP
0x00098400 COMP
0x00098440 COMP
0x00098480 COMP
0x000984c0 COMP
0x00098500 COMP
0x00098540 COMP
0x00098580 COMP
0x000985c0 COMP
0x00098600 COMP
0x00098640 COMP
0x00098680 COMP
0x000986c0 COMP
0x00098700 COMP
0x00098740 COMP
0x00098780 COMP
0x000987c0 COMP
READRES
0x00098800 G_ACT0
0x08098800 G_ACT1
0x10098800 G_ACT2
0x18098800 G_ACT3
0x20098800 G_ACT4
0x28098800 G_ACT5
0x30098800 G_ACT6
0x38098800 G_ACT7
0x00098800 COMP
0x00098840 COMP
0x00098880 COMP
0x000988c0 COMP
0x00098900 COMP
0x00098940 COMP
0x00098980 COMP
0x000989c0 COMP
0x00098a00 COMP
0x00098a40 COMP
0x00098a80 COMP
0x00098ac0 COMP
0x00098b00 COMP
0x00098b40 COMP
0x00098b80 COMP
0x00098bc0 COMP
0x00098c00 COMP
0x00098c40 COMP
0x00098c80 COMP
0x00098cc0 COMP
0x00098d00 COMP
0x00098d40 COMP
0x00098d80 COMP
0x00098dc0 COMP
0x00098e00 COMP
0x00098e40 COMP
0x00098e80 COMP
0x00098ec0 COMP
0x00098f00 COMP
0x00098f40 COMP
0x00098f80 COMP
0x00098fc0 COMP
READRES
0x00099000 G_ACT0
0x08099000 G_ACT1
0x10099000 G_ACT2
0x18099000 G_ACT3
0x20099000 G_ACT4
0x28099000 G_ACT5
0x30099000 G_ACT6
0x38099000 G_ACT7
0x00099000 COMP
0x00099040 COMP
0x00099080 COMP
0x000990c0 COMP
0x00099100 COMP
0x00099140 COMP
0x00099180 COMP
0x000991c0 COMP
0x00099200 COMP
0x00099240 COMP
0x00099280 COMP
0x000992c0 COMP
0x00099300 COMP
0x00099340 COMP
0x00099380 COMP
0x000993c0 COMP
0x00099400 COMP
0x00099440 COMP
0x00099480 COMP
0x000994c0 COMP
0x00099500 COMP
0x00099540 COMP
0x00099580 COMP
0x000995c0 COMP
0x00099600 COMP
0x00099640 COMP
0x00099680 COMP
0x000996c0 COMP
0x00099700 COMP
0x00099740 COMP
0x00099780 COMP
0x000997c0 COMP
READRES
0x00099800 G_ACT0
0x08099800 G_ACT1
0x10099800 G_ACT2
0x18099800 G_ACT3
0x20099800 G_ACT4
0x28099800 G_ACT5
0x30099800 G_ACT6
0x38099800 G_ACT7
0x00099800 COMP
0x00099840 COMP
0x00099880 COMP
0x000998c0 COMP
0x00099900 COMP
0x00099940 COMP
0x00099980 COMP
0x000999c0 COMP
0x00099a00 COMP
0x00099a40 COMP
0x00099a80 COMP
0x00099ac0 COMP
0x00099b00 COMP
0x00099b40 COMP
0x00099b80 COMP
0x00099bc0 COMP
0x00099c00 COMP
0x00099c40 COMP
0x00099c80 COMP
0x00099cc0 COMP
0x00099d00 COMP
0x00099d40 COMP
0x00099d80 COMP
0x00099dc0 COMP
0x00099e00 COMP
0x00099e40 COMP
0x00099e80 COMP
0x00099ec0 COMP
0x00099f00 COMP
0x00099f40 COMP
0x00099f80 COMP
0x00099fc0 COMP
READRES
0x0009a000 G_ACT0
0x0809a000 G_ACT1
0x1009a000 G_ACT2
0x1809a000 G_ACT3
0x2009a000 G_ACT4
0x2809a000 G_ACT5
0x3009a000 G_ACT6
0x3809a000 G_ACT7
0x0009a000 COMP
0x0009a040 COMP
0x0009a080 COMP
0x0009a0c0 COMP
0x0009a100 COMP
0x0009a140 COMP
0x0009a180 COMP
0x0009a1c0 COMP
0x0009a200 COMP
0x0009a240 COMP
0x0009a280 COMP
0x0009a2c0 COMP
0x0009a300 COMP
0x0009a340 COMP
0x0009a380 COMP
0x0009a3c0 COMP
0x0009a400 COMP
0x0009a440 COMP
0x0009a480 COMP
0x0009a4c0 COMP
0x0009a500 COMP
0x0009a540 COMP
0x0009a580 COMP
0x0009a5c0 COMP
0x0009a600 COMP
0x0009a640 COMP
0x0009a680 COMP
0x0009a6c0 COMP
0x0009a700 COMP
0x0009a740 COMP
0x0009a780 COMP
0x0009a7c0 COMP
READRES
0x0009a800 G_ACT0
0x0809a800 G_ACT1
0x1009a800 G_ACT2
0x1809a800 G_ACT3
0x2009a800 G_ACT4
0x2809a800 G_ACT5
0x3009a800 G_ACT6
0x3809a800 G_ACT7
0x0009a800 COMP
0x0009a840 COMP
0x0009a880 COMP
0x0009a8c0 COMP
0x0009a900 COMP
0x0009a940 COMP
0x0009a980 COMP
0x0009a9c0 COMP
0x0009aa00 COMP
0x0009aa40 COMP
0x0009aa80 COMP
0x0009aac0 COMP
0x0009ab00 COMP
0x0009ab40 COMP
0x0009ab80 COMP
0x0009abc0 COMP
0x0009ac00 COMP
0x0009ac40 COMP
0x0009ac80 COMP
0x0009acc0 COMP
0x0009ad00 COMP
0x0009ad40 COMP
0x0009ad80 COMP
0x0009adc0 COMP
0x0009ae00 COMP
0x0009ae40 COMP
0x0009ae80 COMP
0x0009aec0 COMP
0x0009af00 COMP
0x0009af40 COMP
0x0009af80 COMP
0x0009afc0 COMP
READRES
0x0009b000 G_ACT0
0x0809b000 G_ACT1
0x1009b000 G_ACT2
0x1809b000 G_ACT3
0x2009b000 G_ACT4
0x2809b000 G_ACT5
0x3009b000 G_ACT6
0x3809b000 G_ACT7
0x0009b000 COMP
0x0009b040 COMP
0x0009b080 COMP
0x0009b0c0 COMP
0x0009b100 COMP
0x0009b140 COMP
0x0009b180 COMP
0x0009b1c0 COMP
0x0009b200 COMP
0x0009b240 COMP
0x0009b280 COMP
0x0009b2c0 COMP
0x0009b300 COMP
0x0009b340 COMP
0x0009b380 COMP
0x0009b3c0 COMP
0x0009b400 COMP
0x0009b440 COMP
0x0009b480 COMP
0x0009b4c0 COMP
0x0009b500 COMP
0x0009b540 COMP
0x0009b580 COMP
0x0009b5c0 COMP
0x0009b600 COMP
0x0009b640 COMP
0x0009b680 COMP
0x0009b6c0 COMP
0x0009b700 COMP
0x0009b740 COMP
0x0009b780 COMP
0x0009b7c0 COMP
READRES
0x0009b800 G_ACT0
0x0809b800 G_ACT1
0x1009b800 G_ACT2
0x1809b800 G_ACT3
0x2009b800 G_ACT4
0x2809b800 G_ACT5
0x3009b800 G_ACT6
0x3809b800 G_ACT7
0x0009b800 COMP
0x0009b840 COMP
0x0009b880 COMP
0x0009b8c0 COMP
0x0009b900 COMP
0x0009b940 COMP
0x0009b980 COMP
0x0009b9c0 COMP
0x0009ba00 COMP
0x0009ba40 COMP
0x0009ba80 COMP
0x0009bac0 COMP
0x0009bb00 COMP
0x0009bb40 COMP
0x0009bb80 COMP
0x0009bbc0 COMP
0x0009bc00 COMP
0x0009bc40 COMP
0x0009bc80 COMP
0x0009bcc0 COMP
0x0009bd00 COMP
0x0009bd40 COMP
0x0009bd80 COMP
0x0009bdc0 COMP
0x0009be00 COMP
0x0009be40 COMP
0x0009be80 COMP
0x0009bec0 COMP
0x0009bf00 COMP
0x0009bf40 COMP
0x0009bf80 COMP
0x0009bfc0 COMP
READRES
0x0009c000 G_ACT0
0x0809c000 G_ACT1
0x1009c000 G_ACT2
0x1809c000 G_ACT3
0x2009c000 G_ACT4
0x2809c000 G_ACT5
0x3009c000 G_ACT6
0x3809c000 G_ACT7
0x0009c000 COMP
0x0009c040 COMP
0x0009c080 COMP
0x0009c0c0 COMP
0x0009c100 COMP
0x0009c140 COMP
0x0009c180 COMP
0x0009c1c0 COMP
0x0009c200 COMP
0x0009c240 COMP
0x0009c280 COMP
0x0009c2c0 COMP
0x0009c300 COMP
0x0009c340 COMP
0x0009c380 COMP
0x0009c3c0 COMP
0x0009c400 COMP
0x0009c440 COMP
0x0009c480 COMP
0x0009c4c0 COMP
0x0009c500 COMP
0x0009c540 COMP
0x0009c580 COMP
0x0009c5c0 COMP
0x0009c600 COMP
0x0009c640 COMP
0x0009c680 COMP
0x0009c6c0 COMP
0x0009c700 COMP
0x0009c740 COMP
0x0009c780 COMP
0x0009c7c0 COMP
READRES
0x0009c800 G_ACT0
0x0809c800 G_ACT1
0x1009c800 G_ACT2
0x1809c800 G_ACT3
0x2009c800 G_ACT4
0x2809c800 G_ACT5
0x3009c800 G_ACT6
0x3809c800 G_ACT7
0x0009c800 COMP
0x0009c840 COMP
0x0009c880 COMP
0x0009c8c0 COMP
0x0009c900 COMP
0x0009c940 COMP
0x0009c980 COMP
0x0009c9c0 COMP
0x0009ca00 COMP
0x0009ca40 COMP
0x0009ca80 COMP
0x0009cac0 COMP
0x0009cb00 COMP
0x0009cb40 COMP
0x0009cb80 COMP
0x0009cbc0 COMP
0x0009cc00 COMP
0x0009cc40 COMP
0x0009cc80 COMP
0x0009ccc0 COMP
0x0009cd00 COMP
0x0009cd40 COMP
0x0009cd80 COMP
0x0009cdc0 COMP
0x0009ce00 COMP
0x0009ce40 COMP
0x0009ce80 COMP
0x0009cec0 COMP
0x0009cf00 COMP
0x0009cf40 COMP
0x0009cf80 COMP
0x0009cfc0 COMP
READRES
0x0009d000 G_ACT0
0x0809d000 G_ACT1
0x1009d000 G_ACT2
0x1809d000 G_ACT3
0x2009d000 G_ACT4
0x2809d000 G_ACT5
0x3009d000 G_ACT6
0x3809d000 G_ACT7
0x0009d000 COMP
0x0009d040 COMP
0x0009d080 COMP
0x0009d0c0 COMP
0x0009d100 COMP
0x0009d140 COMP
0x0009d180 COMP
0x0009d1c0 COMP
0x0009d200 COMP
0x0009d240 COMP
0x0009d280 COMP
0x0009d2c0 COMP
0x0009d300 COMP
0x0009d340 COMP
0x0009d380 COMP
0x0009d3c0 COMP
0x0009d400 COMP
0x0009d440 COMP
0x0009d480 COMP
0x0009d4c0 COMP
0x0009d500 COMP
0x0009d540 COMP
0x0009d580 COMP
0x0009d5c0 COMP
0x0009d600 COMP
0x0009d640 COMP
0x0009d680 COMP
0x0009d6c0 COMP
0x0009d700 COMP
0x0009d740 COMP
0x0009d780 COMP
0x0009d7c0 COMP
READRES
0x0009d800 G_ACT0
0x0809d800 G_ACT1
0x1009d800 G_ACT2
0x1809d800 G_ACT3
0x2009d800 G_ACT4
0x2809d800 G_ACT5
0x3009d800 G_ACT6
0x3809d800 G_ACT7
0x0009d800 COMP
0x0009d840 COMP
0x0009d880 COMP
0x0009d8c0 COMP
0x0009d900 COMP
0x0009d940 COMP
0x0009d980 COMP
0x0009d9c0 COMP
0x0009da00 COMP
0x0009da40 COMP
0x0009da80 COMP
0x0009dac0 COMP
0x0009db00 COMP
0x0009db40 COMP
0x0009db80 COMP
0x0009dbc0 COMP
0x0009dc00 COMP
0x0009dc40 COMP
0x0009dc80 COMP
0x0009dcc0 COMP
0x0009dd00 COMP
0x0009dd40 COMP
0x0009dd80 COMP
0x0009ddc0 COMP
0x0009de00 COMP
0x0009de40 COMP
0x0009de80 COMP
0x0009dec0 COMP
0x0009df00 COMP
0x0009df40 COMP
0x0009df80 COMP
0x0009dfc0 COMP
READRES
0x0009e000 G_ACT0
0x0809e000 G_ACT1
0x1009e000 G_ACT2
0x1809e000 G_ACT3
0x2009e000 G_ACT4
0x2809e000 G_ACT5
0x3009e000 G_ACT6
0x3809e000 G_ACT7
0x0009e000 COMP
0x0009e040 COMP
0x0009e080 COMP
0x0009e0c0 COMP
0x0009e100 COMP
0x0009e140 COMP
0x0009e180 COMP
0x0009e1c0 COMP
0x0009e200 COMP
0x0009e240 COMP
0x0009e280 COMP
0x0009e2c0 COMP
0x0009e300 COMP
0x0009e340 COMP
0x0009e380 COMP
0x0009e3c0 COMP
0x0009e400 COMP
0x0009e440 COMP
0x0009e480 COMP
0x0009e4c0 COMP
0x0009e500 COMP
0x0009e540 COMP
0x0009e580 COMP
0x0009e5c0 COMP
0x0009e600 COMP
0x0009e640 COMP
0x0009e680 COMP
0x0009e6c0 COMP
0x0009e700 COMP
0x0009e740 COMP
0x0009e780 COMP
0x0009e7c0 COMP
READRES
0x0009e800 G_ACT0
0x0809e800 G_ACT1
0x1009e800 G_ACT2
0x1809e800 G_ACT3
0x2009e800 G_ACT4
0x2809e800 G_ACT5
0x3009e800 G_ACT6
0x3809e800 G_ACT7
0x0009e800 COMP
0x0009e840 COMP
0x0009e880 COMP
0x0009e8c0 COMP
0x0009e900 COMP
0x0009e940 COMP
0x0009e980 COMP
0x0009e9c0 COMP
0x0009ea00 COMP
0x0009ea40 COMP
0x0009ea80 COMP
0x0009eac0 COMP
0x0009eb00 COMP
0x0009eb40 COMP
0x0009eb80 COMP
0x0009ebc0 COMP
0x0009ec00 COMP
0x0009ec40 COMP
0x0009ec80 COMP
0x0009ecc0 COMP
0x0009ed00 COMP
0x0009ed40 COMP
0x0009ed80 COMP
0x0009edc0 COMP
0x0009ee00 COMP
0x0009ee40 COMP
0x0009ee80 COMP
0x0009eec0 COMP
0x0009ef00 COMP
0x0009ef40 COMP
0x0009ef80 COMP
0x0009efc0 COMP
READRES
0x0009f000 G_ACT0
0x0809f000 G_ACT1
0x1009f000 G_ACT2
0x1809f000 G_ACT3
0x2009f000 G_ACT4
0x2809f000 G_ACT5
0x3009f000 G_ACT6
0x3809f000 G_ACT7
0x0009f000 COMP
0x0009f040 COMP
0x0009f080 COMP
0x0009f0c0 COMP
0x0009f100 COMP
0x0009f140 COMP
0x0009f180 COMP
0x0009f1c0 COMP
0x0009f200 COMP
0x0009f240 COMP
0x0009f280 COMP
0x0009f2c0 COMP
0x0009f300 COMP
0x0009f340 COMP
0x0009f380 COMP
0x0009f3c0 COMP
0x0009f400 COMP
0x0009f440 COMP
0x0009f480 COMP
0x0009f4c0 COMP
0x0009f500 COMP
0x0009f540 COMP
0x0009f580 COMP
0x0009f5c0 COMP
0x0009f600 COMP
0x0009f640 COMP
0x0009f680 COMP
0x0009f6c0 COMP
0x0009f700 COMP
0x0009f740 COMP
0x0009f780 COMP
0x0009f7c0 COMP
READRES
0x0009f800 G_ACT0
0x0809f800 G_ACT1
0x1009f800 G_ACT2
0x1809f800 G_ACT3
0x2009f800 G_ACT4
0x2809f800 G_ACT5
0x3009f800 G_ACT6
0x3809f800 G_ACT7
0x0009f800 COMP
0x0009f840 COMP
0x0009f880 COMP
0x0009f8c0 COMP
0x0009f900 COMP
0x0009f940 COMP
0x0009f980 COMP
0x0009f9c0 COMP
0x0009fa00 COMP
0x0009fa40 COMP
0x0009fa80 COMP
0x0009fac0 COMP
0x0009fb00 COMP
0x0009fb40 COMP
0x0009fb80 COMP
0x0009fbc0 COMP
0x0009fc00 COMP
0x0009fc40 COMP
0x0009fc80 COMP
0x0009fcc0 COMP
0x0009fd00 COMP
0x0009fd40 COMP
0x0009fd80 COMP
0x0009fdc0 COMP
0x0009fe00 COMP
0x0009fe40 COMP
0x0009fe80 COMP
0x0009fec0 COMP
0x0009ff00 COMP
0x0009ff40 COMP
0x0009ff80 COMP
0x0009ffc0 COMP
READRES
0x000a0000 G_ACT0
0x080a0000 G_ACT1
0x100a0000 G_ACT2
0x180a0000 G_ACT3
0x200a0000 G_ACT4
0x280a0000 G_ACT5
0x300a0000 G_ACT6
0x380a0000 G_ACT7
0x000a0000 COMP
0x000a0040 COMP
0x000a0080 COMP
0x000a00c0 COMP
0x000a0100 COMP
0x000a0140 COMP
0x000a0180 COMP
0x000a01c0 COMP
0x000a0200 COMP
0x000a0240 COMP
0x000a0280 COMP
0x000a02c0 COMP
0x000a0300 COMP
0x000a0340 COMP
0x000a0380 COMP
0x000a03c0 COMP
0x000a0400 COMP
0x000a0440 COMP
0x000a0480 COMP
0x000a04c0 COMP
0x000a0500 COMP
0x000a0540 COMP
0x000a0580 COMP
0x000a05c0 COMP
0x000a0600 COMP
0x000a0640 COMP
0x000a0680 COMP
0x000a06c0 COMP
0x000a0700 COMP
0x000a0740 COMP
0x000a0780 COMP
0x000a07c0 COMP
READRES
0x000a0800 G_ACT0
0x080a0800 G_ACT1
0x100a0800 G_ACT2
0x180a0800 G_ACT3
0x200a0800 G_ACT4
0x280a0800 G_ACT5
0x300a0800 G_ACT6
0x380a0800 G_ACT7
0x000a0800 COMP
0x000a0840 COMP
0x000a0880 COMP
0x000a08c0 COMP
0x000a0900 COMP
0x000a0940 COMP
0x000a0980 COMP
0x000a09c0 COMP
0x000a0a00 COMP
0x000a0a40 COMP
0x000a0a80 COMP
0x000a0ac0 COMP
0x000a0b00 COMP
0x000a0b40 COMP
0x000a0b80 COMP
0x000a0bc0 COMP
0x000a0c00 COMP
0x000a0c40 COMP
0x000a0c80 COMP
0x000a0cc0 COMP
0x000a0d00 COMP
0x000a0d40 COMP
0x000a0d80 COMP
0x000a0dc0 COMP
0x000a0e00 COMP
0x000a0e40 COMP
0x000a0e80 COMP
0x000a0ec0 COMP
0x000a0f00 COMP
0x000a0f40 COMP
0x000a0f80 COMP
0x000a0fc0 COMP
READRES
0x000a1000 G_ACT0
0x080a1000 G_ACT1
0x100a1000 G_ACT2
0x180a1000 G_ACT3
0x200a1000 G_ACT4
0x280a1000 G_ACT5
0x300a1000 G_ACT6
0x380a1000 G_ACT7
0x000a1000 COMP
0x000a1040 COMP
0x000a1080 COMP
0x000a10c0 COMP
0x000a1100 COMP
0x000a1140 COMP
0x000a1180 COMP
0x000a11c0 COMP
0x000a1200 COMP
0x000a1240 COMP
0x000a1280 COMP
0x000a12c0 COMP
0x000a1300 COMP
0x000a1340 COMP
0x000a1380 COMP
0x000a13c0 COMP
0x000a1400 COMP
0x000a1440 COMP
0x000a1480 COMP
0x000a14c0 COMP
0x000a1500 COMP
0x000a1540 COMP
0x000a1580 COMP
0x000a15c0 COMP
0x000a1600 COMP
0x000a1640 COMP
0x000a1680 COMP
0x000a16c0 COMP
0x000a1700 COMP
0x000a1740 COMP
0x000a1780 COMP
0x000a17c0 COMP
READRES
0x000a1800 G_ACT0
0x080a1800 G_ACT1
0x100a1800 G_ACT2
0x180a1800 G_ACT3
0x200a1800 G_ACT4
0x280a1800 G_ACT5
0x300a1800 G_ACT6
0x380a1800 G_ACT7
0x000a1800 COMP
0x000a1840 COMP
0x000a1880 COMP
0x000a18c0 COMP
0x000a1900 COMP
0x000a1940 COMP
0x000a1980 COMP
0x000a19c0 COMP
0x000a1a00 COMP
0x000a1a40 COMP
0x000a1a80 COMP
0x000a1ac0 COMP
0x000a1b00 COMP
0x000a1b40 COMP
0x000a1b80 COMP
0x000a1bc0 COMP
0x000a1c00 COMP
0x000a1c40 COMP
0x000a1c80 COMP
0x000a1cc0 COMP
0x000a1d00 COMP
0x000a1d40 COMP
0x000a1d80 COMP
0x000a1dc0 COMP
0x000a1e00 COMP
0x000a1e40 COMP
0x000a1e80 COMP
0x000a1ec0 COMP
0x000a1f00 COMP
0x000a1f40 COMP
0x000a1f80 COMP
0x000a1fc0 COMP
READRES
0x000a2000 G_ACT0
0x080a2000 G_ACT1
0x100a2000 G_ACT2
0x180a2000 G_ACT3
0x200a2000 G_ACT4
0x280a2000 G_ACT5
0x300a2000 G_ACT6
0x380a2000 G_ACT7
0x000a2000 COMP
0x000a2040 COMP
0x000a2080 COMP
0x000a20c0 COMP
0x000a2100 COMP
0x000a2140 COMP
0x000a2180 COMP
0x000a21c0 COMP
0x000a2200 COMP
0x000a2240 COMP
0x000a2280 COMP
0x000a22c0 COMP
0x000a2300 COMP
0x000a2340 COMP
0x000a2380 COMP
0x000a23c0 COMP
0x000a2400 COMP
0x000a2440 COMP
0x000a2480 COMP
0x000a24c0 COMP
0x000a2500 COMP
0x000a2540 COMP
0x000a2580 COMP
0x000a25c0 COMP
0x000a2600 COMP
0x000a2640 COMP
0x000a2680 COMP
0x000a26c0 COMP
0x000a2700 COMP
0x000a2740 COMP
0x000a2780 COMP
0x000a27c0 COMP
READRES
0x000a2800 G_ACT0
0x080a2800 G_ACT1
0x100a2800 G_ACT2
0x180a2800 G_ACT3
0x200a2800 G_ACT4
0x280a2800 G_ACT5
0x300a2800 G_ACT6
0x380a2800 G_ACT7
0x000a2800 COMP
0x000a2840 COMP
0x000a2880 COMP
0x000a28c0 COMP
0x000a2900 COMP
0x000a2940 COMP
0x000a2980 COMP
0x000a29c0 COMP
0x000a2a00 COMP
0x000a2a40 COMP
0x000a2a80 COMP
0x000a2ac0 COMP
0x000a2b00 COMP
0x000a2b40 COMP
0x000a2b80 COMP
0x000a2bc0 COMP
0x000a2c00 COMP
0x000a2c40 COMP
0x000a2c80 COMP
0x000a2cc0 COMP
0x000a2d00 COMP
0x000a2d40 COMP
0x000a2d80 COMP
0x000a2dc0 COMP
0x000a2e00 COMP
0x000a2e40 COMP
0x000a2e80 COMP
0x000a2ec0 COMP
0x000a2f00 COMP
0x000a2f40 COMP
0x000a2f80 COMP
0x000a2fc0 COMP
READRES
0x000a3000 G_ACT0
0x080a3000 G_ACT1
0x100a3000 G_ACT2
0x180a3000 G_ACT3
0x200a3000 G_ACT4
0x280a3000 G_ACT5
0x300a3000 G_ACT6
0x380a3000 G_ACT7
0x000a3000 COMP
0x000a3040 COMP
0x000a3080 COMP
0x000a30c0 COMP
0x000a3100 COMP
0x000a3140 COMP
0x000a3180 COMP
0x000a31c0 COMP
0x000a3200 COMP
0x000a3240 COMP
0x000a3280 COMP
0x000a32c0 COMP
0x000a3300 COMP
0x000a3340 COMP
0x000a3380 COMP
0x000a33c0 COMP
0x000a3400 COMP
0x000a3440 COMP
0x000a3480 COMP
0x000a34c0 COMP
0x000a3500 COMP
0x000a3540 COMP
0x000a3580 COMP
0x000a35c0 COMP
0x000a3600 COMP
0x000a3640 COMP
0x000a3680 COMP
0x000a36c0 COMP
0x000a3700 COMP
0x000a3740 COMP
0x000a3780 COMP
0x000a37c0 COMP
READRES
0x000a3800 G_ACT0
0x080a3800 G_ACT1
0x100a3800 G_ACT2
0x180a3800 G_ACT3
0x200a3800 G_ACT4
0x280a3800 G_ACT5
0x300a3800 G_ACT6
0x380a3800 G_ACT7
0x000a3800 COMP
0x000a3840 COMP
0x000a3880 COMP
0x000a38c0 COMP
0x000a3900 COMP
0x000a3940 COMP
0x000a3980 COMP
0x000a39c0 COMP
0x000a3a00 COMP
0x000a3a40 COMP
0x000a3a80 COMP
0x000a3ac0 COMP
0x000a3b00 COMP
0x000a3b40 COMP
0x000a3b80 COMP
0x000a3bc0 COMP
0x000a3c00 COMP
0x000a3c40 COMP
0x000a3c80 COMP
0x000a3cc0 COMP
0x000a3d00 COMP
0x000a3d40 COMP
0x000a3d80 COMP
0x000a3dc0 COMP
0x000a3e00 COMP
0x000a3e40 COMP
0x000a3e80 COMP
0x000a3ec0 COMP
0x000a3f00 COMP
0x000a3f40 COMP
0x000a3f80 COMP
0x000a3fc0 COMP
READRES
0x000a4000 G_ACT0
0x080a4000 G_ACT1
0x100a4000 G_ACT2
0x180a4000 G_ACT3
0x200a4000 G_ACT4
0x280a4000 G_ACT5
0x300a4000 G_ACT6
0x380a4000 G_ACT7
0x000a4000 COMP
0x000a4040 COMP
0x000a4080 COMP
0x000a40c0 COMP
0x000a4100 COMP
0x000a4140 COMP
0x000a4180 COMP
0x000a41c0 COMP
0x000a4200 COMP
0x000a4240 COMP
0x000a4280 COMP
0x000a42c0 COMP
0x000a4300 COMP
0x000a4340 COMP
0x000a4380 COMP
0x000a43c0 COMP
0x000a4400 COMP
0x000a4440 COMP
0x000a4480 COMP
0x000a44c0 COMP
0x000a4500 COMP
0x000a4540 COMP
0x000a4580 COMP
0x000a45c0 COMP
0x000a4600 COMP
0x000a4640 COMP
0x000a4680 COMP
0x000a46c0 COMP
0x000a4700 COMP
0x000a4740 COMP
0x000a4780 COMP
0x000a47c0 COMP
READRES
0x000a4800 G_ACT0
0x080a4800 G_ACT1
0x100a4800 G_ACT2
0x180a4800 G_ACT3
0x200a4800 G_ACT4
0x280a4800 G_ACT5
0x300a4800 G_ACT6
0x380a4800 G_ACT7
0x000a4800 COMP
0x000a4840 COMP
0x000a4880 COMP
0x000a48c0 COMP
0x000a4900 COMP
0x000a4940 COMP
0x000a4980 COMP
0x000a49c0 COMP
0x000a4a00 COMP
0x000a4a40 COMP
0x000a4a80 COMP
0x000a4ac0 COMP
0x000a4b00 COMP
0x000a4b40 COMP
0x000a4b80 COMP
0x000a4bc0 COMP
0x000a4c00 COMP
0x000a4c40 COMP
0x000a4c80 COMP
0x000a4cc0 COMP
0x000a4d00 COMP
0x000a4d40 COMP
0x000a4d80 COMP
0x000a4dc0 COMP
0x000a4e00 COMP
0x000a4e40 COMP
0x000a4e80 COMP
0x000a4ec0 COMP
0x000a4f00 COMP
0x000a4f40 COMP
0x000a4f80 COMP
0x000a4fc0 COMP
READRES
0x000a5000 G_ACT0
0x080a5000 G_ACT1
0x100a5000 G_ACT2
0x180a5000 G_ACT3
0x200a5000 G_ACT4
0x280a5000 G_ACT5
0x300a5000 G_ACT6
0x380a5000 G_ACT7
0x000a5000 COMP
0x000a5040 COMP
0x000a5080 COMP
0x000a50c0 COMP
0x000a5100 COMP
0x000a5140 COMP
0x000a5180 COMP
0x000a51c0 COMP
0x000a5200 COMP
0x000a5240 COMP
0x000a5280 COMP
0x000a52c0 COMP
0x000a5300 COMP
0x000a5340 COMP
0x000a5380 COMP
0x000a53c0 COMP
0x000a5400 COMP
0x000a5440 COMP
0x000a5480 COMP
0x000a54c0 COMP
0x000a5500 COMP
0x000a5540 COMP
0x000a5580 COMP
0x000a55c0 COMP
0x000a5600 COMP
0x000a5640 COMP
0x000a5680 COMP
0x000a56c0 COMP
0x000a5700 COMP
0x000a5740 COMP
0x000a5780 COMP
0x000a57c0 COMP
READRES
0x000a5800 G_ACT0
0x080a5800 G_ACT1
0x100a5800 G_ACT2
0x180a5800 G_ACT3
0x200a5800 G_ACT4
0x280a5800 G_ACT5
0x300a5800 G_ACT6
0x380a5800 G_ACT7
0x000a5800 COMP
0x000a5840 COMP
0x000a5880 COMP
0x000a58c0 COMP
0x000a5900 COMP
0x000a5940 COMP
0x000a5980 COMP
0x000a59c0 COMP
0x000a5a00 COMP
0x000a5a40 COMP
0x000a5a80 COMP
0x000a5ac0 COMP
0x000a5b00 COMP
0x000a5b40 COMP
0x000a5b80 COMP
0x000a5bc0 COMP
0x000a5c00 COMP
0x000a5c40 COMP
0x000a5c80 COMP
0x000a5cc0 COMP
0x000a5d00 COMP
0x000a5d40 COMP
0x000a5d80 COMP
0x000a5dc0 COMP
0x000a5e00 COMP
0x000a5e40 COMP
0x000a5e80 COMP
0x000a5ec0 COMP
0x000a5f00 COMP
0x000a5f40 COMP
0x000a5f80 COMP
0x000a5fc0 COMP
READRES
0x000a6000 G_ACT0
0x080a6000 G_ACT1
0x100a6000 G_ACT2
0x180a6000 G_ACT3
0x200a6000 G_ACT4
0x280a6000 G_ACT5
0x300a6000 G_ACT6
0x380a6000 G_ACT7
0x000a6000 COMP
0x000a6040 COMP
0x000a6080 COMP
0x000a60c0 COMP
0x000a6100 COMP
0x000a6140 COMP
0x000a6180 COMP
0x000a61c0 COMP
0x000a6200 COMP
0x000a6240 COMP
0x000a6280 COMP
0x000a62c0 COMP
0x000a6300 COMP
0x000a6340 COMP
0x000a6380 COMP
0x000a63c0 COMP
0x000a6400 COMP
0x000a6440 COMP
0x000a6480 COMP
0x000a64c0 COMP
0x000a6500 COMP
0x000a6540 COMP
0x000a6580 COMP
0x000a65c0 COMP
0x000a6600 COMP
0x000a6640 COMP
0x000a6680 COMP
0x000a66c0 COMP
0x000a6700 COMP
0x000a6740 COMP
0x000a6780 COMP
0x000a67c0 COMP
READRES
0x000a6800 G_ACT0
0x080a6800 G_ACT1
0x100a6800 G_ACT2
0x180a6800 G_ACT3
0x200a6800 G_ACT4
0x280a6800 G_ACT5
0x300a6800 G_ACT6
0x380a6800 G_ACT7
0x000a6800 COMP
0x000a6840 COMP
0x000a6880 COMP
0x000a68c0 COMP
0x000a6900 COMP
0x000a6940 COMP
0x000a6980 COMP
0x000a69c0 COMP
0x000a6a00 COMP
0x000a6a40 COMP
0x000a6a80 COMP
0x000a6ac0 COMP
0x000a6b00 COMP
0x000a6b40 COMP
0x000a6b80 COMP
0x000a6bc0 COMP
0x000a6c00 COMP
0x000a6c40 COMP
0x000a6c80 COMP
0x000a6cc0 COMP
0x000a6d00 COMP
0x000a6d40 COMP
0x000a6d80 COMP
0x000a6dc0 COMP
0x000a6e00 COMP
0x000a6e40 COMP
0x000a6e80 COMP
0x000a6ec0 COMP
0x000a6f00 COMP
0x000a6f40 COMP
0x000a6f80 COMP
0x000a6fc0 COMP
READRES
0x000a7000 G_ACT0
0x080a7000 G_ACT1
0x100a7000 G_ACT2
0x180a7000 G_ACT3
0x200a7000 G_ACT4
0x280a7000 G_ACT5
0x300a7000 G_ACT6
0x380a7000 G_ACT7
0x000a7000 COMP
0x000a7040 COMP
0x000a7080 COMP
0x000a70c0 COMP
0x000a7100 COMP
0x000a7140 COMP
0x000a7180 COMP
0x000a71c0 COMP
0x000a7200 COMP
0x000a7240 COMP
0x000a7280 COMP
0x000a72c0 COMP
0x000a7300 COMP
0x000a7340 COMP
0x000a7380 COMP
0x000a73c0 COMP
0x000a7400 COMP
0x000a7440 COMP
0x000a7480 COMP
0x000a74c0 COMP
0x000a7500 COMP
0x000a7540 COMP
0x000a7580 COMP
0x000a75c0 COMP
0x000a7600 COMP
0x000a7640 COMP
0x000a7680 COMP
0x000a76c0 COMP
0x000a7700 COMP
0x000a7740 COMP
0x000a7780 COMP
0x000a77c0 COMP
READRES
0x000a7800 G_ACT0
0x080a7800 G_ACT1
0x100a7800 G_ACT2
0x180a7800 G_ACT3
0x200a7800 G_ACT4
0x280a7800 G_ACT5
0x300a7800 G_ACT6
0x380a7800 G_ACT7
0x000a7800 COMP
0x000a7840 COMP
0x000a7880 COMP
0x000a78c0 COMP
0x000a7900 COMP
0x000a7940 COMP
0x000a7980 COMP
0x000a79c0 COMP
0x000a7a00 COMP
0x000a7a40 COMP
0x000a7a80 COMP
0x000a7ac0 COMP
0x000a7b00 COMP
0x000a7b40 COMP
0x000a7b80 COMP
0x000a7bc0 COMP
0x000a7c00 COMP
0x000a7c40 COMP
0x000a7c80 COMP
0x000a7cc0 COMP
0x000a7d00 COMP
0x000a7d40 COMP
0x000a7d80 COMP
0x000a7dc0 COMP
0x000a7e00 COMP
0x000a7e40 COMP
0x000a7e80 COMP
0x000a7ec0 COMP
0x000a7f00 COMP
0x000a7f40 COMP
0x000a7f80 COMP
0x000a7fc0 COMP
READRES
0x000a8000 G_ACT0
0x080a8000 G_ACT1
0x100a8000 G_ACT2
0x180a8000 G_ACT3
0x200a8000 G_ACT4
0x280a8000 G_ACT5
0x300a8000 G_ACT6
0x380a8000 G_ACT7
0x000a8000 COMP
0x000a8040 COMP
0x000a8080 COMP
0x000a80c0 COMP
0x000a8100 COMP
0x000a8140 COMP
0x000a8180 COMP
0x000a81c0 COMP
0x000a8200 COMP
0x000a8240 COMP
0x000a8280 COMP
0x000a82c0 COMP
0x000a8300 COMP
0x000a8340 COMP
0x000a8380 COMP
0x000a83c0 COMP
0x000a8400 COMP
0x000a8440 COMP
0x000a8480 COMP
0x000a84c0 COMP
0x000a8500 COMP
0x000a8540 COMP
0x000a8580 COMP
0x000a85c0 COMP
0x000a8600 COMP
0x000a8640 COMP
0x000a8680 COMP
0x000a86c0 COMP
0x000a8700 COMP
0x000a8740 COMP
0x000a8780 COMP
0x000a87c0 COMP
READRES
0x000a8800 G_ACT0
0x080a8800 G_ACT1
0x100a8800 G_ACT2
0x180a8800 G_ACT3
0x200a8800 G_ACT4
0x280a8800 G_ACT5
0x300a8800 G_ACT6
0x380a8800 G_ACT7
0x000a8800 COMP
0x000a8840 COMP
0x000a8880 COMP
0x000a88c0 COMP
0x000a8900 COMP
0x000a8940 COMP
0x000a8980 COMP
0x000a89c0 COMP
0x000a8a00 COMP
0x000a8a40 COMP
0x000a8a80 COMP
0x000a8ac0 COMP
0x000a8b00 COMP
0x000a8b40 COMP
0x000a8b80 COMP
0x000a8bc0 COMP
0x000a8c00 COMP
0x000a8c40 COMP
0x000a8c80 COMP
0x000a8cc0 COMP
0x000a8d00 COMP
0x000a8d40 COMP
0x000a8d80 COMP
0x000a8dc0 COMP
0x000a8e00 COMP
0x000a8e40 COMP
0x000a8e80 COMP
0x000a8ec0 COMP
0x000a8f00 COMP
0x000a8f40 COMP
0x000a8f80 COMP
0x000a8fc0 COMP
READRES
0x000a9000 G_ACT0
0x080a9000 G_ACT1
0x100a9000 G_ACT2
0x180a9000 G_ACT3
0x200a9000 G_ACT4
0x280a9000 G_ACT5
0x300a9000 G_ACT6
0x380a9000 G_ACT7
0x000a9000 COMP
0x000a9040 COMP
0x000a9080 COMP
0x000a90c0 COMP
0x000a9100 COMP
0x000a9140 COMP
0x000a9180 COMP
0x000a91c0 COMP
0x000a9200 COMP
0x000a9240 COMP
0x000a9280 COMP
0x000a92c0 COMP
0x000a9300 COMP
0x000a9340 COMP
0x000a9380 COMP
0x000a93c0 COMP
0x000a9400 COMP
0x000a9440 COMP
0x000a9480 COMP
0x000a94c0 COMP
0x000a9500 COMP
0x000a9540 COMP
0x000a9580 COMP
0x000a95c0 COMP
0x000a9600 COMP
0x000a9640 COMP
0x000a9680 COMP
0x000a96c0 COMP
0x000a9700 COMP
0x000a9740 COMP
0x000a9780 COMP
0x000a97c0 COMP
READRES
0x000a9800 G_ACT0
0x080a9800 G_ACT1
0x100a9800 G_ACT2
0x180a9800 G_ACT3
0x200a9800 G_ACT4
0x280a9800 G_ACT5
0x300a9800 G_ACT6
0x380a9800 G_ACT7
0x000a9800 COMP
0x000a9840 COMP
0x000a9880 COMP
0x000a98c0 COMP
0x000a9900 COMP
0x000a9940 COMP
0x000a9980 COMP
0x000a99c0 COMP
0x000a9a00 COMP
0x000a9a40 COMP
0x000a9a80 COMP
0x000a9ac0 COMP
0x000a9b00 COMP
0x000a9b40 COMP
0x000a9b80 COMP
0x000a9bc0 COMP
0x000a9c00 COMP
0x000a9c40 COMP
0x000a9c80 COMP
0x000a9cc0 COMP
0x000a9d00 COMP
0x000a9d40 COMP
0x000a9d80 COMP
0x000a9dc0 COMP
0x000a9e00 COMP
0x000a9e40 COMP
0x000a9e80 COMP
0x000a9ec0 COMP
0x000a9f00 COMP
0x000a9f40 COMP
0x000a9f80 COMP
0x000a9fc0 COMP
READRES
0x000aa000 G_ACT0
0x080aa000 G_ACT1
0x100aa000 G_ACT2
0x180aa000 G_ACT3
0x200aa000 G_ACT4
0x280aa000 G_ACT5
0x300aa000 G_ACT6
0x380aa000 G_ACT7
0x000aa000 COMP
0x000aa040 COMP
0x000aa080 COMP
0x000aa0c0 COMP
0x000aa100 COMP
0x000aa140 COMP
0x000aa180 COMP
0x000aa1c0 COMP
0x000aa200 COMP
0x000aa240 COMP
0x000aa280 COMP
0x000aa2c0 COMP
0x000aa300 COMP
0x000aa340 COMP
0x000aa380 COMP
0x000aa3c0 COMP
0x000aa400 COMP
0x000aa440 COMP
0x000aa480 COMP
0x000aa4c0 COMP
0x000aa500 COMP
0x000aa540 COMP
0x000aa580 COMP
0x000aa5c0 COMP
0x000aa600 COMP
0x000aa640 COMP
0x000aa680 COMP
0x000aa6c0 COMP
0x000aa700 COMP
0x000aa740 COMP
0x000aa780 COMP
0x000aa7c0 COMP
READRES
0x000aa800 G_ACT0
0x080aa800 G_ACT1
0x100aa800 G_ACT2
0x180aa800 G_ACT3
0x200aa800 G_ACT4
0x280aa800 G_ACT5
0x300aa800 G_ACT6
0x380aa800 G_ACT7
0x000aa800 COMP
0x000aa840 COMP
0x000aa880 COMP
0x000aa8c0 COMP
0x000aa900 COMP
0x000aa940 COMP
0x000aa980 COMP
0x000aa9c0 COMP
0x000aaa00 COMP
0x000aaa40 COMP
0x000aaa80 COMP
0x000aaac0 COMP
0x000aab00 COMP
0x000aab40 COMP
0x000aab80 COMP
0x000aabc0 COMP
0x000aac00 COMP
0x000aac40 COMP
0x000aac80 COMP
0x000aacc0 COMP
0x000aad00 COMP
0x000aad40 COMP
0x000aad80 COMP
0x000aadc0 COMP
0x000aae00 COMP
0x000aae40 COMP
0x000aae80 COMP
0x000aaec0 COMP
0x000aaf00 COMP
0x000aaf40 COMP
0x000aaf80 COMP
0x000aafc0 COMP
READRES
0x000ab000 G_ACT0
0x080ab000 G_ACT1
0x100ab000 G_ACT2
0x180ab000 G_ACT3
0x200ab000 G_ACT4
0x280ab000 G_ACT5
0x300ab000 G_ACT6
0x380ab000 G_ACT7
0x000ab000 COMP
0x000ab040 COMP
0x000ab080 COMP
0x000ab0c0 COMP
0x000ab100 COMP
0x000ab140 COMP
0x000ab180 COMP
0x000ab1c0 COMP
0x000ab200 COMP
0x000ab240 COMP
0x000ab280 COMP
0x000ab2c0 COMP
0x000ab300 COMP
0x000ab340 COMP
0x000ab380 COMP
0x000ab3c0 COMP
0x000ab400 COMP
0x000ab440 COMP
0x000ab480 COMP
0x000ab4c0 COMP
0x000ab500 COMP
0x000ab540 COMP
0x000ab580 COMP
0x000ab5c0 COMP
0x000ab600 COMP
0x000ab640 COMP
0x000ab680 COMP
0x000ab6c0 COMP
0x000ab700 COMP
0x000ab740 COMP
0x000ab780 COMP
0x000ab7c0 COMP
READRES
0x000ab800 G_ACT0
0x080ab800 G_ACT1
0x100ab800 G_ACT2
0x180ab800 G_ACT3
0x200ab800 G_ACT4
0x280ab800 G_ACT5
0x300ab800 G_ACT6
0x380ab800 G_ACT7
0x000ab800 COMP
0x000ab840 COMP
0x000ab880 COMP
0x000ab8c0 COMP
0x000ab900 COMP
0x000ab940 COMP
0x000ab980 COMP
0x000ab9c0 COMP
0x000aba00 COMP
0x000aba40 COMP
0x000aba80 COMP
0x000abac0 COMP
0x000abb00 COMP
0x000abb40 COMP
0x000abb80 COMP
0x000abbc0 COMP
0x000abc00 COMP
0x000abc40 COMP
0x000abc80 COMP
0x000abcc0 COMP
0x000abd00 COMP
0x000abd40 COMP
0x000abd80 COMP
0x000abdc0 COMP
0x000abe00 COMP
0x000abe40 COMP
0x000abe80 COMP
0x000abec0 COMP
0x000abf00 COMP
0x000abf40 COMP
0x000abf80 COMP
0x000abfc0 COMP
READRES
0x000ac000 G_ACT0
0x080ac000 G_ACT1
0x100ac000 G_ACT2
0x180ac000 G_ACT3
0x200ac000 G_ACT4
0x280ac000 G_ACT5
0x300ac000 G_ACT6
0x380ac000 G_ACT7
0x000ac000 COMP
0x000ac040 COMP
0x000ac080 COMP
0x000ac0c0 COMP
0x000ac100 COMP
0x000ac140 COMP
0x000ac180 COMP
0x000ac1c0 COMP
0x000ac200 COMP
0x000ac240 COMP
0x000ac280 COMP
0x000ac2c0 COMP
0x000ac300 COMP
0x000ac340 COMP
0x000ac380 COMP
0x000ac3c0 COMP
0x000ac400 COMP
0x000ac440 COMP
0x000ac480 COMP
0x000ac4c0 COMP
0x000ac500 COMP
0x000ac540 COMP
0x000ac580 COMP
0x000ac5c0 COMP
0x000ac600 COMP
0x000ac640 COMP
0x000ac680 COMP
0x000ac6c0 COMP
0x000ac700 COMP
0x000ac740 COMP
0x000ac780 COMP
0x000ac7c0 COMP
READRES
0x000ac800 G_ACT0
0x080ac800 G_ACT1
0x100ac800 G_ACT2
0x180ac800 G_ACT3
0x200ac800 G_ACT4
0x280ac800 G_ACT5
0x300ac800 G_ACT6
0x380ac800 G_ACT7
0x000ac800 COMP
0x000ac840 COMP
0x000ac880 COMP
0x000ac8c0 COMP
0x000ac900 COMP
0x000ac940 COMP
0x000ac980 COMP
0x000ac9c0 COMP
0x000aca00 COMP
0x000aca40 COMP
0x000aca80 COMP
0x000acac0 COMP
0x000acb00 COMP
0x000acb40 COMP
0x000acb80 COMP
0x000acbc0 COMP
0x000acc00 COMP
0x000acc40 COMP
0x000acc80 COMP
0x000accc0 COMP
0x000acd00 COMP
0x000acd40 COMP
0x000acd80 COMP
0x000acdc0 COMP
0x000ace00 COMP
0x000ace40 COMP
0x000ace80 COMP
0x000acec0 COMP
0x000acf00 COMP
0x000acf40 COMP
0x000acf80 COMP
0x000acfc0 COMP
READRES
0x000ad000 G_ACT0
0x080ad000 G_ACT1
0x100ad000 G_ACT2
0x180ad000 G_ACT3
0x200ad000 G_ACT4
0x280ad000 G_ACT5
0x300ad000 G_ACT6
0x380ad000 G_ACT7
0x000ad000 COMP
0x000ad040 COMP
0x000ad080 COMP
0x000ad0c0 COMP
0x000ad100 COMP
0x000ad140 COMP
0x000ad180 COMP
0x000ad1c0 COMP
0x000ad200 COMP
0x000ad240 COMP
0x000ad280 COMP
0x000ad2c0 COMP
0x000ad300 COMP
0x000ad340 COMP
0x000ad380 COMP
0x000ad3c0 COMP
0x000ad400 COMP
0x000ad440 COMP
0x000ad480 COMP
0x000ad4c0 COMP
0x000ad500 COMP
0x000ad540 COMP
0x000ad580 COMP
0x000ad5c0 COMP
0x000ad600 COMP
0x000ad640 COMP
0x000ad680 COMP
0x000ad6c0 COMP
0x000ad700 COMP
0x000ad740 COMP
0x000ad780 COMP
0x000ad7c0 COMP
READRES
0x000ad800 G_ACT0
0x080ad800 G_ACT1
0x100ad800 G_ACT2
0x180ad800 G_ACT3
0x200ad800 G_ACT4
0x280ad800 G_ACT5
0x300ad800 G_ACT6
0x380ad800 G_ACT7
0x000ad800 COMP
0x000ad840 COMP
0x000ad880 COMP
0x000ad8c0 COMP
0x000ad900 COMP
0x000ad940 COMP
0x000ad980 COMP
0x000ad9c0 COMP
0x000ada00 COMP
0x000ada40 COMP
0x000ada80 COMP
0x000adac0 COMP
0x000adb00 COMP
0x000adb40 COMP
0x000adb80 COMP
0x000adbc0 COMP
0x000adc00 COMP
0x000adc40 COMP
0x000adc80 COMP
0x000adcc0 COMP
0x000add00 COMP
0x000add40 COMP
0x000add80 COMP
0x000addc0 COMP
0x000ade00 COMP
0x000ade40 COMP
0x000ade80 COMP
0x000adec0 COMP
0x000adf00 COMP
0x000adf40 COMP
0x000adf80 COMP
0x000adfc0 COMP
READRES
0x000ae000 G_ACT0
0x080ae000 G_ACT1
0x100ae000 G_ACT2
0x180ae000 G_ACT3
0x200ae000 G_ACT4
0x280ae000 G_ACT5
0x300ae000 G_ACT6
0x380ae000 G_ACT7
0x000ae000 COMP
0x000ae040 COMP
0x000ae080 COMP
0x000ae0c0 COMP
0x000ae100 COMP
0x000ae140 COMP
0x000ae180 COMP
0x000ae1c0 COMP
0x000ae200 COMP
0x000ae240 COMP
0x000ae280 COMP
0x000ae2c0 COMP
0x000ae300 COMP
0x000ae340 COMP
0x000ae380 COMP
0x000ae3c0 COMP
0x000ae400 COMP
0x000ae440 COMP
0x000ae480 COMP
0x000ae4c0 COMP
0x000ae500 COMP
0x000ae540 COMP
0x000ae580 COMP
0x000ae5c0 COMP
0x000ae600 COMP
0x000ae640 COMP
0x000ae680 COMP
0x000ae6c0 COMP
0x000ae700 COMP
0x000ae740 COMP
0x000ae780 COMP
0x000ae7c0 COMP
READRES
0x000ae800 G_ACT0
0x080ae800 G_ACT1
0x100ae800 G_ACT2
0x180ae800 G_ACT3
0x200ae800 G_ACT4
0x280ae800 G_ACT5
0x300ae800 G_ACT6
0x380ae800 G_ACT7
0x000ae800 COMP
0x000ae840 COMP
0x000ae880 COMP
0x000ae8c0 COMP
0x000ae900 COMP
0x000ae940 COMP
0x000ae980 COMP
0x000ae9c0 COMP
0x000aea00 COMP
0x000aea40 COMP
0x000aea80 COMP
0x000aeac0 COMP
0x000aeb00 COMP
0x000aeb40 COMP
0x000aeb80 COMP
0x000aebc0 COMP
0x000aec00 COMP
0x000aec40 COMP
0x000aec80 COMP
0x000aecc0 COMP
0x000aed00 COMP
0x000aed40 COMP
0x000aed80 COMP
0x000aedc0 COMP
0x000aee00 COMP
0x000aee40 COMP
0x000aee80 COMP
0x000aeec0 COMP
0x000aef00 COMP
0x000aef40 COMP
0x000aef80 COMP
0x000aefc0 COMP
READRES
0x000af000 G_ACT0
0x080af000 G_ACT1
0x100af000 G_ACT2
0x180af000 G_ACT3
0x200af000 G_ACT4
0x280af000 G_ACT5
0x300af000 G_ACT6
0x380af000 G_ACT7
0x000af000 COMP
0x000af040 COMP
0x000af080 COMP
0x000af0c0 COMP
0x000af100 COMP
0x000af140 COMP
0x000af180 COMP
0x000af1c0 COMP
0x000af200 COMP
0x000af240 COMP
0x000af280 COMP
0x000af2c0 COMP
0x000af300 COMP
0x000af340 COMP
0x000af380 COMP
0x000af3c0 COMP
0x000af400 COMP
0x000af440 COMP
0x000af480 COMP
0x000af4c0 COMP
0x000af500 COMP
0x000af540 COMP
0x000af580 COMP
0x000af5c0 COMP
0x000af600 COMP
0x000af640 COMP
0x000af680 COMP
0x000af6c0 COMP
0x000af700 COMP
0x000af740 COMP
0x000af780 COMP
0x000af7c0 COMP
READRES
0x000af800 G_ACT0
0x080af800 G_ACT1
0x100af800 G_ACT2
0x180af800 G_ACT3
0x200af800 G_ACT4
0x280af800 G_ACT5
0x300af800 G_ACT6
0x380af800 G_ACT7
0x000af800 COMP
0x000af840 COMP
0x000af880 COMP
0x000af8c0 COMP
0x000af900 COMP
0x000af940 COMP
0x000af980 COMP
0x000af9c0 COMP
0x000afa00 COMP
0x000afa40 COMP
0x000afa80 COMP
0x000afac0 COMP
0x000afb00 COMP
0x000afb40 COMP
0x000afb80 COMP
0x000afbc0 COMP
0x000afc00 COMP
0x000afc40 COMP
0x000afc80 COMP
0x000afcc0 COMP
0x000afd00 COMP
0x000afd40 COMP
0x000afd80 COMP
0x000afdc0 COMP
0x000afe00 COMP
0x000afe40 COMP
0x000afe80 COMP
0x000afec0 COMP
0x000aff00 COMP
0x000aff40 COMP
0x000aff80 COMP
0x000affc0 COMP
READRES
0x000b0000 G_ACT0
0x080b0000 G_ACT1
0x100b0000 G_ACT2
0x180b0000 G_ACT3
0x200b0000 G_ACT4
0x280b0000 G_ACT5
0x300b0000 G_ACT6
0x380b0000 G_ACT7
0x000b0000 COMP
0x000b0040 COMP
0x000b0080 COMP
0x000b00c0 COMP
0x000b0100 COMP
0x000b0140 COMP
0x000b0180 COMP
0x000b01c0 COMP
0x000b0200 COMP
0x000b0240 COMP
0x000b0280 COMP
0x000b02c0 COMP
0x000b0300 COMP
0x000b0340 COMP
0x000b0380 COMP
0x000b03c0 COMP
0x000b0400 COMP
0x000b0440 COMP
0x000b0480 COMP
0x000b04c0 COMP
0x000b0500 COMP
0x000b0540 COMP
0x000b0580 COMP
0x000b05c0 COMP
0x000b0600 COMP
0x000b0640 COMP
0x000b0680 COMP
0x000b06c0 COMP
0x000b0700 COMP
0x000b0740 COMP
0x000b0780 COMP
0x000b07c0 COMP
READRES
0x000b0800 G_ACT0
0x080b0800 G_ACT1
0x100b0800 G_ACT2
0x180b0800 G_ACT3
0x200b0800 G_ACT4
0x280b0800 G_ACT5
0x300b0800 G_ACT6
0x380b0800 G_ACT7
0x000b0800 COMP
0x000b0840 COMP
0x000b0880 COMP
0x000b08c0 COMP
0x000b0900 COMP
0x000b0940 COMP
0x000b0980 COMP
0x000b09c0 COMP
0x000b0a00 COMP
0x000b0a40 COMP
0x000b0a80 COMP
0x000b0ac0 COMP
0x000b0b00 COMP
0x000b0b40 COMP
0x000b0b80 COMP
0x000b0bc0 COMP
0x000b0c00 COMP
0x000b0c40 COMP
0x000b0c80 COMP
0x000b0cc0 COMP
0x000b0d00 COMP
0x000b0d40 COMP
0x000b0d80 COMP
0x000b0dc0 COMP
0x000b0e00 COMP
0x000b0e40 COMP
0x000b0e80 COMP
0x000b0ec0 COMP
0x000b0f00 COMP
0x000b0f40 COMP
0x000b0f80 COMP
0x000b0fc0 COMP
READRES
0x000b1000 G_ACT0
0x080b1000 G_ACT1
0x100b1000 G_ACT2
0x180b1000 G_ACT3
0x200b1000 G_ACT4
0x280b1000 G_ACT5
0x300b1000 G_ACT6
0x380b1000 G_ACT7
0x000b1000 COMP
0x000b1040 COMP
0x000b1080 COMP
0x000b10c0 COMP
0x000b1100 COMP
0x000b1140 COMP
0x000b1180 COMP
0x000b11c0 COMP
0x000b1200 COMP
0x000b1240 COMP
0x000b1280 COMP
0x000b12c0 COMP
0x000b1300 COMP
0x000b1340 COMP
0x000b1380 COMP
0x000b13c0 COMP
0x000b1400 COMP
0x000b1440 COMP
0x000b1480 COMP
0x000b14c0 COMP
0x000b1500 COMP
0x000b1540 COMP
0x000b1580 COMP
0x000b15c0 COMP
0x000b1600 COMP
0x000b1640 COMP
0x000b1680 COMP
0x000b16c0 COMP
0x000b1700 COMP
0x000b1740 COMP
0x000b1780 COMP
0x000b17c0 COMP
READRES
0x000b1800 G_ACT0
0x080b1800 G_ACT1
0x100b1800 G_ACT2
0x180b1800 G_ACT3
0x200b1800 G_ACT4
0x280b1800 G_ACT5
0x300b1800 G_ACT6
0x380b1800 G_ACT7
0x000b1800 COMP
0x000b1840 COMP
0x000b1880 COMP
0x000b18c0 COMP
0x000b1900 COMP
0x000b1940 COMP
0x000b1980 COMP
0x000b19c0 COMP
0x000b1a00 COMP
0x000b1a40 COMP
0x000b1a80 COMP
0x000b1ac0 COMP
0x000b1b00 COMP
0x000b1b40 COMP
0x000b1b80 COMP
0x000b1bc0 COMP
0x000b1c00 COMP
0x000b1c40 COMP
0x000b1c80 COMP
0x000b1cc0 COMP
0x000b1d00 COMP
0x000b1d40 COMP
0x000b1d80 COMP
0x000b1dc0 COMP
0x000b1e00 COMP
0x000b1e40 COMP
0x000b1e80 COMP
0x000b1ec0 COMP
0x000b1f00 COMP
0x000b1f40 COMP
0x000b1f80 COMP
0x000b1fc0 COMP
READRES
0x000b2000 G_ACT0
0x080b2000 G_ACT1
0x100b2000 G_ACT2
0x180b2000 G_ACT3
0x200b2000 G_ACT4
0x280b2000 G_ACT5
0x300b2000 G_ACT6
0x380b2000 G_ACT7
0x000b2000 COMP
0x000b2040 COMP
0x000b2080 COMP
0x000b20c0 COMP
0x000b2100 COMP
0x000b2140 COMP
0x000b2180 COMP
0x000b21c0 COMP
0x000b2200 COMP
0x000b2240 COMP
0x000b2280 COMP
0x000b22c0 COMP
0x000b2300 COMP
0x000b2340 COMP
0x000b2380 COMP
0x000b23c0 COMP
0x000b2400 COMP
0x000b2440 COMP
0x000b2480 COMP
0x000b24c0 COMP
0x000b2500 COMP
0x000b2540 COMP
0x000b2580 COMP
0x000b25c0 COMP
0x000b2600 COMP
0x000b2640 COMP
0x000b2680 COMP
0x000b26c0 COMP
0x000b2700 COMP
0x000b2740 COMP
0x000b2780 COMP
0x000b27c0 COMP
READRES
0x000b2800 G_ACT0
0x080b2800 G_ACT1
0x100b2800 G_ACT2
0x180b2800 G_ACT3
0x200b2800 G_ACT4
0x280b2800 G_ACT5
0x300b2800 G_ACT6
0x380b2800 G_ACT7
0x000b2800 COMP
0x000b2840 COMP
0x000b2880 COMP
0x000b28c0 COMP
0x000b2900 COMP
0x000b2940 COMP
0x000b2980 COMP
0x000b29c0 COMP
0x000b2a00 COMP
0x000b2a40 COMP
0x000b2a80 COMP
0x000b2ac0 COMP
0x000b2b00 COMP
0x000b2b40 COMP
0x000b2b80 COMP
0x000b2bc0 COMP
0x000b2c00 COMP
0x000b2c40 COMP
0x000b2c80 COMP
0x000b2cc0 COMP
0x000b2d00 COMP
0x000b2d40 COMP
0x000b2d80 COMP
0x000b2dc0 COMP
0x000b2e00 COMP
0x000b2e40 COMP
0x000b2e80 COMP
0x000b2ec0 COMP
0x000b2f00 COMP
0x000b2f40 COMP
0x000b2f80 COMP
0x000b2fc0 COMP
READRES
0x000b3000 G_ACT0
0x080b3000 G_ACT1
0x100b3000 G_ACT2
0x180b3000 G_ACT3
0x200b3000 G_ACT4
0x280b3000 G_ACT5
0x300b3000 G_ACT6
0x380b3000 G_ACT7
0x000b3000 COMP
0x000b3040 COMP
0x000b3080 COMP
0x000b30c0 COMP
0x000b3100 COMP
0x000b3140 COMP
0x000b3180 COMP
0x000b31c0 COMP
0x000b3200 COMP
0x000b3240 COMP
0x000b3280 COMP
0x000b32c0 COMP
0x000b3300 COMP
0x000b3340 COMP
0x000b3380 COMP
0x000b33c0 COMP
0x000b3400 COMP
0x000b3440 COMP
0x000b3480 COMP
0x000b34c0 COMP
0x000b3500 COMP
0x000b3540 COMP
0x000b3580 COMP
0x000b35c0 COMP
0x000b3600 COMP
0x000b3640 COMP
0x000b3680 COMP
0x000b36c0 COMP
0x000b3700 COMP
0x000b3740 COMP
0x000b3780 COMP
0x000b37c0 COMP
READRES
0x000b3800 G_ACT0
0x080b3800 G_ACT1
0x100b3800 G_ACT2
0x180b3800 G_ACT3
0x200b3800 G_ACT4
0x280b3800 G_ACT5
0x300b3800 G_ACT6
0x380b3800 G_ACT7
0x000b3800 COMP
0x000b3840 COMP
0x000b3880 COMP
0x000b38c0 COMP
0x000b3900 COMP
0x000b3940 COMP
0x000b3980 COMP
0x000b39c0 COMP
0x000b3a00 COMP
0x000b3a40 COMP
0x000b3a80 COMP
0x000b3ac0 COMP
0x000b3b00 COMP
0x000b3b40 COMP
0x000b3b80 COMP
0x000b3bc0 COMP
0x000b3c00 COMP
0x000b3c40 COMP
0x000b3c80 COMP
0x000b3cc0 COMP
0x000b3d00 COMP
0x000b3d40 COMP
0x000b3d80 COMP
0x000b3dc0 COMP
0x000b3e00 COMP
0x000b3e40 COMP
0x000b3e80 COMP
0x000b3ec0 COMP
0x000b3f00 COMP
0x000b3f40 COMP
0x000b3f80 COMP
0x000b3fc0 COMP
READRES
0x000b4000 G_ACT0
0x080b4000 G_ACT1
0x100b4000 G_ACT2
0x180b4000 G_ACT3
0x200b4000 G_ACT4
0x280b4000 G_ACT5
0x300b4000 G_ACT6
0x380b4000 G_ACT7
0x000b4000 COMP
0x000b4040 COMP
0x000b4080 COMP
0x000b40c0 COMP
0x000b4100 COMP
0x000b4140 COMP
0x000b4180 COMP
0x000b41c0 COMP
0x000b4200 COMP
0x000b4240 COMP
0x000b4280 COMP
0x000b42c0 COMP
0x000b4300 COMP
0x000b4340 COMP
0x000b4380 COMP
0x000b43c0 COMP
0x000b4400 COMP
0x000b4440 COMP
0x000b4480 COMP
0x000b44c0 COMP
0x000b4500 COMP
0x000b4540 COMP
0x000b4580 COMP
0x000b45c0 COMP
0x000b4600 COMP
0x000b4640 COMP
0x000b4680 COMP
0x000b46c0 COMP
0x000b4700 COMP
0x000b4740 COMP
0x000b4780 COMP
0x000b47c0 COMP
READRES
0x000b4800 G_ACT0
0x080b4800 G_ACT1
0x100b4800 G_ACT2
0x180b4800 G_ACT3
0x200b4800 G_ACT4
0x280b4800 G_ACT5
0x300b4800 G_ACT6
0x380b4800 G_ACT7
0x000b4800 COMP
0x000b4840 COMP
0x000b4880 COMP
0x000b48c0 COMP
0x000b4900 COMP
0x000b4940 COMP
0x000b4980 COMP
0x000b49c0 COMP
0x000b4a00 COMP
0x000b4a40 COMP
0x000b4a80 COMP
0x000b4ac0 COMP
0x000b4b00 COMP
0x000b4b40 COMP
0x000b4b80 COMP
0x000b4bc0 COMP
0x000b4c00 COMP
0x000b4c40 COMP
0x000b4c80 COMP
0x000b4cc0 COMP
0x000b4d00 COMP
0x000b4d40 COMP
0x000b4d80 COMP
0x000b4dc0 COMP
0x000b4e00 COMP
0x000b4e40 COMP
0x000b4e80 COMP
0x000b4ec0 COMP
0x000b4f00 COMP
0x000b4f40 COMP
0x000b4f80 COMP
0x000b4fc0 COMP
READRES
0x000b5000 G_ACT0
0x080b5000 G_ACT1
0x100b5000 G_ACT2
0x180b5000 G_ACT3
0x200b5000 G_ACT4
0x280b5000 G_ACT5
0x300b5000 G_ACT6
0x380b5000 G_ACT7
0x000b5000 COMP
0x000b5040 COMP
0x000b5080 COMP
0x000b50c0 COMP
0x000b5100 COMP
0x000b5140 COMP
0x000b5180 COMP
0x000b51c0 COMP
0x000b5200 COMP
0x000b5240 COMP
0x000b5280 COMP
0x000b52c0 COMP
0x000b5300 COMP
0x000b5340 COMP
0x000b5380 COMP
0x000b53c0 COMP
0x000b5400 COMP
0x000b5440 COMP
0x000b5480 COMP
0x000b54c0 COMP
0x000b5500 COMP
0x000b5540 COMP
0x000b5580 COMP
0x000b55c0 COMP
0x000b5600 COMP
0x000b5640 COMP
0x000b5680 COMP
0x000b56c0 COMP
0x000b5700 COMP
0x000b5740 COMP
0x000b5780 COMP
0x000b57c0 COMP
READRES
0x000b5800 G_ACT0
0x080b5800 G_ACT1
0x100b5800 G_ACT2
0x180b5800 G_ACT3
0x200b5800 G_ACT4
0x280b5800 G_ACT5
0x300b5800 G_ACT6
0x380b5800 G_ACT7
0x000b5800 COMP
0x000b5840 COMP
0x000b5880 COMP
0x000b58c0 COMP
0x000b5900 COMP
0x000b5940 COMP
0x000b5980 COMP
0x000b59c0 COMP
0x000b5a00 COMP
0x000b5a40 COMP
0x000b5a80 COMP
0x000b5ac0 COMP
0x000b5b00 COMP
0x000b5b40 COMP
0x000b5b80 COMP
0x000b5bc0 COMP
0x000b5c00 COMP
0x000b5c40 COMP
0x000b5c80 COMP
0x000b5cc0 COMP
0x000b5d00 COMP
0x000b5d40 COMP
0x000b5d80 COMP
0x000b5dc0 COMP
0x000b5e00 COMP
0x000b5e40 COMP
0x000b5e80 COMP
0x000b5ec0 COMP
0x000b5f00 COMP
0x000b5f40 COMP
0x000b5f80 COMP
0x000b5fc0 COMP
READRES
0x000b6000 G_ACT0
0x080b6000 G_ACT1
0x100b6000 G_ACT2
0x180b6000 G_ACT3
0x200b6000 G_ACT4
0x280b6000 G_ACT5
0x300b6000 G_ACT6
0x380b6000 G_ACT7
0x000b6000 COMP
0x000b6040 COMP
0x000b6080 COMP
0x000b60c0 COMP
0x000b6100 COMP
0x000b6140 COMP
0x000b6180 COMP
0x000b61c0 COMP
0x000b6200 COMP
0x000b6240 COMP
0x000b6280 COMP
0x000b62c0 COMP
0x000b6300 COMP
0x000b6340 COMP
0x000b6380 COMP
0x000b63c0 COMP
0x000b6400 COMP
0x000b6440 COMP
0x000b6480 COMP
0x000b64c0 COMP
0x000b6500 COMP
0x000b6540 COMP
0x000b6580 COMP
0x000b65c0 COMP
0x000b6600 COMP
0x000b6640 COMP
0x000b6680 COMP
0x000b66c0 COMP
0x000b6700 COMP
0x000b6740 COMP
0x000b6780 COMP
0x000b67c0 COMP
READRES
0x000b6800 G_ACT0
0x080b6800 G_ACT1
0x100b6800 G_ACT2
0x180b6800 G_ACT3
0x200b6800 G_ACT4
0x280b6800 G_ACT5
0x300b6800 G_ACT6
0x380b6800 G_ACT7
0x000b6800 COMP
0x000b6840 COMP
0x000b6880 COMP
0x000b68c0 COMP
0x000b6900 COMP
0x000b6940 COMP
0x000b6980 COMP
0x000b69c0 COMP
0x000b6a00 COMP
0x000b6a40 COMP
0x000b6a80 COMP
0x000b6ac0 COMP
0x000b6b00 COMP
0x000b6b40 COMP
0x000b6b80 COMP
0x000b6bc0 COMP
0x000b6c00 COMP
0x000b6c40 COMP
0x000b6c80 COMP
0x000b6cc0 COMP
0x000b6d00 COMP
0x000b6d40 COMP
0x000b6d80 COMP
0x000b6dc0 COMP
0x000b6e00 COMP
0x000b6e40 COMP
0x000b6e80 COMP
0x000b6ec0 COMP
0x000b6f00 COMP
0x000b6f40 COMP
0x000b6f80 COMP
0x000b6fc0 COMP
READRES
0x000b7000 G_ACT0
0x080b7000 G_ACT1
0x100b7000 G_ACT2
0x180b7000 G_ACT3
0x200b7000 G_ACT4
0x280b7000 G_ACT5
0x300b7000 G_ACT6
0x380b7000 G_ACT7
0x000b7000 COMP
0x000b7040 COMP
0x000b7080 COMP
0x000b70c0 COMP
0x000b7100 COMP
0x000b7140 COMP
0x000b7180 COMP
0x000b71c0 COMP
0x000b7200 COMP
0x000b7240 COMP
0x000b7280 COMP
0x000b72c0 COMP
0x000b7300 COMP
0x000b7340 COMP
0x000b7380 COMP
0x000b73c0 COMP
0x000b7400 COMP
0x000b7440 COMP
0x000b7480 COMP
0x000b74c0 COMP
0x000b7500 COMP
0x000b7540 COMP
0x000b7580 COMP
0x000b75c0 COMP
0x000b7600 COMP
0x000b7640 COMP
0x000b7680 COMP
0x000b76c0 COMP
0x000b7700 COMP
0x000b7740 COMP
0x000b7780 COMP
0x000b77c0 COMP
READRES
0x000b7800 G_ACT0
0x080b7800 G_ACT1
0x100b7800 G_ACT2
0x180b7800 G_ACT3
0x200b7800 G_ACT4
0x280b7800 G_ACT5
0x300b7800 G_ACT6
0x380b7800 G_ACT7
0x000b7800 COMP
0x000b7840 COMP
0x000b7880 COMP
0x000b78c0 COMP
0x000b7900 COMP
0x000b7940 COMP
0x000b7980 COMP
0x000b79c0 COMP
0x000b7a00 COMP
0x000b7a40 COMP
0x000b7a80 COMP
0x000b7ac0 COMP
0x000b7b00 COMP
0x000b7b40 COMP
0x000b7b80 COMP
0x000b7bc0 COMP
0x000b7c00 COMP
0x000b7c40 COMP
0x000b7c80 COMP
0x000b7cc0 COMP
0x000b7d00 COMP
0x000b7d40 COMP
0x000b7d80 COMP
0x000b7dc0 COMP
0x000b7e00 COMP
0x000b7e40 COMP
0x000b7e80 COMP
0x000b7ec0 COMP
0x000b7f00 COMP
0x000b7f40 COMP
0x000b7f80 COMP
0x000b7fc0 COMP
READRES
0x000b8000 G_ACT0
0x080b8000 G_ACT1
0x100b8000 G_ACT2
0x180b8000 G_ACT3
0x200b8000 G_ACT4
0x280b8000 G_ACT5
0x300b8000 G_ACT6
0x380b8000 G_ACT7
0x000b8000 COMP
0x000b8040 COMP
0x000b8080 COMP
0x000b80c0 COMP
0x000b8100 COMP
0x000b8140 COMP
0x000b8180 COMP
0x000b81c0 COMP
0x000b8200 COMP
0x000b8240 COMP
0x000b8280 COMP
0x000b82c0 COMP
0x000b8300 COMP
0x000b8340 COMP
0x000b8380 COMP
0x000b83c0 COMP
0x000b8400 COMP
0x000b8440 COMP
0x000b8480 COMP
0x000b84c0 COMP
0x000b8500 COMP
0x000b8540 COMP
0x000b8580 COMP
0x000b85c0 COMP
0x000b8600 COMP
0x000b8640 COMP
0x000b8680 COMP
0x000b86c0 COMP
0x000b8700 COMP
0x000b8740 COMP
0x000b8780 COMP
0x000b87c0 COMP
READRES
0x000b8800 G_ACT0
0x080b8800 G_ACT1
0x100b8800 G_ACT2
0x180b8800 G_ACT3
0x200b8800 G_ACT4
0x280b8800 G_ACT5
0x300b8800 G_ACT6
0x380b8800 G_ACT7
0x000b8800 COMP
0x000b8840 COMP
0x000b8880 COMP
0x000b88c0 COMP
0x000b8900 COMP
0x000b8940 COMP
0x000b8980 COMP
0x000b89c0 COMP
0x000b8a00 COMP
0x000b8a40 COMP
0x000b8a80 COMP
0x000b8ac0 COMP
0x000b8b00 COMP
0x000b8b40 COMP
0x000b8b80 COMP
0x000b8bc0 COMP
0x000b8c00 COMP
0x000b8c40 COMP
0x000b8c80 COMP
0x000b8cc0 COMP
0x000b8d00 COMP
0x000b8d40 COMP
0x000b8d80 COMP
0x000b8dc0 COMP
0x000b8e00 COMP
0x000b8e40 COMP
0x000b8e80 COMP
0x000b8ec0 COMP
0x000b8f00 COMP
0x000b8f40 COMP
0x000b8f80 COMP
0x000b8fc0 COMP
READRES
0x000b9000 G_ACT0
0x080b9000 G_ACT1
0x100b9000 G_ACT2
0x180b9000 G_ACT3
0x200b9000 G_ACT4
0x280b9000 G_ACT5
0x300b9000 G_ACT6
0x380b9000 G_ACT7
0x000b9000 COMP
0x000b9040 COMP
0x000b9080 COMP
0x000b90c0 COMP
0x000b9100 COMP
0x000b9140 COMP
0x000b9180 COMP
0x000b91c0 COMP
0x000b9200 COMP
0x000b9240 COMP
0x000b9280 COMP
0x000b92c0 COMP
0x000b9300 COMP
0x000b9340 COMP
0x000b9380 COMP
0x000b93c0 COMP
0x000b9400 COMP
0x000b9440 COMP
0x000b9480 COMP
0x000b94c0 COMP
0x000b9500 COMP
0x000b9540 COMP
0x000b9580 COMP
0x000b95c0 COMP
0x000b9600 COMP
0x000b9640 COMP
0x000b9680 COMP
0x000b96c0 COMP
0x000b9700 COMP
0x000b9740 COMP
0x000b9780 COMP
0x000b97c0 COMP
READRES
0x000b9800 G_ACT0
0x080b9800 G_ACT1
0x100b9800 G_ACT2
0x180b9800 G_ACT3
0x200b9800 G_ACT4
0x280b9800 G_ACT5
0x300b9800 G_ACT6
0x380b9800 G_ACT7
0x000b9800 COMP
0x000b9840 COMP
0x000b9880 COMP
0x000b98c0 COMP
0x000b9900 COMP
0x000b9940 COMP
0x000b9980 COMP
0x000b99c0 COMP
0x000b9a00 COMP
0x000b9a40 COMP
0x000b9a80 COMP
0x000b9ac0 COMP
0x000b9b00 COMP
0x000b9b40 COMP
0x000b9b80 COMP
0x000b9bc0 COMP
0x000b9c00 COMP
0x000b9c40 COMP
0x000b9c80 COMP
0x000b9cc0 COMP
0x000b9d00 COMP
0x000b9d40 COMP
0x000b9d80 COMP
0x000b9dc0 COMP
0x000b9e00 COMP
0x000b9e40 COMP
0x000b9e80 COMP
0x000b9ec0 COMP
0x000b9f00 COMP
0x000b9f40 COMP
0x000b9f80 COMP
0x000b9fc0 COMP
READRES
0x000ba000 G_ACT0
0x080ba000 G_ACT1
0x100ba000 G_ACT2
0x180ba000 G_ACT3
0x200ba000 G_ACT4
0x280ba000 G_ACT5
0x300ba000 G_ACT6
0x380ba000 G_ACT7
0x000ba000 COMP
0x000ba040 COMP
0x000ba080 COMP
0x000ba0c0 COMP
0x000ba100 COMP
0x000ba140 COMP
0x000ba180 COMP
0x000ba1c0 COMP
0x000ba200 COMP
0x000ba240 COMP
0x000ba280 COMP
0x000ba2c0 COMP
0x000ba300 COMP
0x000ba340 COMP
0x000ba380 COMP
0x000ba3c0 COMP
0x000ba400 COMP
0x000ba440 COMP
0x000ba480 COMP
0x000ba4c0 COMP
0x000ba500 COMP
0x000ba540 COMP
0x000ba580 COMP
0x000ba5c0 COMP
0x000ba600 COMP
0x000ba640 COMP
0x000ba680 COMP
0x000ba6c0 COMP
0x000ba700 COMP
0x000ba740 COMP
0x000ba780 COMP
0x000ba7c0 COMP
READRES
0x000ba800 G_ACT0
0x080ba800 G_ACT1
0x100ba800 G_ACT2
0x180ba800 G_ACT3
0x200ba800 G_ACT4
0x280ba800 G_ACT5
0x300ba800 G_ACT6
0x380ba800 G_ACT7
0x000ba800 COMP
0x000ba840 COMP
0x000ba880 COMP
0x000ba8c0 COMP
0x000ba900 COMP
0x000ba940 COMP
0x000ba980 COMP
0x000ba9c0 COMP
0x000baa00 COMP
0x000baa40 COMP
0x000baa80 COMP
0x000baac0 COMP
0x000bab00 COMP
0x000bab40 COMP
0x000bab80 COMP
0x000babc0 COMP
0x000bac00 COMP
0x000bac40 COMP
0x000bac80 COMP
0x000bacc0 COMP
0x000bad00 COMP
0x000bad40 COMP
0x000bad80 COMP
0x000badc0 COMP
0x000bae00 COMP
0x000bae40 COMP
0x000bae80 COMP
0x000baec0 COMP
0x000baf00 COMP
0x000baf40 COMP
0x000baf80 COMP
0x000bafc0 COMP
READRES
0x000bb000 G_ACT0
0x080bb000 G_ACT1
0x100bb000 G_ACT2
0x180bb000 G_ACT3
0x200bb000 G_ACT4
0x280bb000 G_ACT5
0x300bb000 G_ACT6
0x380bb000 G_ACT7
0x000bb000 COMP
0x000bb040 COMP
0x000bb080 COMP
0x000bb0c0 COMP
0x000bb100 COMP
0x000bb140 COMP
0x000bb180 COMP
0x000bb1c0 COMP
0x000bb200 COMP
0x000bb240 COMP
0x000bb280 COMP
0x000bb2c0 COMP
0x000bb300 COMP
0x000bb340 COMP
0x000bb380 COMP
0x000bb3c0 COMP
0x000bb400 COMP
0x000bb440 COMP
0x000bb480 COMP
0x000bb4c0 COMP
0x000bb500 COMP
0x000bb540 COMP
0x000bb580 COMP
0x000bb5c0 COMP
0x000bb600 COMP
0x000bb640 COMP
0x000bb680 COMP
0x000bb6c0 COMP
0x000bb700 COMP
0x000bb740 COMP
0x000bb780 COMP
0x000bb7c0 COMP
READRES
0x000bb800 G_ACT0
0x080bb800 G_ACT1
0x100bb800 G_ACT2
0x180bb800 G_ACT3
0x200bb800 G_ACT4
0x280bb800 G_ACT5
0x300bb800 G_ACT6
0x380bb800 G_ACT7
0x000bb800 COMP
0x000bb840 COMP
0x000bb880 COMP
0x000bb8c0 COMP
0x000bb900 COMP
0x000bb940 COMP
0x000bb980 COMP
0x000bb9c0 COMP
0x000bba00 COMP
0x000bba40 COMP
0x000bba80 COMP
0x000bbac0 COMP
0x000bbb00 COMP
0x000bbb40 COMP
0x000bbb80 COMP
0x000bbbc0 COMP
0x000bbc00 COMP
0x000bbc40 COMP
0x000bbc80 COMP
0x000bbcc0 COMP
0x000bbd00 COMP
0x000bbd40 COMP
0x000bbd80 COMP
0x000bbdc0 COMP
0x000bbe00 COMP
0x000bbe40 COMP
0x000bbe80 COMP
0x000bbec0 COMP
0x000bbf00 COMP
0x000bbf40 COMP
0x000bbf80 COMP
0x000bbfc0 COMP
READRES
0x000bc000 G_ACT0
0x080bc000 G_ACT1
0x100bc000 G_ACT2
0x180bc000 G_ACT3
0x200bc000 G_ACT4
0x280bc000 G_ACT5
0x300bc000 G_ACT6
0x380bc000 G_ACT7
0x000bc000 COMP
0x000bc040 COMP
0x000bc080 COMP
0x000bc0c0 COMP
0x000bc100 COMP
0x000bc140 COMP
0x000bc180 COMP
0x000bc1c0 COMP
0x000bc200 COMP
0x000bc240 COMP
0x000bc280 COMP
0x000bc2c0 COMP
0x000bc300 COMP
0x000bc340 COMP
0x000bc380 COMP
0x000bc3c0 COMP
0x000bc400 COMP
0x000bc440 COMP
0x000bc480 COMP
0x000bc4c0 COMP
0x000bc500 COMP
0x000bc540 COMP
0x000bc580 COMP
0x000bc5c0 COMP
0x000bc600 COMP
0x000bc640 COMP
0x000bc680 COMP
0x000bc6c0 COMP
0x000bc700 COMP
0x000bc740 COMP
0x000bc780 COMP
0x000bc7c0 COMP
READRES
0x000bc800 G_ACT0
0x080bc800 G_ACT1
0x100bc800 G_ACT2
0x180bc800 G_ACT3
0x200bc800 G_ACT4
0x280bc800 G_ACT5
0x300bc800 G_ACT6
0x380bc800 G_ACT7
0x000bc800 COMP
0x000bc840 COMP
0x000bc880 COMP
0x000bc8c0 COMP
0x000bc900 COMP
0x000bc940 COMP
0x000bc980 COMP
0x000bc9c0 COMP
0x000bca00 COMP
0x000bca40 COMP
0x000bca80 COMP
0x000bcac0 COMP
0x000bcb00 COMP
0x000bcb40 COMP
0x000bcb80 COMP
0x000bcbc0 COMP
0x000bcc00 COMP
0x000bcc40 COMP
0x000bcc80 COMP
0x000bccc0 COMP
0x000bcd00 COMP
0x000bcd40 COMP
0x000bcd80 COMP
0x000bcdc0 COMP
0x000bce00 COMP
0x000bce40 COMP
0x000bce80 COMP
0x000bcec0 COMP
0x000bcf00 COMP
0x000bcf40 COMP
0x000bcf80 COMP
0x000bcfc0 COMP
READRES
0x000bd000 G_ACT0
0x080bd000 G_ACT1
0x100bd000 G_ACT2
0x180bd000 G_ACT3
0x200bd000 G_ACT4
0x280bd000 G_ACT5
0x300bd000 G_ACT6
0x380bd000 G_ACT7
0x000bd000 COMP
0x000bd040 COMP
0x000bd080 COMP
0x000bd0c0 COMP
0x000bd100 COMP
0x000bd140 COMP
0x000bd180 COMP
0x000bd1c0 COMP
0x000bd200 COMP
0x000bd240 COMP
0x000bd280 COMP
0x000bd2c0 COMP
0x000bd300 COMP
0x000bd340 COMP
0x000bd380 COMP
0x000bd3c0 COMP
0x000bd400 COMP
0x000bd440 COMP
0x000bd480 COMP
0x000bd4c0 COMP
0x000bd500 COMP
0x000bd540 COMP
0x000bd580 COMP
0x000bd5c0 COMP
0x000bd600 COMP
0x000bd640 COMP
0x000bd680 COMP
0x000bd6c0 COMP
0x000bd700 COMP
0x000bd740 COMP
0x000bd780 COMP
0x000bd7c0 COMP
READRES
0x000bd800 G_ACT0
0x080bd800 G_ACT1
0x100bd800 G_ACT2
0x180bd800 G_ACT3
0x200bd800 G_ACT4
0x280bd800 G_ACT5
0x300bd800 G_ACT6
0x380bd800 G_ACT7
0x000bd800 COMP
0x000bd840 COMP
0x000bd880 COMP
0x000bd8c0 COMP
0x000bd900 COMP
0x000bd940 COMP
0x000bd980 COMP
0x000bd9c0 COMP
0x000bda00 COMP
0x000bda40 COMP
0x000bda80 COMP
0x000bdac0 COMP
0x000bdb00 COMP
0x000bdb40 COMP
0x000bdb80 COMP
0x000bdbc0 COMP
0x000bdc00 COMP
0x000bdc40 COMP
0x000bdc80 COMP
0x000bdcc0 COMP
0x000bdd00 COMP
0x000bdd40 COMP
0x000bdd80 COMP
0x000bddc0 COMP
0x000bde00 COMP
0x000bde40 COMP
0x000bde80 COMP
0x000bdec0 COMP
0x000bdf00 COMP
0x000bdf40 COMP
0x000bdf80 COMP
0x000bdfc0 COMP
READRES
0x000be000 G_ACT0
0x080be000 G_ACT1
0x100be000 G_ACT2
0x180be000 G_ACT3
0x200be000 G_ACT4
0x280be000 G_ACT5
0x300be000 G_ACT6
0x380be000 G_ACT7
0x000be000 COMP
0x000be040 COMP
0x000be080 COMP
0x000be0c0 COMP
0x000be100 COMP
0x000be140 COMP
0x000be180 COMP
0x000be1c0 COMP
0x000be200 COMP
0x000be240 COMP
0x000be280 COMP
0x000be2c0 COMP
0x000be300 COMP
0x000be340 COMP
0x000be380 COMP
0x000be3c0 COMP
0x000be400 COMP
0x000be440 COMP
0x000be480 COMP
0x000be4c0 COMP
0x000be500 COMP
0x000be540 COMP
0x000be580 COMP
0x000be5c0 COMP
0x000be600 COMP
0x000be640 COMP
0x000be680 COMP
0x000be6c0 COMP
0x000be700 COMP
0x000be740 COMP
0x000be780 COMP
0x000be7c0 COMP
READRES
0x000be800 G_ACT0
0x080be800 G_ACT1
0x100be800 G_ACT2
0x180be800 G_ACT3
0x200be800 G_ACT4
0x280be800 G_ACT5
0x300be800 G_ACT6
0x380be800 G_ACT7
0x000be800 COMP
0x000be840 COMP
0x000be880 COMP
0x000be8c0 COMP
0x000be900 COMP
0x000be940 COMP
0x000be980 COMP
0x000be9c0 COMP
0x000bea00 COMP
0x000bea40 COMP
0x000bea80 COMP
0x000beac0 COMP
0x000beb00 COMP
0x000beb40 COMP
0x000beb80 COMP
0x000bebc0 COMP
0x000bec00 COMP
0x000bec40 COMP
0x000bec80 COMP
0x000becc0 COMP
0x000bed00 COMP
0x000bed40 COMP
0x000bed80 COMP
0x000bedc0 COMP
0x000bee00 COMP
0x000bee40 COMP
0x000bee80 COMP
0x000beec0 COMP
0x000bef00 COMP
0x000bef40 COMP
0x000bef80 COMP
0x000befc0 COMP
READRES
0x000bf000 G_ACT0
0x080bf000 G_ACT1
0x100bf000 G_ACT2
0x180bf000 G_ACT3
0x200bf000 G_ACT4
0x280bf000 G_ACT5
0x300bf000 G_ACT6
0x380bf000 G_ACT7
0x000bf000 COMP
0x000bf040 COMP
0x000bf080 COMP
0x000bf0c0 COMP
0x000bf100 COMP
0x000bf140 COMP
0x000bf180 COMP
0x000bf1c0 COMP
0x000bf200 COMP
0x000bf240 COMP
0x000bf280 COMP
0x000bf2c0 COMP
0x000bf300 COMP
0x000bf340 COMP
0x000bf380 COMP
0x000bf3c0 COMP
0x000bf400 COMP
0x000bf440 COMP
0x000bf480 COMP
0x000bf4c0 COMP
0x000bf500 COMP
0x000bf540 COMP
0x000bf580 COMP
0x000bf5c0 COMP
0x000bf600 COMP
0x000bf640 COMP
0x000bf680 COMP
0x000bf6c0 COMP
0x000bf700 COMP
0x000bf740 COMP
0x000bf780 COMP
0x000bf7c0 COMP
READRES
0x000bf800 G_ACT0
0x080bf800 G_ACT1
0x100bf800 G_ACT2
0x180bf800 G_ACT3
0x200bf800 G_ACT4
0x280bf800 G_ACT5
0x300bf800 G_ACT6
0x380bf800 G_ACT7
0x000bf800 COMP
0x000bf840 COMP
0x000bf880 COMP
0x000bf8c0 COMP
0x000bf900 COMP
0x000bf940 COMP
0x000bf980 COMP
0x000bf9c0 COMP
0x000bfa00 COMP
0x000bfa40 COMP
0x000bfa80 COMP
0x000bfac0 COMP
0x000bfb00 COMP
0x000bfb40 COMP
0x000bfb80 COMP
0x000bfbc0 COMP
0x000bfc00 COMP
0x000bfc40 COMP
0x000bfc80 COMP
0x000bfcc0 COMP
0x000bfd00 COMP
0x000bfd40 COMP
0x000bfd80 COMP
0x000bfdc0 COMP
0x000bfe00 COMP
0x000bfe40 COMP
0x000bfe80 COMP
0x000bfec0 COMP
0x000bff00 COMP
0x000bff40 COMP
0x000bff80 COMP
0x000bffc0 COMP
READRES